{
"type": "FeatureCollection",
"name": "area_estudo",
"crs": { "type": "name", "properties": { "name": "urn:ogc:def:crs:EPSG::31981" } },
"features": [
{ "type": "Feature", "properties": { "CD_MUN": "4301602", "NM_MUN": "Bagé", "CD_RGI": "430010", "NM_RGI": "Bagé", "CD_RGINT": "4302", "NM_RGINT": "Pelotas", "CD_UF": "43", "NM_UF": "Rio Grande do Sul", "SIGLA_UF": "RS", "CD_REGIAO": "4", "NM_REGIAO": "Sul", "SIGLA_RG": "S", "CD_CONCURB": "4301602", "NM_CONCURB": "Bagé/RS", "AREA_KM2": 4091.554 }, "geometry": { "type": "Polygon", "coordinates": [ [ [ 789732.285228240070865, 6527944.220329808071256 ], [ 789574.279358858941123, 6527531.409524684771895 ], [ 789434.31390361150261, 6527346.933895564638078 ], [ 789178.280700866016559, 6527145.708972480148077 ], [ 788952.915368341375142, 6527338.737109983339906 ], [ 788683.400377589510754, 6527230.86966036260128 ], [ 788223.697835807455704, 6527243.706243729218841 ], [ 788138.7324393754825, 6527149.032230602577329 ], [ 788153.185245919157751, 6527040.222346494905651 ], [ 788100.546810635132715, 6526934.458340913057327 ], [ 787881.08536998112686, 6526984.182301392778754 ], [ 787699.010779819684103, 6526955.116651143878698 ], [ 787751.089895900455303, 6526776.417174899950624 ], [ 787854.341054066200741, 6526682.612749410793185 ], [ 788009.128456551348791, 6526584.802683947607875 ], [ 788154.496878894045949, 6526372.633186345919967 ], [ 788164.870603206101805, 6526286.965172121301293 ], [ 788087.936162055120803, 6526196.964754302985966 ], [ 787267.611431000172161, 6525866.297297803685069 ], [ 787129.663790344726294, 6525788.776327516883612 ], [ 786883.269302434055135, 6525574.07580629363656 ], [ 786850.966678816825151, 6525420.913529144600034 ], [ 786941.191257380181924, 6525301.03776753693819 ], [ 786954.620660774642602, 6525217.485375669784844 ], [ 786800.718296125298366, 6524808.173999780789018 ], [ 786571.163702302030288, 6524576.303561030887067 ], [ 786271.325073423213325, 6524614.816123008728027 ], [ 786008.603052487131208, 6524568.433331614360213 ], [ 785872.584153423318639, 6524708.475813968107104 ], [ 785798.818487501121126, 6524730.81359401345253 ], [ 785751.966208831174299, 6524708.365542719140649 ], [ 785617.703161133802496, 6524681.402098588645458 ], [ 785441.10149966715835, 6524496.596624756231904 ], [ 785407.393087904434651, 6524461.313718251883984 ], [ 785495.014649069402367, 6524363.430425476282835 ], [ 785777.526062242453918, 6524130.2019969727844 ], [ 786052.393839586758986, 6523876.963371970690787 ], [ 786306.700721899978817, 6523490.552859744057059 ], [ 786545.651333676767536, 6523241.68923264183104 ], [ 786810.465009016916156, 6522909.835058210417628 ], [ 786971.899264419684187, 6522747.780125059187412 ], [ 787201.413005245383829, 6522553.018968192860484 ], [ 787672.891839476302266, 6522194.112489669583738 ], [ 788459.314686707686633, 6521935.101951422169805 ], [ 788883.339050584705546, 6521279.172953380271792 ], [ 788920.683574982685968, 6520752.441430252045393 ], [ 788930.453226085519418, 6520614.622588008642197 ], [ 788989.398751879110932, 6519782.382675906643271 ], [ 789023.423033937229775, 6519675.745667090639472 ], [ 789108.349580075824633, 6519534.490647835657001 ], [ 789384.130653224652633, 6519311.239645815454423 ], [ 789585.928467276738957, 6519065.582282767631114 ], [ 789763.300065091461875, 6518878.346444976516068 ], [ 789989.776210225885734, 6518671.362292595207691 ], [ 790969.220050891977735, 6517904.137047229334712 ], [ 791213.221169898984954, 6517792.662817031145096 ], [ 791610.050122076412663, 6517357.874373320490122 ], [ 791881.548003057017922, 6517010.608640061691403 ], [ 792411.448521227110177, 6516174.478701772168279 ], [ 792470.648216041270643, 6516022.099879326298833 ], [ 792486.079239473445341, 6515956.91326101962477 ], [ 792519.561738058924675, 6515815.855342881754041 ], [ 792406.598193646641448, 6515338.156062328256667 ], [ 792447.490121531998739, 6515080.468909537419677 ], [ 792278.10412027919665, 6514728.443186929449439 ], [ 792215.293341260403395, 6514679.203307645395398 ], [ 792006.421493976842612, 6514688.022466214373708 ], [ 791732.384598045493476, 6514821.653494997881353 ], [ 791597.595883913571015, 6514830.543064227327704 ], [ 791475.831509717972949, 6514675.507653187029064 ], [ 791143.406352980993688, 6513684.4817207865417 ], [ 791030.851252805558033, 6513317.089875302277505 ], [ 790951.441304523963481, 6513191.73391985706985 ], [ 790744.084199845325202, 6512974.286296303384006 ], [ 790081.334406087757088, 6512529.057621894404292 ], [ 789683.218408141750842, 6512510.018990114331245 ], [ 789636.84171556844376, 6512457.733799150213599 ], [ 789611.691757911117747, 6512230.291076643392444 ], [ 789494.171396315330639, 6512186.46621703915298 ], [ 789402.185571183334105, 6511890.380299609154463 ], [ 789234.263781056273729, 6511807.897549720481038 ], [ 789123.295075180358253, 6511798.715975137427449 ], [ 788999.999480346450582, 6511731.250260036438704 ], [ 788950.379873076803051, 6511749.986771117895842 ], [ 788919.655505829956383, 6511777.210995505563915 ], [ 788866.840834560571238, 6511770.274869287386537 ], [ 788824.133332222467288, 6511727.596591376699507 ], [ 788760.53607658110559, 6511722.446425832808018 ], [ 788721.947385185514577, 6511700.686189631000161 ], [ 788728.460054159397259, 6511656.042804230004549 ], [ 788688.679121563211083, 6511627.289861397817731 ], [ 788669.063194745918736, 6511589.37578602693975 ], [ 788629.235572130652145, 6511568.526456955820322 ], [ 788585.666769576957449, 6511570.178548547439277 ], [ 788561.888041453668848, 6511594.090279471129179 ], [ 788527.138552591437474, 6511594.487589018419385 ], [ 788501.234825943131, 6511569.877699172124267 ], [ 788446.309422531281598, 6511573.886211974546313 ], [ 788399.649341590935364, 6511543.602577386423945 ], [ 788406.921970597235486, 6511491.335635583847761 ], [ 788369.789284723694436, 6511498.380202097818255 ], [ 788326.50018466822803, 6511466.859695756807923 ], [ 788296.960627844324335, 6511420.829154573380947 ], [ 788262.962286050547846, 6511427.719941937364638 ], [ 788231.310862810583785, 6511412.558528995141387 ], [ 788213.239948261063546, 6511359.617376759648323 ], [ 788172.40566435130313, 6511356.608220834285021 ], [ 788149.723741953726858, 6511334.616533605381846 ], [ 788180.527051836485043, 6511310.233777255751193 ], [ 788179.249817174160853, 6511210.877760308794677 ], [ 788142.995544909732416, 6511214.578690560534596 ], [ 788139.563022955786437, 6511255.473574364557862 ], [ 788117.941966987680644, 6511259.768142268061638 ], [ 788014.317290283506736, 6511172.368624439463019 ], [ 787990.364576533902436, 6511124.01849342789501 ], [ 787935.068296462995932, 6511077.756521442905068 ], [ 787947.684165737824515, 6511022.978133577853441 ], [ 787910.053774208878167, 6510968.324775801971555 ], [ 787861.819371244404465, 6510951.789908485487103 ], [ 787830.135084256762639, 6510909.580240081995726 ], [ 787797.054763374617323, 6510803.479165690019727 ], [ 787713.715925377560779, 6510746.848522147163749 ], [ 787681.145632274448872, 6510696.283312144689262 ], [ 787620.159944110782817, 6510661.831195518374443 ], [ 787600.057278143009171, 6510568.267941263504326 ], [ 787562.078636076068506, 6510558.696016608737409 ], [ 787537.733157945098355, 6510492.575527818873525 ], [ 787562.627144976286218, 6510450.211016625165939 ], [ 787468.15845396835357, 6510356.804925416596234 ], [ 787449.425664644455537, 6510264.579943805932999 ], [ 787368.95694184594322, 6510229.699384248815477 ], [ 787280.223442973569036, 6510240.540904806926847 ], [ 787277.343473929446191, 6510294.649896001443267 ], [ 787223.84141112153884, 6510287.958378612995148 ], [ 787157.487534332787618, 6510199.434058624319732 ], [ 787097.450640200870112, 6510148.537887815386057 ], [ 787079.922839072998613, 6510094.681468585506082 ], [ 786979.494128985796124, 6510001.758015105500817 ], [ 786958.112414657603949, 6509888.828584453091025 ], [ 786889.291594445356168, 6509848.939698890782893 ], [ 786856.938314717495814, 6509750.84119504224509 ], [ 786729.747514603193849, 6509611.317259771749377 ], [ 786592.57304920302704, 6509547.927802061662078 ], [ 786414.927269773907028, 6509459.802162693813443 ], [ 786284.368024344556034, 6509408.602025844156742 ], [ 786245.285738765960559, 6509448.190647587180138 ], [ 786197.537767251487821, 6509455.176202656701207 ], [ 786136.762717761565, 6509396.815075127407908 ], [ 786091.292925356887281, 6509411.950587255880237 ], [ 786056.676874157972634, 6509399.961586995981634 ], [ 786058.960920017678291, 6509336.779948137700558 ], [ 785994.784921603859402, 6509307.512801526114345 ], [ 785934.512754317489453, 6509246.273368806578219 ], [ 785897.773804829921573, 6509196.118101085536182 ], [ 785900.108960989164189, 6509164.855243421159685 ], [ 785869.067986673442647, 6509132.079317975789309 ], [ 785869.773327334085479, 6509073.347413806244731 ], [ 785821.399426068644971, 6509053.001240130513906 ], [ 785808.773992931004614, 6509002.182934921234846 ], [ 785874.27520816330798, 6508944.866306164301932 ], [ 785903.558786860434338, 6508892.995696223340929 ], [ 785883.89280731161125, 6508805.70066244341433 ], [ 785830.232764337211847, 6508771.826291620731354 ], [ 785728.907750267768279, 6508672.058614179491997 ], [ 785617.788393423194066, 6508525.433877432718873 ], [ 785556.129483142867684, 6508447.394147326238453 ], [ 785477.594385566771962, 6508369.628889380022883 ], [ 785382.323375455103815, 6508315.241478975862265 ], [ 785287.917402087012306, 6508271.550925520248711 ], [ 785189.79453622980509, 6508212.245778895914555 ], [ 785090.821693835780025, 6508214.461066024377942 ], [ 784987.505105324438773, 6508185.496168484911323 ], [ 784876.167739359661937, 6508187.837527303025126 ], [ 784805.775364605360664, 6508158.21277436055243 ], [ 784752.307169626816176, 6508168.212406305596232 ], [ 784681.047423992771655, 6508146.468473826535046 ], [ 784636.70931124384515, 6508091.323605325073004 ], [ 784614.110634935786948, 6508040.588878557085991 ], [ 784564.392889223527163, 6508021.572909361682832 ], [ 784501.808311262750067, 6508065.261092935688794 ], [ 784418.096975867403671, 6508089.061021292582154 ], [ 784268.915846511954442, 6508096.99289339222014 ], [ 784173.769588016439229, 6508086.098457095213234 ], [ 784090.436832599807531, 6508102.205082756467164 ], [ 784048.368309244979173, 6508055.186780909076333 ], [ 784011.580829093931243, 6507953.707522508688271 ], [ 783962.236106983618811, 6507937.142528712749481 ], [ 783973.348414953215979, 6507721.725979624316096 ], [ 783961.005665155826136, 6507464.819887150079012 ], [ 783693.15296838292852, 6507246.145790465176105 ], [ 783469.547327693551779, 6506950.677722815424204 ], [ 780964.727686878060922, 6508629.66781266592443 ], [ 780929.395441092550755, 6508653.762435995042324 ], [ 780926.56151398003567, 6508697.710419274866581 ], [ 780935.388742502545938, 6508743.629558835178614 ], [ 781071.561215577996336, 6508878.855229642242193 ], [ 781189.213287130231038, 6508907.060153575614095 ], [ 781302.629757773247547, 6508946.299120809882879 ], [ 781391.66790421155747, 6508958.029194174334407 ], [ 781452.832137053483166, 6508993.675209978595376 ], [ 781670.401216147700325, 6509185.533922858536243 ], [ 781709.247370012104511, 6509245.156215878203511 ], [ 781729.869147574994713, 6509267.970645744353533 ], [ 781722.03487437881995, 6509303.764128247275949 ], [ 781549.388064461993054, 6509565.754017797298729 ], [ 781552.803930661873892, 6509609.399970469996333 ], [ 781659.065236108144745, 6509753.786372469738126 ], [ 781701.546594838378951, 6509822.943741299211979 ], [ 781952.547576390672475, 6510136.862638544291258 ], [ 781995.334196489071473, 6510215.755185961723328 ], [ 782231.014518737327307, 6510517.376630634069443 ], [ 782201.564008585293777, 6510628.426579900085926 ], [ 782197.564354044618085, 6510689.908964060246944 ], [ 782160.548368256306276, 6510746.781959637068212 ], [ 782109.137476601288654, 6510867.560888387262821 ], [ 782062.145278307958506, 6511013.534945386461914 ], [ 781752.360420117853209, 6510921.96511737536639 ], [ 781469.611504413420334, 6511119.198115080595016 ], [ 781352.411399896838702, 6511164.918273515067995 ], [ 781130.67460708366707, 6511227.134641021490097 ], [ 781025.836715595563874, 6511244.072155460715294 ], [ 780891.764364451635629, 6511592.790509234182537 ], [ 780852.886097308481112, 6511667.02120562735945 ], [ 780740.823941792594269, 6511879.211917549371719 ], [ 780381.127514610998333, 6512519.336769189685583 ], [ 780301.390498580178246, 6512656.29270357452333 ], [ 780073.82022699364461, 6512524.567403982393444 ], [ 779941.122976835817099, 6512680.168903844431043 ], [ 779785.898441617842764, 6512847.715856521390378 ], [ 779545.315003080293536, 6513114.615239777602255 ], [ 779360.181062566465698, 6513318.537528128363192 ], [ 779243.187600535107777, 6513477.801832891069353 ], [ 779217.149999530054629, 6513542.502037107013166 ], [ 779155.256658907630481, 6513618.97267297282815 ], [ 778876.516026880475692, 6513963.628934206441045 ], [ 778597.854565138346516, 6514265.358027625828981 ], [ 778449.95841551059857, 6514421.60859795846045 ], [ 778424.149403172777966, 6514802.334371127188206 ], [ 778352.810963464668021, 6515936.422303400933743 ], [ 778341.038432993809693, 6516148.228408187627792 ], [ 778222.096269523259252, 6516200.389444119296968 ], [ 777295.972907422459684, 6516646.035983286798 ], [ 776643.530685669393279, 6516959.930764241144061 ], [ 776174.503605248173699, 6517187.213488638401031 ], [ 776152.995698027662002, 6517218.95623917132616 ], [ 776062.822865584399551, 6517459.819862918928266 ], [ 775993.085876165190712, 6517677.802044961601496 ], [ 776065.572269394760951, 6517803.450400400906801 ], [ 776202.488550664158538, 6517992.135891054756939 ], [ 776254.424343204591423, 6518169.775894532911479 ], [ 776230.181021241936833, 6518347.679699260741472 ], [ 776257.229823036701418, 6518427.709536328911781 ], [ 776251.699542297050357, 6518459.617278177291155 ], [ 776167.508392520714551, 6518443.779386606067419 ], [ 776101.923917985172011, 6518411.201582201756537 ], [ 776035.476527789141983, 6518352.467072438448668 ], [ 775919.020620874362066, 6518349.199978477321565 ], [ 775719.155055637820624, 6518388.020926455035806 ], [ 775469.870267380028963, 6518536.154973508790135 ], [ 775315.161257880972698, 6518635.25541127845645 ], [ 775295.670063797035255, 6518701.100629564374685 ], [ 775095.671611469238997, 6518769.819952517747879 ], [ 774943.323540386860259, 6518741.741763083264232 ], [ 774847.256289868848398, 6518817.937612757086754 ], [ 774773.541026738821529, 6518831.320563338696957 ], [ 774722.844387694727629, 6518876.545809039846063 ], [ 774748.021200750255957, 6518950.590773399919271 ], [ 774732.787311546504498, 6519005.901931096799672 ], [ 774763.306669507874176, 6519072.148997021839023 ], [ 774709.409734789049253, 6519116.947826163843274 ], [ 774596.715484150219709, 6519154.89296208973974 ], [ 774470.066426452016458, 6519169.888227540999651 ], [ 774372.502822897164151, 6519206.456267759203911 ], [ 774210.240732927806675, 6519134.360273085534573 ], [ 774174.44738928892184, 6519063.179001592099667 ], [ 774111.820355609874241, 6519053.194287628866732 ], [ 774044.697690814035013, 6518988.328800801187754 ], [ 774018.649094027932733, 6518920.386865673586726 ], [ 773896.3734827717999, 6518794.124576759524643 ], [ 773741.702111515565775, 6518566.693394619971514 ], [ 773711.676829180447385, 6518479.446055481210351 ], [ 773720.478900995338336, 6518360.162968125194311 ], [ 773685.675438735866919, 6518211.173358420841396 ], [ 773613.177243856247514, 6517986.057182813994586 ], [ 773587.564126902609132, 6517736.129182008095086 ], [ 773484.739347514812835, 6517543.302170962095261 ], [ 773411.048834710381925, 6517483.266872161999345 ], [ 773392.848631858127192, 6517444.437311736866832 ], [ 773406.949217505869456, 6517416.890330848284066 ], [ 773433.351294461404905, 6517408.940481778234243 ], [ 773458.612300744047388, 6517364.732239903882146 ], [ 773545.861455863458104, 6517318.920301452279091 ], [ 773597.569709990406409, 6517193.828505982644856 ], [ 773612.294371218886226, 6517096.917486438527703 ], [ 773523.276332718553022, 6516977.648262622766197 ], [ 773382.195163667434826, 6516928.846671500243247 ], [ 773341.054910658742301, 6516879.34365173522383 ], [ 773194.167078605038114, 6516829.227106776088476 ], [ 773077.735749647952616, 6516771.586034554988146 ], [ 772989.704187800176442, 6516735.794307019561529 ], [ 772913.173811585875228, 6516703.962203487753868 ], [ 772845.177431520773098, 6516617.607300220057368 ], [ 772845.304334427462891, 6516536.305349245667458 ], [ 772863.422641368932091, 6516435.467384085990489 ], [ 772864.560618828283623, 6516326.295853996649384 ], [ 772820.38502382452134, 6516220.60745489411056 ], [ 772764.523418395081535, 6516188.156012881547213 ], [ 772720.859728289302438, 6516156.51710600219667 ], [ 772712.258766673505306, 6516087.73930668272078 ], [ 772734.107564787031151, 6515992.052947826683521 ], [ 772681.828320412430912, 6515945.580388065427542 ], [ 772627.763399786548689, 6515880.64407710917294 ], [ 772557.011813085060567, 6515889.818606635555625 ], [ 772514.24499061552342, 6515834.562788089737296 ], [ 772446.629270245553926, 6515824.67831065133214 ], [ 772380.513785948511213, 6515824.874886234290898 ], [ 772331.621915723313577, 6515779.799300932325423 ], [ 772324.229564651614055, 6515723.685074259527028 ], [ 772419.975565996952355, 6515579.027203080244362 ], [ 772477.479706849670038, 6515450.715605182573199 ], [ 772473.630174077814445, 6515347.866993026807904 ], [ 772385.508957130485214, 6515258.252126740291715 ], [ 772312.717019585659727, 6515257.979488229379058 ], [ 772216.146625876659527, 6515174.365840429440141 ], [ 772155.474186109611765, 6515086.717787386849523 ], [ 772097.060976496664807, 6514938.031208021566272 ], [ 772109.933761300053447, 6514824.90279498603195 ], [ 772100.331757497857325, 6514766.80431870277971 ], [ 772032.836020598653704, 6514666.150509476661682 ], [ 772009.189015583600849, 6514568.080291571095586 ], [ 771983.905833870870993, 6514504.23221468552947 ], [ 772016.094602520344779, 6514465.372709898278117 ], [ 772011.128744662506506, 6514400.128597777336836 ], [ 772012.823075013817288, 6514296.369646227918565 ], [ 771995.18089970946312, 6514243.940902038477361 ], [ 772037.684396958560683, 6514212.591063559055328 ], [ 772033.375077601638623, 6514157.9276476604864 ], [ 771990.27309774630703, 6514101.147809181362391 ], [ 771919.696892332984135, 6514071.396608185954392 ], [ 771837.671499142656103, 6514044.973306849598885 ], [ 771646.967555074603297, 6513977.317234572954476 ], [ 771552.259194020647556, 6513933.844387505203485 ], [ 771492.962308044079691, 6513924.781231460161507 ], [ 771519.102373958565295, 6513871.343818929046392 ], [ 771530.194599778973497, 6513794.117837375029922 ], [ 771557.412480831262656, 6513728.056852574460208 ], [ 771546.918206870672293, 6513675.729765711352229 ], [ 771500.427874576533213, 6513651.140824347734451 ], [ 771445.063568938989192, 6513636.726064078509808 ], [ 771428.846259878133424, 6513587.011650888249278 ], [ 771404.222284553106874, 6513550.078318006359041 ], [ 771399.491134328767657, 6513489.688674094155431 ], [ 771438.887593454681337, 6513478.219462223351002 ], [ 771439.716268263990059, 6513434.119832653552294 ], [ 771359.45728744356893, 6513396.039653722196817 ], [ 771259.34937873436138, 6513394.386403201147914 ], [ 771141.62686088681221, 6513428.080300527624786 ], [ 770961.865923810750246, 6513440.804455060511827 ], [ 770796.744646224658936, 6513416.002742424607277 ], [ 770640.684622499276884, 6513369.86740824021399 ], [ 770583.227592870709486, 6513307.729689080268145 ], [ 770522.283780263736844, 6513190.052535708993673 ], [ 770254.643819103017449, 6513088.306254423223436 ], [ 770152.497930249432102, 6513003.167984819039702 ], [ 769933.265453164814971, 6512917.003460729494691 ], [ 769802.418353453511372, 6512884.462648291140795 ], [ 769674.457190648419783, 6512802.863276444375515 ], [ 769587.183475419064052, 6512827.583751539699733 ], [ 769546.049877991899848, 6512807.897318812087178 ], [ 769466.324102445272729, 6512749.493459837511182 ], [ 769424.98652352206409, 6512759.751576307229698 ], [ 769381.925440851133317, 6512787.931368628516793 ], [ 769316.126707525225356, 6512808.365296013653278 ], [ 769207.182555209146813, 6512835.363058315590024 ], [ 769161.335588550544344, 6512827.171438521705568 ], [ 769109.82909420481883, 6512846.879412828013301 ], [ 769085.437484972877428, 6512787.264419748447835 ], [ 769032.902401480940171, 6512762.377741347998381 ], [ 769052.526066379039548, 6512718.825541764497757 ], [ 769050.694512439193204, 6512678.124835338443518 ], [ 768981.204142785514705, 6512684.847451142035425 ], [ 768947.112118229735643, 6512636.191400293260813 ], [ 768919.214144957019016, 6512547.171022471040487 ], [ 768911.590128161013126, 6512479.521206329576671 ], [ 768870.9935862661805, 6512471.681118618696928 ], [ 768825.4048890278209, 6512511.342633897438645 ], [ 768727.494364513549954, 6512563.784445883706212 ], [ 768658.698806036263704, 6512616.561458464711905 ], [ 768619.727939002681524, 6512611.663483425974846 ], [ 768615.666710352175869, 6512568.87867977283895 ], [ 768644.704002649057657, 6512536.325649380683899 ], [ 768644.068410072475672, 6512494.007291026413441 ], [ 768616.115380338975228, 6512456.544080903753638 ], [ 768574.285065985284746, 6512453.939158180728555 ], [ 768492.737753808614798, 6512473.886487647891045 ], [ 768482.544741086894646, 6512532.163995808921754 ], [ 768436.305168589111418, 6512604.542995495721698 ], [ 768376.336453016381711, 6512636.816364644095302 ], [ 768313.208327929489315, 6512672.699586793780327 ], [ 768240.871080652112141, 6512709.907150728628039 ], [ 768209.724433534080163, 6512683.899529054760933 ], [ 768210.986564536811784, 6512634.707851719111204 ], [ 768187.18702647916507, 6512612.250552210956812 ], [ 768154.640342574566603, 6512629.334730047732592 ], [ 768160.322201005415991, 6512686.381656426936388 ], [ 768137.86150177102536, 6512738.061228881590068 ], [ 768100.262228311039507, 6512750.237337005324662 ], [ 768101.349132034694776, 6512796.139265961945057 ], [ 768142.505719426553696, 6512819.437013275921345 ], [ 768179.850921383360401, 6512860.887394164688885 ], [ 768152.433322128839791, 6512891.066837168298662 ], [ 768098.138682295102626, 6512926.643347833305597 ], [ 768125.482199727324769, 6513024.301834926009178 ], [ 768170.985733541892841, 6513094.871228341013193 ], [ 768208.684070934192277, 6513161.069607487879694 ], [ 768163.9008112604497, 6513237.759344225749373 ], [ 768076.634360081981868, 6513323.199384415522218 ], [ 767919.344430898083374, 6513340.175142692402005 ], [ 767736.371255381265655, 6513313.232925642281771 ], [ 767572.720617611310445, 6513199.236061620526016 ], [ 767468.770187378395349, 6513132.130011048167944 ], [ 767418.546356712002307, 6513147.86798533052206 ], [ 767306.004565765731968, 6513005.700545970350504 ], [ 767220.461473908741027, 6512855.726226748898625 ], [ 767175.676007497124374, 6512748.360245529562235 ], [ 767146.996518591302447, 6512624.945521589368582 ], [ 767160.541649658000097, 6512585.470722233876586 ], [ 767138.655671530636027, 6512534.465642020106316 ], [ 767190.491394158569165, 6512486.795252226293087 ], [ 767186.557290657656267, 6512397.97774314135313 ], [ 767114.509913264773786, 6512250.863595164380968 ], [ 767049.249861324089579, 6512174.771848163567483 ], [ 766946.23293606156949, 6512125.747725093737245 ], [ 766858.407521835528314, 6512135.911667330190539 ], [ 766742.490210968535393, 6512177.832347532734275 ], [ 766576.576256643980742, 6512211.943931279703975 ], [ 766446.483292297692969, 6512201.980849258601665 ], [ 766390.526894185459241, 6512140.705539301037788 ], [ 766376.794862834038213, 6512054.802288193255663 ], [ 766471.403822540654801, 6511893.298165358603001 ], [ 766450.930338073521852, 6511804.438269297592342 ], [ 766399.042991647613235, 6511715.96081733237952 ], [ 766377.428136551519856, 6511651.198825295083225 ], [ 766320.189232548233122, 6511668.986964942887425 ], [ 766304.296971345320344, 6511734.952950997278094 ], [ 766248.349688275018707, 6511770.173790728673339 ], [ 766227.061772631364875, 6511812.197792947292328 ], [ 766167.546819135779515, 6511802.001874803565443 ], [ 766107.662914230953902, 6511769.932404660619795 ], [ 766065.016482274164446, 6511800.684132604859769 ], [ 765985.764511631568894, 6511835.555961556732655 ], [ 765899.693864047760144, 6511821.265588337555528 ], [ 765832.08870707731694, 6511773.124171040952206 ], [ 765851.4124262817204, 6511723.383626131340861 ], [ 765916.1892057613004, 6511699.535430839285254 ], [ 765931.200746449176222, 6511601.989452195353806 ], [ 765904.327774632140063, 6511535.230564892292023 ], [ 765916.980328635545447, 6511475.606679147109389 ], [ 765904.663473582128063, 6511426.319294753484428 ], [ 765852.321254121605307, 6511438.875332089141011 ], [ 765787.693026216584258, 6511484.857313427142799 ], [ 765701.085818203398958, 6511576.408010562881827 ], [ 765582.00467565539293, 6511633.188582526519895 ], [ 765444.609159907093272, 6511708.566674180328846 ], [ 765360.355849308543839, 6511697.221753377467394 ], [ 765233.020670285564847, 6511655.948118837550282 ], [ 765185.743419760139659, 6511592.714972618035972 ], [ 765194.224289698991925, 6511517.718909105286002 ], [ 765137.507370319101028, 6511442.941581325605512 ], [ 765072.296563235926442, 6511423.230801461264491 ], [ 765045.481935962103307, 6511384.654078222811222 ], [ 765071.514061975409277, 6511336.897098823450506 ], [ 765045.957819821313024, 6511284.262253418564796 ], [ 764990.60045781545341, 6511253.824914136901498 ], [ 764886.542056486825459, 6511253.833330460824072 ], [ 764818.515003110514954, 6511236.21237850561738 ], [ 764778.774168805452064, 6511186.146213764324784 ], [ 764797.779966500937007, 6511123.033572303131223 ], [ 764877.430840738350525, 6511098.713268773630261 ], [ 764892.966973954346031, 6511051.334870830178261 ], [ 764834.379674918018281, 6511011.591379560530186 ], [ 764765.583249607938342, 6511046.986996460705996 ], [ 764717.884920282056555, 6511126.930685600265861 ], [ 764626.16787611017935, 6511151.212592843919992 ], [ 764589.130122253904119, 6511085.885901996865869 ], [ 764615.814050570013933, 6510995.68038740567863 ], [ 764519.051992274704389, 6510949.371505896560848 ], [ 764405.208764290669933, 6510925.589084735140204 ], [ 764388.729333563707769, 6510858.474388400092721 ], [ 764321.081520625622943, 6510781.541050808504224 ], [ 764254.908671112847514, 6510760.019190131686628 ], [ 764204.7791117366869, 6510700.505641891621053 ], [ 764194.473944276687689, 6510628.262727113440633 ], [ 764144.138004575157538, 6510561.707923607900739 ], [ 764064.742429460864514, 6510529.668362263590097 ], [ 764030.16954394557979, 6510465.353946859017015 ], [ 764006.214505065698177, 6510386.377827698364854 ], [ 763946.872454308206216, 6510349.567507850006223 ], [ 763903.446333811734803, 6510362.287318835034966 ], [ 763900.175977631937712, 6510429.359783971682191 ], [ 763849.940593401319347, 6510436.370936060324311 ], [ 763810.798948997398838, 6510357.524464127607644 ], [ 763811.389444426866248, 6510284.472452715970576 ], [ 763848.083821813110262, 6510215.498125007376075 ], [ 763778.537546005100012, 6510168.348673236556351 ], [ 763756.154428285779431, 6510108.906508047133684 ], [ 763767.253646701923572, 6510029.274119014851749 ], [ 763782.104140409035608, 6509962.252029985189438 ], [ 763729.450524999760091, 6509901.546840485185385 ], [ 763680.872441132552922, 6509928.83303258381784 ], [ 763629.178659931058064, 6509991.473621682263911 ], [ 763572.186533742002212, 6509970.725078840740025 ], [ 763506.383055480662733, 6509935.363519823178649 ], [ 763456.218156026909128, 6509973.585513407364488 ], [ 763393.152294630883262, 6509969.357137257233262 ], [ 763351.286689440603368, 6509929.526861857622862 ], [ 763329.914732246659696, 6509876.117086481302977 ], [ 763261.289535944117233, 6509811.087103773839772 ], [ 763222.955412161303684, 6509813.84389446862042 ], [ 763190.574767156504095, 6509874.184602273628116 ], [ 763162.501463696011342, 6509951.116302917711437 ], [ 763082.198657218948938, 6509981.721071284264326 ], [ 763025.402995634125546, 6509961.16441423073411 ], [ 762967.899844155181199, 6509924.646533271297812 ], [ 762878.904786753817461, 6509939.313116397708654 ], [ 762799.565125541994348, 6509981.720047927461565 ], [ 762657.877750201150775, 6510004.67332442291081 ], [ 762560.234693207312375, 6510021.73035429045558 ], [ 762434.541819748585112, 6510095.785989420488477 ], [ 762374.236551518086344, 6510072.47373912204057 ], [ 762367.439649145817384, 6509986.548658249899745 ], [ 762380.806528491550125, 6509892.025677096098661 ], [ 762284.580575262196362, 6509829.916447473689914 ], [ 762196.004984033177607, 6509841.215525541454554 ], [ 762050.094370303093456, 6509852.305247546173632 ], [ 761960.691707868827507, 6509836.814447954297066 ], [ 761905.317819432704709, 6509857.849481160752475 ], [ 761705.074829590274021, 6509823.342909200116992 ], [ 761539.925054121180438, 6509931.580231036990881 ], [ 761471.934212017105892, 6509927.974612109363079 ], [ 761356.465551332687028, 6509988.066868636757135 ], [ 761317.504356341087259, 6510054.413770537823439 ], [ 761097.302003198885359, 6510055.638411835767329 ], [ 761038.673913603182882, 6509982.709850590676069 ], [ 760932.091576067265123, 6510038.290962714701891 ], [ 760827.537133875768632, 6510050.445010179653764 ], [ 760734.073949953075498, 6510090.581939566880465 ], [ 760361.36061814322602, 6510273.739309867843986 ], [ 759939.004198816139251, 6510371.317922204732895 ], [ 759580.019783690571785, 6510489.878049701452255 ], [ 759101.731185621814802, 6510647.592341316863894 ], [ 758932.813632406643592, 6510716.665180676616728 ], [ 758856.095162237761542, 6510723.046020083129406 ], [ 758776.77029839262832, 6510684.263899493962526 ], [ 758718.046072257915512, 6510604.202313231304288 ], [ 758715.240367786725983, 6510523.493371173739433 ], [ 758754.60237000673078, 6510457.269995772279799 ], [ 758793.154559159884229, 6510382.589230956509709 ], [ 758809.008655008277856, 6510304.955602231435478 ], [ 758796.438538520946167, 6510206.247722469270229 ], [ 758707.438318682834506, 6510179.978303237818182 ], [ 758588.706058683688752, 6510138.469168595038354 ], [ 758502.417398575344123, 6510048.373266087844968 ], [ 758487.618058652849868, 6509992.184934278950095 ], [ 758384.680134573834948, 6509905.242703539319336 ], [ 758314.204769092029892, 6509875.702729802578688 ], [ 758211.803850392345339, 6509898.34029396623373 ], [ 758166.779655998107046, 6509875.490781757980585 ], [ 758145.744808099465445, 6509822.286383198574185 ], [ 758171.311141274636611, 6509768.934959746897221 ], [ 758208.987239161040634, 6509681.906188467517495 ], [ 758257.676466088392772, 6509626.53786419518292 ], [ 758237.030877421377227, 6509598.966702916659415 ], [ 758154.590186022454873, 6509581.262759258970618 ], [ 758089.485336169600487, 6509586.462713366374373 ], [ 758067.326327038812451, 6509538.867374788969755 ], [ 757917.454592952388339, 6509486.939492284320295 ], [ 757838.384517905069515, 6509482.819741274230182 ], [ 757825.403744254261255, 6509403.97225567791611 ], [ 757839.892487059463747, 6509360.017163421958685 ], [ 757895.303669492830522, 6509359.530722670257092 ], [ 757953.034273693803698, 6509305.026961284689605 ], [ 757970.440496246912517, 6509250.735508824698627 ], [ 757948.641440743580461, 6509217.988523492589593 ], [ 757904.307049375260249, 6509228.941435357555747 ], [ 757864.814913838403299, 6509223.973477544263005 ], [ 757899.241784841869958, 6509169.959085054695606 ], [ 757943.645037419162691, 6509145.700444838963449 ], [ 757974.401552052935585, 6509072.880417603999376 ], [ 757945.763050876557827, 6509014.993325937539339 ], [ 757892.573077715002, 6508965.093984453938901 ], [ 757886.772851487156004, 6508860.004078971222043 ], [ 757847.862683162325993, 6508817.129162369295955 ], [ 757817.355267275124788, 6508752.430893359705806 ], [ 757782.815233537694439, 6508738.585299259051681 ], [ 757776.862619976978749, 6508677.139443164691329 ], [ 757730.671962272608653, 6508680.215361939743161 ], [ 757738.673227476538159, 6508629.941120788455009 ], [ 757722.499845516053028, 6508586.735133087262511 ], [ 757686.81610631919466, 6508573.882977165281773 ], [ 757674.381833535502665, 6508610.197426851838827 ], [ 757618.442813233006746, 6508608.010926067829132 ], [ 757596.122149991570041, 6508566.01123726554215 ], [ 757610.659737081965432, 6508535.558894759044051 ], [ 757591.824481523944996, 6508486.160632541403174 ], [ 757533.033948848256841, 6508465.902596026659012 ], [ 757506.1522563372273, 6508508.322397884912789 ], [ 757513.025180439348333, 6508567.082459207624197 ], [ 757348.174535024911165, 6508564.740210045129061 ], [ 757312.355342860566452, 6508534.869096769019961 ], [ 757263.43437150795944, 6508550.482335226610303 ], [ 757221.420013705850579, 6508545.241739246994257 ], [ 757164.906429646420293, 6508514.805895648896694 ], [ 757127.920376251684502, 6508544.547851204872131 ], [ 757098.119856400880963, 6508534.732750044204295 ], [ 757061.561931863194332, 6508507.619794740341604 ], [ 757020.037633206113242, 6508513.728444985114038 ], [ 756977.531599188921973, 6508534.718532869592309 ], [ 756965.194855730282143, 6508491.638735703192651 ], [ 756976.720025869901292, 6508432.301732921972871 ], [ 756957.519718941766769, 6508370.695102511905134 ], [ 756887.710899971425533, 6508347.521453387103975 ], [ 756900.499934622552246, 6508239.719952917657793 ], [ 756887.83665870805271, 6508180.714542374946177 ], [ 756891.885063169407658, 6508103.032336475327611 ], [ 756864.722300647641532, 6508018.764961422421038 ], [ 756836.924634110415354, 6507966.092003934085369 ], [ 756854.594741232926026, 6507888.15085047390312 ], [ 756940.433024623896927, 6507837.906364478170872 ], [ 757019.55704330932349, 6507782.501129059121013 ], [ 757072.905964548583142, 6507763.161939464509487 ], [ 757107.3770086474251, 6507708.705039509572089 ], [ 757099.655155782587826, 6507648.95616490021348 ], [ 757085.749105627997778, 6507573.937013512477279 ], [ 757085.127646329579875, 6507491.964968387037516 ], [ 757098.062251001014374, 6507421.707647316157818 ], [ 757090.370669850963168, 6507371.245263253338635 ], [ 757045.193678105599247, 6507321.321874784305692 ], [ 756945.595991600072011, 6507232.288660571910441 ], [ 756856.510443186154589, 6507120.203877313062549 ], [ 756837.428091870155185, 6507059.049191472120583 ], [ 756847.331334690214135, 6506941.865097642876208 ], [ 756891.814627650892362, 6506855.071919867768884 ], [ 756964.151338678901084, 6506766.457795918919146 ], [ 756981.418641912168823, 6506718.107584606856108 ], [ 756945.955803913762793, 6506666.634401094168425 ], [ 756893.730431888950989, 6506668.158995978534222 ], [ 756842.218332594959065, 6506731.203368797898293 ], [ 756753.259643796365708, 6506691.337907718494534 ], [ 756672.501098364591599, 6506643.735063446685672 ], [ 756510.682768946047872, 6506576.640880288556218 ], [ 756390.221787880640477, 6506494.210075438022614 ], [ 756304.583855449222028, 6506470.536712101660669 ], [ 756288.399341470794752, 6506502.792118471115828 ], [ 756258.682156211696565, 6506508.795759052038193 ], [ 756144.618813186069019, 6506465.272855004295707 ], [ 755850.957105465116911, 6506280.508522655814886 ], [ 755623.638990220148116, 6506135.169618535786867 ], [ 755534.470473516150378, 6506059.693490395322442 ], [ 755463.781799798365682, 6506041.304718490689993 ], [ 755416.874639074783772, 6506069.997986642643809 ], [ 755407.864501156960614, 6506132.877197630703449 ], [ 755401.991118403617293, 6506201.99272977001965 ], [ 755368.568644947838038, 6506228.856188355013728 ], [ 755305.84193070163019, 6506232.894708525389433 ], [ 755242.63980106683448, 6506203.280109871178865 ], [ 755138.657583691878244, 6506094.023313693702221 ], [ 755051.361756814178079, 6505952.24492078460753 ], [ 754991.828706266707741, 6505782.888366682454944 ], [ 754917.075568491010927, 6505704.845587264746428 ], [ 754844.866518237395212, 6505701.003406880423427 ], [ 754793.707400134531781, 6505729.487530801445246 ], [ 754740.783026712015271, 6505712.744293503463268 ], [ 754707.858850998687558, 6505654.545032338239253 ], [ 754717.849311359692365, 6505590.821593701839447 ], [ 754764.794230143306777, 6505532.71583397500217 ], [ 754795.529052682919428, 6505453.670552808791399 ], [ 754759.018181754741818, 6505384.031061014160514 ], [ 754703.964889187831432, 6505213.420652745291591 ], [ 754698.336129115428776, 6505024.244074023328722 ], [ 754708.849743001977913, 6504763.481438752263784 ], [ 754631.136175518622622, 6504526.819369195960462 ], [ 754565.094488114584237, 6504341.021834937855601 ], [ 754492.908188758883625, 6504229.604842727072537 ], [ 754342.263917298521847, 6504069.31438734382391 ], [ 754255.019272931036539, 6504051.901429820805788 ], [ 754085.566515685175546, 6503915.435981698334217 ], [ 753960.888637155527249, 6503782.443944791331887 ], [ 753868.66033800074365, 6503758.437110532075167 ], [ 753765.369976449292153, 6503793.262709334492683 ], [ 753715.500958661432378, 6503888.583946531638503 ], [ 753723.701008231728338, 6504012.62110860645771 ], [ 753683.455109361209907, 6504039.990265994332731 ], [ 753543.653395646251738, 6503986.119825435802341 ], [ 753386.844989906414412, 6503901.34002002608031 ], [ 753232.962739746086299, 6503754.173925738781691 ], [ 753188.041349118808284, 6503669.723123183473945 ], [ 753220.640096485614777, 6503616.27922822535038 ], [ 753287.668508055852726, 6503592.230345555581152 ], [ 753395.291241907747462, 6503546.973651638254523 ], [ 753465.552866500918753, 6503476.820039287209511 ], [ 753483.005351865314879, 6503382.824497705325484 ], [ 753452.06979653914459, 6503334.715134288184345 ], [ 753370.920598027063534, 6503326.178354048170149 ], [ 753291.771462020231411, 6503376.997904484160244 ], [ 753207.653025869512931, 6503409.108845202252269 ], [ 753152.825562989455648, 6503350.741317029111087 ], [ 753174.248969848966226, 6503292.088897868990898 ], [ 753260.46185016608797, 6503237.635991701856256 ], [ 753301.699367947061546, 6503182.893416577018797 ], [ 753280.561631831340492, 6503030.245897382497787 ], [ 753304.682967537897639, 6502966.223497627303004 ], [ 753366.356252399506047, 6502966.947769334539771 ], [ 753440.793936271220446, 6503024.757451962679625 ], [ 753537.311772952671163, 6503069.134026668965816 ], [ 753623.861714639584534, 6503033.276882823556662 ], [ 753701.692862294032238, 6502926.786550836637616 ], [ 753749.078742230194621, 6502833.855651088058949 ], [ 753603.336542007396929, 6502654.485726904124022 ], [ 753416.551047397777438, 6502525.392554884776473 ], [ 753242.879347261390649, 6502445.773313522338867 ], [ 753155.311681013205089, 6502339.35152196418494 ], [ 753136.718134653638117, 6502234.419372068718076 ], [ 753048.61721038131509, 6502156.248182164505124 ], [ 752799.255215584649704, 6502059.772684663534164 ], [ 752604.250604135682806, 6502047.8029510602355 ], [ 752444.37129547924269, 6502092.10558676160872 ], [ 752137.933159873820841, 6502230.264671470969915 ], [ 751969.2163745414, 6502301.137254605069757 ], [ 751895.479479835368693, 6502293.896509580314159 ], [ 751771.283187612891197, 6502305.932505654171109 ], [ 751662.512180187157355, 6502372.027031419798732 ], [ 751600.702219756669365, 6502455.532911589369178 ], [ 751571.139924804214388, 6502541.895613856613636 ], [ 751522.789653745712712, 6502547.950074562802911 ], [ 751457.443118209717795, 6502493.491324228234589 ], [ 751373.832946997019462, 6502436.689879866316915 ], [ 751296.835058880853467, 6502462.643684634938836 ], [ 751177.82328830123879, 6502542.561570232734084 ], [ 751092.087259066989645, 6502578.766653027385473 ], [ 751102.620981174055487, 6502521.104103342629969 ], [ 751039.092155081336387, 6502465.899921182543039 ], [ 750983.871308924281038, 6502508.300204971805215 ], [ 750928.761261276435107, 6502448.109597524628043 ], [ 750852.291504123946652, 6502413.067061508074403 ], [ 750760.385102531290613, 6502477.290185881778598 ], [ 750712.322496232576668, 6502479.517108746804297 ], [ 750701.992260853294283, 6502438.791622828692198 ], [ 750708.718307254137471, 6502381.876292304135859 ], [ 750673.933976226602681, 6502368.770111735910177 ], [ 750673.169427807908505, 6502332.418005781248212 ], [ 750645.871202641515993, 6502324.489884471520782 ], [ 750616.701635991455987, 6502295.714360177516937 ], [ 750582.894317068741657, 6502293.546508520841599 ], [ 750557.226339872460812, 6502253.624181078746915 ], [ 750521.398385827429593, 6502194.530353674665093 ], [ 750487.194544958532788, 6502133.455524206161499 ], [ 750457.099204553174786, 6502101.306813323870301 ], [ 750392.758422356797382, 6502149.904555548913777 ], [ 750355.141090148827061, 6502111.058059008792043 ], [ 750315.094439873821102, 6502142.725415989756584 ], [ 750292.257131281425245, 6502115.749048772267997 ], [ 750293.069960242370144, 6502068.751820206642151 ], [ 750277.398986450862139, 6502019.944411964155734 ], [ 750239.133376365411095, 6502008.119228359311819 ], [ 750193.071698799030855, 6501986.895629099570215 ], [ 750165.912006348720752, 6501995.284224970266223 ], [ 750152.118278112728149, 6502031.366040717810392 ], [ 750121.168780348962173, 6502046.048192411661148 ], [ 750104.553561134613119, 6502025.789411222562194 ], [ 750083.362115326337516, 6502016.225880835205317 ], [ 750054.981436928850599, 6502022.823983576148748 ], [ 750024.12769510038197, 6502013.9038196047768 ], [ 750037.554982792818919, 6501977.575852032750845 ], [ 750025.338762323488481, 6501958.952871922403574 ], [ 749985.178880415041931, 6501959.53262950014323 ], [ 749935.559104247367941, 6501939.991440082900226 ], [ 749901.576028410112485, 6501927.70681618899107 ], [ 749867.745429373113438, 6501902.037494655698538 ], [ 749879.114730386645533, 6501878.430167471989989 ], [ 749892.118665711255744, 6501848.170639622956514 ], [ 749868.766467290231958, 6501832.467611214146018 ], [ 749874.415706744650379, 6501813.480595963075757 ], [ 749884.641215676325373, 6501796.802081603556871 ], [ 749876.395220259902999, 6501780.147021556273103 ], [ 749848.296849221456796, 6501777.151474850252271 ], [ 749831.705256724846549, 6501765.324184248223901 ], [ 749831.977136226720177, 6501741.129903350025415 ], [ 749836.927291771396995, 6501717.566298724152148 ], [ 749816.175305841956288, 6501704.130548191256821 ], [ 749795.667388856294565, 6501717.384141984395683 ], [ 749786.422541905078106, 6501755.85227541346103 ], [ 749765.668238928541541, 6501764.007901050150394 ], [ 749751.651511132018641, 6501743.941254705190659 ], [ 749718.49235164327547, 6501725.212094714865088 ], [ 749715.040262107620947, 6501757.360577182844281 ], [ 749711.533937123254873, 6501787.258019579574466 ], [ 749703.611710947821848, 6501815.985828337259591 ], [ 749727.0991968405433, 6501830.2213682718575 ], [ 749742.062646558973938, 6501853.316454263404012 ], [ 749714.281699326005764, 6501861.141877910122275 ], [ 749680.777825913857669, 6501855.324677878990769 ], [ 749666.895500607322901, 6501903.168847599998116 ], [ 749643.710485373972915, 6501928.724615322425961 ], [ 749608.434400278492831, 6501908.470505211502314 ], [ 749580.820927153108642, 6501866.041070865467191 ], [ 749594.641756189754233, 6501840.488912800326943 ], [ 749592.967216206598096, 6501813.13500334136188 ], [ 749545.321215076139197, 6501808.456601590849459 ], [ 749528.646615529549308, 6501763.167545545846224 ], [ 749489.534816840197891, 6501760.691229950636625 ], [ 749450.637090423610061, 6501778.957743629813194 ], [ 749436.554119549691677, 6501752.556929098442197 ], [ 749440.230447421316057, 6501711.138683803379536 ], [ 749403.312067198334262, 6501705.081013303250074 ], [ 749391.693066338542849, 6501753.87996793910861 ], [ 749372.177060710266232, 6501775.230535853654146 ], [ 749350.877266094787046, 6501757.9459288995713 ], [ 749312.226971684372984, 6501705.529269821941853 ], [ 749259.400933532626368, 6501752.012233337387443 ], [ 749139.131622773129493, 6501765.531539699062705 ], [ 749001.359907918726094, 6501764.058440651744604 ], [ 748908.014628398697823, 6501715.8494374724105 ], [ 748847.823749630711973, 6501619.733900310471654 ], [ 748793.76756234455388, 6501489.919034590944648 ], [ 748677.951913827797398, 6501331.439722581766546 ], [ 748592.610626766341738, 6501245.701068140566349 ], [ 748545.558266485226341, 6501193.538941631093621 ], [ 748513.731733971275389, 6501150.198505888693035 ], [ 748508.032568675116636, 6501095.469458054751158 ], [ 748507.455395720200613, 6501044.844900369644165 ], [ 748477.801872629439458, 6501018.450121096335351 ], [ 748439.554155459511094, 6501001.558973178267479 ], [ 748430.27550526545383, 6500966.654000224545598 ], [ 748469.418705641292036, 6500948.008050236850977 ], [ 748492.63864757376723, 6500911.225762216374278 ], [ 748458.867979099741206, 6500848.537463668733835 ], [ 748451.515667121042497, 6500796.932477865368128 ], [ 748489.951351817813702, 6500767.418969684280455 ], [ 748554.232464895467274, 6500752.841101398691535 ], [ 748580.049033423187211, 6500694.882134584710002 ], [ 748580.592282386263832, 6500643.087847185321152 ], [ 748530.512998927617446, 6500656.271422820165753 ], [ 748509.602451660321094, 6500629.323240896686912 ], [ 748498.390013485448435, 6500563.664439659565687 ], [ 748462.882955810753629, 6500520.012795744463801 ], [ 748385.937469523167238, 6500495.827574526891112 ], [ 748361.6574555139523, 6500515.681670037098229 ], [ 748331.077775881974958, 6500541.322968213818967 ], [ 748307.382010917528532, 6500526.113282650709152 ], [ 748303.774686851073056, 6500491.671527906320989 ], [ 748298.515150432125665, 6500431.861411262303591 ], [ 748279.645970852812752, 6500358.87447309307754 ], [ 748136.581283763167448, 6500267.15937939658761 ], [ 748056.954801481799223, 6500260.178134790621698 ], [ 747961.103496558731422, 6500210.058213757351041 ], [ 747805.036090791923925, 6500067.545866856351495 ], [ 747609.556314186775126, 6499849.050809182226658 ], [ 747453.156811698805541, 6499617.448230493813753 ], [ 747398.639789197593927, 6499442.992429027333856 ], [ 747406.665423434809782, 6499323.406373479403555 ], [ 747461.762038509827107, 6499242.261304650455713 ], [ 747449.25357467122376, 6499161.787625323981047 ], [ 747413.02571161580272, 6499079.228663139045238 ], [ 747378.359630506834947, 6498906.983827015385032 ], [ 747313.293767595198005, 6498765.743279675021768 ], [ 747209.901629426167347, 6498721.556205406785011 ], [ 747115.680005679605529, 6498727.443462088704109 ], [ 747061.042817700887099, 6498721.135446863248944 ], [ 747041.712765764910728, 6498674.952708577737212 ], [ 747048.944139475934207, 6498617.89574758335948 ], [ 746988.336055462714285, 6498526.386436207219958 ], [ 746963.923631788231432, 6498454.562005908228457 ], [ 746917.942198292119429, 6498427.765188673511147 ], [ 746858.66743738646619, 6498400.475071800872684 ], [ 746818.691028854576871, 6498394.182661542668939 ], [ 746813.185272100730799, 6498361.539023716002703 ], [ 746858.89642480830662, 6498313.68395181093365 ], [ 746882.026835581520572, 6498238.562636636197567 ], [ 746883.301972405286506, 6498204.037644796073437 ], [ 746814.534271547105163, 6498232.493402873165905 ], [ 746780.828403843101114, 6498221.191835282370448 ], [ 746735.072118004783988, 6498221.316685924306512 ], [ 746664.462772749597207, 6498211.526233039796352 ], [ 746617.611737988772802, 6498156.500938668847084 ], [ 746573.161563417641446, 6498091.843283127062023 ], [ 746473.234454666031525, 6498052.005206000991166 ], [ 746341.794178398908116, 6497995.174899931997061 ], [ 746263.503335913061164, 6497922.555946678854525 ], [ 746233.647430219454691, 6497836.336344938725233 ], [ 746268.354002150590532, 6497776.430036544799805 ], [ 746296.675586433149874, 6497711.116824524477124 ], [ 746251.928101770114154, 6497681.70297097787261 ], [ 746256.774189661955461, 6497641.579050963744521 ], [ 746231.428784616407938, 6497608.486159053631127 ], [ 746198.59971547848545, 6497582.438972663134336 ], [ 746213.234721651766449, 6497517.229468739591539 ], [ 746238.669039063388482, 6497460.661325613036752 ], [ 746181.654281598632224, 6497392.761865388602018 ], [ 746114.874878812930547, 6497336.555417796596885 ], [ 746090.580185042927042, 6497260.555036388337612 ], [ 745993.636751712532714, 6497253.183900147676468 ], [ 745854.994569554692134, 6497416.611070038750768 ], [ 745779.853400581865571, 6497420.769287994131446 ], [ 745705.917161614168435, 6497373.295595239847898 ], [ 745729.287653652951121, 6497314.070693552494049 ], [ 745777.609411492943764, 6497301.440449710935354 ], [ 745789.324108932167292, 6497254.685435662977397 ], [ 745732.684765752987005, 6497196.427568854764104 ], [ 745699.559811755898409, 6497074.203579468652606 ], [ 745607.939456255873665, 6497102.251002753153443 ], [ 745516.856377734453417, 6497092.528645045123994 ], [ 745449.941879892372526, 6497192.139267228543758 ], [ 745339.865390866762027, 6497187.292449268512428 ], [ 745297.00480321701616, 6497145.548062339425087 ], [ 745363.247323698364198, 6497085.230596153065562 ], [ 745341.943405474768952, 6497028.629725767299533 ], [ 745265.714361617108807, 6497005.57212891522795 ], [ 745268.637350757024251, 6496917.397873071022332 ], [ 745336.507648239261471, 6496886.976077793166041 ], [ 745354.542917854618281, 6496828.100397953763604 ], [ 745314.543300293618813, 6496759.627187406644225 ], [ 745284.660982580622658, 6496732.742123000323772 ], [ 745259.453521461691707, 6496711.659837209619582 ], [ 745285.101789808832109, 6496638.779576607979834 ], [ 745255.450557124218903, 6496551.121905295178294 ], [ 745183.21163889078889, 6496452.723499192856252 ], [ 745085.772258177399635, 6496367.503107463940978 ], [ 745039.72638244763948, 6496324.546393807977438 ], [ 745045.134684278513305, 6496276.754480300471187 ], [ 745049.062429383513518, 6496214.94031588267535 ], [ 744982.466492708423175, 6496168.708762938156724 ], [ 744895.769125783117488, 6496125.326812834478915 ], [ 744853.502651765360497, 6496157.792065369896591 ], [ 744817.703870494151488, 6496152.31482420489192 ], [ 744823.257853385061026, 6496115.059826374985278 ], [ 744879.199047333328053, 6496048.7977299336344 ], [ 744859.87914919690229, 6496019.309630958363414 ], [ 744764.428712880122475, 6496048.805557498708367 ], [ 744712.992071903659962, 6496029.429756831377745 ], [ 744650.061222583404742, 6496037.341550395824015 ], [ 744609.38312426826451, 6496096.462574910372496 ], [ 744619.367775745340623, 6496144.234243927523494 ], [ 744669.829777790466323, 6496172.154470661655068 ], [ 744694.397255856893025, 6496197.990648700855672 ], [ 744692.856380050536245, 6496251.249368518590927 ], [ 744661.977933608228341, 6496289.702028214000165 ], [ 744610.205815518274903, 6496291.913155738264322 ], [ 744578.456849668174982, 6496318.447989321313798 ], [ 744562.473163274349645, 6496390.365569934248924 ], [ 744511.492372331325896, 6496332.878036739304662 ], [ 744488.675591237493791, 6496266.226362674497068 ], [ 744399.149239084916189, 6496172.103727703914046 ], [ 744231.177869158331305, 6496057.464672535657883 ], [ 744043.36022151610814, 6495981.70161534845829 ], [ 743964.511826416826807, 6495958.57505898643285 ], [ 743935.303835787577555, 6495973.331827635876834 ], [ 743927.663530935067683, 6496034.14524239115417 ], [ 743891.435780053492635, 6496050.687159936875105 ], [ 743830.753912115935236, 6496016.691201617009938 ], [ 743787.569183837040327, 6496043.315434791147709 ], [ 743746.18138768710196, 6496020.913482585921884 ], [ 743708.077631320804358, 6496007.775888041593134 ], [ 743690.089825692237355, 6496044.379679221659899 ], [ 743716.675108455237933, 6496070.58093754760921 ], [ 743732.478526291088201, 6496109.284747250378132 ], [ 743654.872868538484909, 6496146.604406744241714 ], [ 743609.017948779393919, 6496055.796588072553277 ], [ 743460.911002653418109, 6495978.145486524328589 ], [ 743333.617056145216338, 6495898.327773992903531 ], [ 743305.499017302063294, 6495767.715317193418741 ], [ 743314.268068155273795, 6495723.285289872437716 ], [ 743333.063438068609685, 6495668.933722046203911 ], [ 743350.558499234146439, 6495562.933101379312575 ], [ 743334.865092692663893, 6495468.685713563114405 ], [ 743264.614562090719119, 6495351.623257256112993 ], [ 743189.52425527072046, 6495278.121400360018015 ], [ 743110.754199971212074, 6495244.668961547315121 ], [ 743072.666180081432685, 6495263.548496853560209 ], [ 742999.8558606619481, 6495216.319761287420988 ], [ 742951.283306061755866, 6495221.565528354607522 ], [ 742879.959364399313927, 6495202.038026450201869 ], [ 742788.898654779652134, 6495207.714538088068366 ], [ 742696.305285226553679, 6495253.245239345356822 ], [ 742605.283972476609051, 6495263.046410588547587 ], [ 742563.998618844198063, 6495256.902677825652063 ], [ 742565.747826519072987, 6495304.391507307067513 ], [ 742495.790703546954319, 6495417.267080692574382 ], [ 742423.455456259427592, 6495430.733610011637211 ], [ 742413.101954130572267, 6495490.721229806542397 ], [ 742301.86249345575925, 6495577.491174202412367 ], [ 742177.767728494363837, 6495685.62944521009922 ], [ 742024.246693164343014, 6495713.341078195720911 ], [ 741832.823603038908914, 6495742.080434240400791 ], [ 741720.565257203998044, 6495724.588685887865722 ], [ 741637.39873886143323, 6495682.795972522348166 ], [ 741600.387634032755159, 6495623.982105258852243 ], [ 741597.995659738429822, 6495550.802233965136111 ], [ 741580.155667298240587, 6495510.257350642234087 ], [ 741528.321600338560529, 6495502.691552161239088 ], [ 741490.20718372229021, 6495475.03467557951808 ], [ 741479.964624720974825, 6495411.501776283606887 ], [ 741493.022837530588731, 6495351.696485353633761 ], [ 741441.91829420637805, 6495315.977315480820835 ], [ 741412.038205849239603, 6495262.921066451817751 ], [ 741360.082954658311792, 6495228.131158320233226 ], [ 741212.684611384989694, 6495358.635250197723508 ], [ 741216.821077075088397, 6495363.054321605712175 ], [ 741299.89707041438669, 6495452.026484035886824 ], [ 741321.666056127869524, 6495521.104228887706995 ], [ 741357.482317074551247, 6495586.148696582764387 ], [ 741333.277178569929674, 6495646.613088333979249 ], [ 741376.118303006747738, 6495693.808865143917501 ], [ 741430.166161989909597, 6495735.61732114572078 ], [ 741442.864061608095653, 6495834.429321924224496 ], [ 741442.162755859782919, 6495908.10287300683558 ], [ 741414.559565218864009, 6495992.988266784697771 ], [ 741450.348271516966633, 6496014.054126158356667 ], [ 741483.375079851830378, 6496033.486842250451446 ], [ 741492.247324184863828, 6496134.684658724814653 ], [ 741467.477073793299496, 6496178.287540769204497 ], [ 741451.248953102622181, 6496206.846470862627029 ], [ 741541.52888762508519, 6496401.214586067944765 ], [ 741619.463230890920386, 6496375.198209764435887 ], [ 741622.382864914718084, 6496383.983566662296653 ], [ 741649.862362896790728, 6496480.819459728896618 ], [ 741658.849771668552421, 6496512.484505408443511 ], [ 741637.53566107165534, 6496524.442847678437829 ], [ 741630.871475477120839, 6496532.120574671775103 ], [ 741629.253807416418567, 6496533.977855834178627 ], [ 741629.460892345523462, 6496535.936770537868142 ], [ 741632.245212751091458, 6496563.319878946989775 ], [ 741648.68383653066121, 6496571.822923662140965 ], [ 741663.496103423647583, 6496587.908261840231717 ], [ 741675.081094933673739, 6496613.743448237888515 ], [ 741690.139955450897105, 6496641.605495485477149 ], [ 741668.667526353150606, 6496796.410890215076506 ], [ 741519.036984654027037, 6496715.783631743863225 ], [ 741528.19232128735166, 6496809.985175417736173 ], [ 741543.982221206999384, 6496924.512565799057484 ], [ 741568.080992785398848, 6497008.258222930133343 ], [ 741523.26486712496262, 6497076.015734599903226 ], [ 741447.182266846881248, 6497100.678544705733657 ], [ 741363.708590315887704, 6497155.623798649758101 ], [ 741358.249121236498468, 6497159.223680322989821 ], [ 741364.675733207957819, 6497306.232496809214354 ], [ 741391.56944909831509, 6497368.212293971329927 ], [ 741407.656389851123095, 6497385.610767198726535 ], [ 741415.774292164715007, 6497390.58047778904438 ], [ 741437.884695636457764, 6497404.132871550507843 ], [ 741442.483095631352626, 6497439.317546422593296 ], [ 741436.691431825980544, 6497494.626002526842058 ], [ 741425.352464631665498, 6497530.237753861583769 ], [ 741441.267354338080622, 6497592.761908313259482 ], [ 741472.9004484731704, 6497689.002107254229486 ], [ 741512.015834023943171, 6497764.143341564573348 ], [ 741463.161552449804731, 6497941.841885702684522 ], [ 741415.856258643325418, 6497949.878865517675877 ], [ 741310.384118211804889, 6497896.220689587295055 ], [ 741169.089977602125145, 6497861.413401082158089 ], [ 740983.127200149232522, 6497979.295147933065891 ], [ 740959.964285330614075, 6498065.772410171106458 ], [ 740920.863222648040392, 6498136.377945521846414 ], [ 740828.235164550598711, 6498150.847184099256992 ], [ 740809.234331227606162, 6498183.685002088546753 ], [ 740816.211219368153252, 6498230.208531737327576 ], [ 740831.85434671479743, 6498265.258515458554029 ], [ 740851.417679618345574, 6498292.528816971927881 ], [ 740866.156746751978062, 6498402.587677302770317 ], [ 740846.994776942534372, 6498517.51762848906219 ], [ 740921.72514796955511, 6498622.37593749165535 ], [ 740914.549415960907936, 6498669.372815374284983 ], [ 740893.716712431749329, 6498698.181617743335664 ], [ 740838.277936707716435, 6498704.030541853047907 ], [ 740748.852133348584175, 6498679.227273620665073 ], [ 740694.282411313150078, 6498702.861910836771131 ], [ 740610.128828797838651, 6498809.382544424384832 ], [ 740518.352766161435284, 6498980.627006225287914 ], [ 740514.076425633393228, 6498988.625557729974389 ], [ 740501.448908251943067, 6499086.328240698203444 ], [ 740536.899819102138281, 6499234.814743842929602 ], [ 740547.638641995494254, 6499255.312101740390062 ], [ 740655.065681995009072, 6499460.228856425732374 ], [ 740658.670227712253109, 6499523.45027301646769 ], [ 740641.583232552977279, 6499580.79509524255991 ], [ 740592.003729124786332, 6499604.079865777865052 ], [ 740450.332473005983047, 6499586.577256573364139 ], [ 740363.703751383116469, 6499601.168222794309258 ], [ 740326.07610298297368, 6499668.219395812600851 ], [ 740331.004628867493011, 6499701.011237517930567 ], [ 740347.227932851179503, 6499808.972298493608832 ], [ 740417.741226282902062, 6500000.835048616863787 ], [ 740498.985374093870632, 6500094.883802426978946 ], [ 740566.939648318802938, 6500150.132524121552706 ], [ 740696.616331142140552, 6500142.240141896530986 ], [ 740750.693252771277912, 6500159.17906167730689 ], [ 740796.15624110144563, 6500195.633349345996976 ], [ 740855.110505167278461, 6500299.45033944863826 ], [ 740893.754289498785511, 6500402.785007257014513 ], [ 740971.29640075028874, 6500480.629954455420375 ], [ 741061.899130350910127, 6500463.09078355692327 ], [ 741146.325544466497377, 6500379.659946623258293 ], [ 741213.40352895797696, 6500329.693730437196791 ], [ 741196.204713467042893, 6500270.793765224516392 ], [ 741238.62290003511589, 6500242.014770330861211 ], [ 741245.437189043499529, 6500237.39616241119802 ], [ 741289.465491281356663, 6500268.001757238060236 ], [ 741290.57084765820764, 6500356.676777579821646 ], [ 741290.679360223351978, 6500365.416739047504961 ], [ 741264.732062481110916, 6500468.733852235600352 ], [ 741276.631833830382675, 6500562.249964287504554 ], [ 741277.02728127699811, 6500565.36941496655345 ], [ 741347.856607314082794, 6500624.696033667773008 ], [ 741325.178754583466798, 6500688.595944680273533 ], [ 741227.572304146829993, 6500804.309201288037002 ], [ 741222.495140718878247, 6500820.347971552051604 ], [ 741207.026394201442599, 6500869.290771158412099 ], [ 741239.490676323533989, 6500960.253699778579175 ], [ 741327.766682795016095, 6500986.989440675824881 ], [ 741435.073952602338977, 6500941.211219714023173 ], [ 741512.267081817612052, 6500790.557775795459747 ], [ 741582.16039928002283, 6500740.734493657946587 ], [ 741641.109030135208741, 6500744.042453322559595 ], [ 741664.195675156195648, 6500774.324943747371435 ], [ 741680.034452511463314, 6500795.113011240959167 ], [ 741631.647758292150684, 6500877.497448034584522 ], [ 741616.313244732213207, 6500903.605301870033145 ], [ 741602.789440883556381, 6500996.005211373791099 ], [ 741602.019046996021643, 6501001.248695316724479 ], [ 741705.81087915005628, 6501113.036697560921311 ], [ 741718.431214427691884, 6501137.494413109496236 ], [ 741712.43708410137333, 6501156.539277313277125 ], [ 741642.98084178857971, 6501164.515502884984016 ], [ 741527.265957138617523, 6501171.072718095034361 ], [ 741347.470191483269446, 6501238.675900044851005 ], [ 741177.717945737298578, 6501286.637868783436716 ], [ 741147.239960454287939, 6501326.809904558584094 ], [ 741093.801656114985235, 6501397.248973222449422 ], [ 741095.503719135071151, 6501501.897007789462805 ], [ 741153.279209651285782, 6501559.942309888079762 ], [ 741175.565095621393993, 6501582.334126366302371 ], [ 741205.764717284357175, 6501686.51905963383615 ], [ 741196.059920016909018, 6501753.899770442396402 ], [ 741087.280773077043705, 6501816.838765453547239 ], [ 740896.553749325801618, 6501840.020694217644632 ], [ 740767.199447547085583, 6501922.849314209073782 ], [ 740708.44717631698586, 6502009.263187364675105 ], [ 740666.849819063325413, 6502154.012526883743703 ], [ 740682.579891430563293, 6502347.334214830771089 ], [ 740604.976819433039054, 6502445.378858306445181 ], [ 740521.554723553126678, 6502387.969561750069261 ], [ 740520.825911612948403, 6502307.396576873958111 ], [ 740576.489031858509406, 6502235.866797833703458 ], [ 740582.01295080431737, 6502228.771364481188357 ], [ 740542.811703505227342, 6502108.840097744017839 ], [ 740506.343980705481954, 6502085.455612674355507 ], [ 740447.512156364158727, 6502047.734106187708676 ], [ 740338.395189337665215, 6501987.391328345984221 ], [ 740251.653601723955944, 6501881.985127164050937 ], [ 740170.001738882390782, 6501927.388669785112143 ], [ 740150.579393519088626, 6501954.76454995945096 ], [ 740126.421168077737093, 6501988.829015754163265 ], [ 740165.161752604879439, 6502059.56845586374402 ], [ 740191.45591857843101, 6502088.204353829845786 ], [ 740220.526684223324992, 6502119.860127699561417 ], [ 740180.808056202949956, 6502251.727159755304456 ], [ 740079.584661076543853, 6502419.998307541012764 ], [ 740158.884516460355371, 6502654.694844212383032 ], [ 740172.467116788844578, 6502903.360527320764959 ], [ 740150.637651025317609, 6503141.529627982527018 ], [ 740058.728201859048568, 6503418.086848066188395 ], [ 739953.428432737127878, 6503748.771039156243205 ], [ 739858.034056907286867, 6504025.8940474325791 ], [ 739841.756747541250661, 6504229.462880007922649 ], [ 739835.990848004003055, 6504415.659057205542922 ], [ 739767.815790667547844, 6504464.018848177045584 ], [ 739636.75816337694414, 6504498.763992117717862 ], [ 739390.703067723428831, 6504421.633896766230464 ], [ 739237.338983645429835, 6504417.071051483042538 ], [ 739077.669269781326875, 6504499.153108896687627 ], [ 738933.598404435324483, 6504770.019122367724776 ], [ 738814.784473465755582, 6504951.580944834277034 ], [ 738719.665037688799202, 6504950.895208710804582 ], [ 738655.765833629062399, 6504929.421523067168891 ], [ 738535.77260541007854, 6504975.191511429846287 ], [ 738346.652637295890599, 6505148.743557557463646 ], [ 738211.785524577368051, 6505360.775220906361938 ], [ 738019.912953544524498, 6505694.937729952856898 ], [ 737901.625391276087612, 6505815.235005438327789 ], [ 737909.151826560031623, 6505886.675164900720119 ], [ 737925.448693374404684, 6506041.553000651299953 ], [ 737981.494062050245702, 6506140.881537105888128 ], [ 738165.971242256229743, 6506370.683724497444928 ], [ 738204.052523211343214, 6506418.103261696174741 ], [ 738249.961388154886663, 6506496.129399357363582 ], [ 738240.994788404088467, 6506596.859095213003457 ], [ 738060.865976998815313, 6506996.050540341995656 ], [ 737842.979998720809817, 6507361.876530973240733 ], [ 737756.035035206237808, 6507490.982423739507794 ], [ 737747.277725480962545, 6507604.886042486876249 ], [ 737707.342911016312428, 6507693.73130685929209 ], [ 737659.418809450580738, 6507783.502367001026869 ], [ 737594.830139941885136, 6507816.009385577403009 ], [ 737533.194434053264558, 6507790.249045418575406 ], [ 737430.248414871282876, 6507854.794861062429845 ], [ 737396.24605585867539, 6507969.329987701028585 ], [ 737276.658423144137487, 6508054.611716443672776 ], [ 737198.76944837521296, 6508176.837491457350552 ], [ 737182.280364926788025, 6508337.821907714009285 ], [ 737181.122493034810759, 6508538.594541663303971 ], [ 737174.107846746104769, 6508552.24491685628891 ], [ 737125.941751550650224, 6508645.967675353400409 ], [ 737177.780815662466921, 6508686.986639508977532 ], [ 737178.768005958991125, 6508687.773978406563401 ], [ 737210.864125868421979, 6508715.985898347571492 ], [ 737210.436200693598948, 6508793.010298694483936 ], [ 737141.16350589634385, 6508893.782257840037346 ], [ 737100.442165743559599, 6508954.873831131495535 ], [ 737081.553553660283796, 6508974.974255228415132 ], [ 737046.493918747641146, 6509012.261861210688949 ], [ 737087.684495761408471, 6509110.480736481025815 ], [ 737084.407967609819025, 6509133.065169801935554 ], [ 737063.638104678597301, 6509276.140943974256516 ], [ 736934.935786362737417, 6509491.446614542044699 ], [ 736750.918398574460298, 6509712.536012799479067 ], [ 736601.648691161070019, 6509811.330139747820795 ], [ 736509.570412976085208, 6509848.015549760311842 ], [ 736405.13260559970513, 6509912.083506939932704 ], [ 736346.424626880208962, 6510087.437027575448155 ], [ 736239.277116055367514, 6510316.45323365367949 ], [ 736151.044383596512489, 6510490.534198001027107 ], [ 736099.206470621400513, 6510618.048076336272061 ], [ 736101.127116829156876, 6510702.251412631012499 ], [ 736101.359652848448604, 6510712.496879819780588 ], [ 736093.475251783267595, 6510752.868947092443705 ], [ 736088.426097006187774, 6510778.721334364265203 ], [ 736048.543152442667633, 6510923.047973165288568 ], [ 736029.956184927956201, 6510992.307146644219756 ], [ 735989.168754989397712, 6511099.356327418237925 ], [ 735933.394028765149415, 6511180.929725325666368 ], [ 735837.32276499341242, 6511168.719126818701625 ], [ 735745.344012466608547, 6511109.765331208705902 ], [ 735641.896966304862872, 6511090.353826171718538 ], [ 735613.088036551722325, 6511102.87668623868376 ], [ 735569.239336837083101, 6511121.941452420316637 ], [ 735566.992234698846005, 6511168.774990733712912 ], [ 735563.97565095720347, 6511231.578862930648029 ], [ 735500.03854056680575, 6511358.341995731927454 ], [ 735413.401400522328913, 6511396.823353032581508 ], [ 735322.644893050543033, 6511344.383572421967983 ], [ 735290.664792584837414, 6511268.836945902556181 ], [ 735271.749925771960989, 6511193.971069816499949 ], [ 735228.871215651626699, 6511133.647378631867468 ], [ 735153.764198855729774, 6511143.965097464621067 ], [ 735096.154290878330357, 6511228.725563679821789 ], [ 735092.618297732784413, 6511372.148197404108942 ], [ 735097.29111095611006, 6511418.270394813269377 ], [ 735104.691669043153524, 6511491.311026623472571 ], [ 735146.54804351250641, 6511559.368536476045847 ], [ 735158.596072495216504, 6511578.96523074246943 ], [ 735172.701118089840747, 6511654.672148145735264 ], [ 735128.023274404928088, 6511713.31392983533442 ], [ 735057.321547838160768, 6511792.611953728832304 ], [ 734949.309538417262957, 6511775.392979793250561 ], [ 734836.064417781308293, 6511729.269761838018894 ], [ 734768.107010780833662, 6511697.743764264509082 ], [ 734737.04344892653171, 6511683.323758448474109 ], [ 734708.781339426059276, 6511747.173374155536294 ], [ 734682.879820905975066, 6511805.711213188245893 ], [ 734608.026570397196338, 6511856.599683015607297 ], [ 734560.320587442838587, 6511870.887678310275078 ], [ 734518.723040611133911, 6511883.351546462625265 ], [ 734447.167356586665846, 6511929.627105408348143 ], [ 734388.671942898072302, 6512016.466103734448552 ], [ 734359.157862053252757, 6512106.745694382116199 ], [ 734356.748084464110434, 6512114.121800502762198 ], [ 734329.054342018789612, 6512176.781325533986092 ], [ 734264.757447831332684, 6512167.723018748685718 ], [ 734193.948025651276112, 6512191.115683898329735 ], [ 733563.364818575792015, 6512375.950022612698376 ], [ 732986.116570796701126, 6512545.927821803838015 ], [ 732949.666218397673219, 6512556.661269585601985 ], [ 732996.272366943303496, 6512620.426816877909005 ], [ 733014.540438169147819, 6512645.42219009436667 ], [ 733004.67978955549188, 6512713.635422586463392 ], [ 732927.200692632002756, 6512840.660084202885628 ], [ 732809.982597959926352, 6512893.580321156419814 ], [ 732668.886790131800808, 6512961.032860141247511 ], [ 732606.926332918694243, 6513037.076907994225621 ], [ 732484.097873057820834, 6513091.771435408852994 ], [ 732456.620614922954701, 6513206.049149860627949 ], [ 732355.410329905571416, 6513300.129305692389607 ], [ 732212.288702081656083, 6513208.062431416474283 ], [ 732133.13811542536132, 6513029.635898131877184 ], [ 732084.270448945695534, 6512955.489357900805771 ], [ 731979.628225426189601, 6512998.800928234122694 ], [ 731964.971128943143412, 6513110.605856388807297 ], [ 731907.009529990144074, 6513137.689414339140058 ], [ 731853.802876218222082, 6513164.877512758597732 ], [ 731751.60553725680802, 6513213.956152126193047 ], [ 731738.252934677526355, 6513264.062963778153062 ], [ 731731.699474919121712, 6513288.658792241476476 ], [ 731704.45072994963266, 6513390.104664767161012 ], [ 731682.60597140097525, 6513481.956367047503591 ], [ 731697.867682996671647, 6513552.648104703985155 ], [ 731817.855057227541693, 6513625.712558781728148 ], [ 731814.389202788821422, 6513648.520200125873089 ], [ 731798.628613365348428, 6513752.328561367467046 ], [ 731664.510381629457697, 6513879.526284183375537 ], [ 731524.56023360742256, 6513908.319869418628514 ], [ 731403.688945131143555, 6513882.352067088708282 ], [ 731278.940997454570606, 6513862.85880932956934 ], [ 731139.877221572445706, 6513849.794311934150755 ], [ 730942.253819988691248, 6513978.136094631627202 ], [ 730901.872204959508963, 6514004.368744852021337 ], [ 730893.854579622158781, 6514046.224279581569135 ], [ 730877.572779746260494, 6514131.260882284492254 ], [ 730841.688567816046998, 6514229.622392329387367 ], [ 730796.23040208616294, 6514330.99138365034014 ], [ 730773.42399558739271, 6514370.47874884493649 ], [ 730672.042346660862677, 6514368.697594717144966 ], [ 730628.712045508436859, 6514375.63642318546772 ], [ 730583.410137164639309, 6514364.802821113727987 ], [ 730526.095894259633496, 6514359.737190987914801 ], [ 730477.400471904315054, 6514363.088958252221346 ], [ 730417.864955438999459, 6514380.513675173744559 ], [ 730412.679205944645219, 6514382.026150735095143 ], [ 730363.420202302513644, 6514409.761852750554681 ], [ 730336.005918820621446, 6514428.39475435949862 ], [ 730273.541454198304564, 6514447.525175577029586 ], [ 730237.991950801108032, 6514467.14745416585356 ], [ 730198.068508542492054, 6514489.750522806309164 ], [ 730168.718091400340199, 6514509.413033291697502 ], [ 730134.743504991871305, 6514544.397613529115915 ], [ 729964.194178383680992, 6515112.634291364811361 ], [ 729953.789170392788947, 6515724.635092478245497 ], [ 729618.441791272955015, 6516185.376498061232269 ], [ 729650.689740063622594, 6516309.464713433757424 ], [ 729636.845539076020941, 6516399.669168682768941 ], [ 729647.211046742741019, 6516447.629731387831271 ], [ 729638.74366431182716, 6516515.606917204335332 ], [ 729637.71717045083642, 6516523.827416687272489 ], [ 729629.473794921883382, 6516572.197935635223985 ], [ 729596.176032007671893, 6516589.970576768741012 ], [ 729465.743159717414528, 6516587.273877486586571 ], [ 729407.484213170595467, 6516563.541042611002922 ], [ 729387.125249456963502, 6516569.546772561967373 ], [ 729375.393554444191977, 6516586.489092769101262 ], [ 729362.817265220801346, 6516587.520160499028862 ], [ 729344.71717403572984, 6516589.016636887565255 ], [ 729336.014511845889501, 6516617.007633870467544 ], [ 729347.332362791290507, 6516646.077920412644744 ], [ 729348.178766580764204, 6516648.244655982591212 ], [ 729346.752417507115752, 6516648.24275841191411 ], [ 729306.264386902679689, 6516648.246024549007416 ], [ 729312.379523256444372, 6516716.157091189175844 ], [ 729337.797738600056618, 6516768.945041675120592 ], [ 729331.97082123439759, 6516800.588964620605111 ], [ 729313.224698699079454, 6516837.142926838248968 ], [ 729281.010778905358166, 6516854.535621983930469 ], [ 729222.499240378616378, 6516866.061338159255683 ], [ 729216.93216172256507, 6516867.159944463521242 ], [ 729179.265408872161061, 6516875.287375681102276 ], [ 729205.883344125351869, 6516910.86591618694365 ], [ 729202.274423762690276, 6516958.213256875053048 ], [ 729203.755553077207878, 6516983.195789943449199 ], [ 729233.623813094571233, 6516986.244205329567194 ], [ 729272.786684802500531, 6516988.622222175821662 ], [ 729297.102120107971132, 6517035.35547757986933 ], [ 729300.666489939438179, 6517065.550360217690468 ], [ 729301.683595343492925, 6517074.180667137727141 ], [ 729295.428600450512022, 6517105.833946838974953 ], [ 729294.135826880345121, 6517112.340792674571276 ], [ 729247.362578108208254, 6517144.873970145359635 ], [ 729244.186793117318302, 6517169.969989202916622 ], [ 729249.789393276558258, 6517200.752369113266468 ], [ 729264.064458402339369, 6517212.075215101242065 ], [ 729287.068791219615377, 6517230.305708931759 ], [ 729325.324784143944271, 6517248.910674655809999 ], [ 729334.467497076257132, 6517261.644220594316721 ], [ 729337.355701395776123, 6517277.08895143866539 ], [ 729299.938207162660547, 6517279.753377247601748 ], [ 727822.34688295761589, 6517362.794848881661892 ], [ 726226.42219335900154, 6517452.44223325047642 ], [ 725178.958114408422261, 6517511.544486001133919 ], [ 724052.20098368730396, 6517574.829516608268023 ], [ 722221.927840965101495, 6517675.970049848780036 ], [ 721413.292523866286501, 6517722.389043867588043 ], [ 721370.826489715022035, 6517723.778710462152958 ], [ 721369.212002396583557, 6517746.718987561762333 ], [ 721360.637062040390447, 6517766.978433352895081 ], [ 721315.597215973306447, 6517818.704754093661904 ], [ 721266.1348294763593, 6517826.94230573810637 ], [ 721194.099208334460855, 6517866.173856792971492 ], [ 721124.262517359689809, 6517885.358513106592 ], [ 721072.556933040032163, 6517918.778208889067173 ], [ 721027.750140252057463, 6518034.091263122856617 ], [ 721008.627943891566247, 6518071.822645606473088 ], [ 720946.582905083661899, 6518093.048253949731588 ], [ 720885.538203930598684, 6518091.92318694293499 ], [ 720883.987717273412272, 6518091.90056343190372 ], [ 720856.681636569672264, 6518102.439875844866037 ], [ 720850.663686184678227, 6518169.86518356949091 ], [ 720828.995277195936069, 6518282.302212245762348 ], [ 720823.648344138986431, 6518310.024505709297955 ], [ 720783.753237886121497, 6518430.279169343411922 ], [ 720725.025470989756286, 6518486.152336236089468 ], [ 720615.38053548138123, 6518493.374848116189241 ], [ 720518.33649699552916, 6518502.881059088744223 ], [ 720436.177539711236022, 6518507.113486896269023 ], [ 720367.533093985635787, 6518558.22463247179985 ], [ 720275.082702799583785, 6518656.947395754978061 ], [ 720194.40170135605149, 6518735.75397124607116 ], [ 720078.481667411979288, 6518770.201738441362977 ], [ 719997.245566185447387, 6518788.975343119353056 ], [ 719943.630753737874329, 6518812.046597052365541 ], [ 719862.086722838925198, 6518786.001402143388987 ], [ 719756.800871366634965, 6518756.063219542615116 ], [ 719699.383331205695868, 6518749.851879684254527 ], [ 719658.568868235684931, 6518706.109112177975476 ], [ 719637.562550695613027, 6518654.650391644798219 ], [ 719622.099436005926691, 6518630.240062195807695 ], [ 719520.544036650680937, 6518647.308054468594491 ], [ 719389.440289912978187, 6518677.408842145465314 ], [ 719283.423963089822792, 6518714.368053847923875 ], [ 719221.718143840553239, 6518733.035569827072322 ], [ 719165.918513283599168, 6518791.122651902958751 ], [ 719084.834404258057475, 6518883.74938165396452 ], [ 719000.521311661810614, 6518976.6538967192173 ], [ 718997.746305532404222, 6519067.801937309093773 ], [ 718996.880431455909275, 6519202.336143435910344 ], [ 718981.009530485142022, 6519344.228847984224558 ], [ 718949.041174584301189, 6519433.294029811397195 ], [ 718907.340484747197479, 6519554.420219598338008 ], [ 718861.981212998041883, 6519606.817617176100612 ], [ 718802.889252368011512, 6519663.340661237947643 ], [ 718781.254598991712555, 6519682.473632916808128 ], [ 718747.712716097477823, 6519708.866470022127032 ], [ 718722.27697836002335, 6519733.60292094014585 ], [ 718685.049224416841753, 6519757.943076414987445 ], [ 718471.320033936528489, 6519827.065378479659557 ], [ 718560.651154556195252, 6520044.942894490435719 ], [ 719262.778606114909053, 6520115.503495601937175 ], [ 719323.996475906227715, 6520385.967027312144637 ], [ 719441.767691453453153, 6520452.186180765740573 ], [ 719593.490804028697312, 6520607.226942403241992 ], [ 719618.077470036339946, 6520774.935498092323542 ], [ 719967.458997035864741, 6521466.661693050526083 ], [ 720930.274856840493158, 6522143.024739885702729 ], [ 721999.991125185159035, 6523128.757250560447574 ], [ 722801.636636250652373, 6523890.398185133002698 ], [ 723453.665924742585048, 6524159.847373219206929 ], [ 723275.540809456026182, 6524430.451914869248867 ], [ 723325.321650448488072, 6525356.402569001540542 ], [ 723670.39005504315719, 6526147.31298560090363 ], [ 723694.462826176662929, 6526395.393073756247759 ], [ 724270.624048685072921, 6527082.065483679994941 ], [ 724810.671557923429646, 6527505.172624580562115 ], [ 724859.603516827104613, 6528048.236045984551311 ], [ 724934.331544317654334, 6528187.173665658570826 ], [ 725143.831909188418649, 6528296.535061595030129 ], [ 725357.832661714637652, 6528357.831123663112521 ], [ 726146.268403876456432, 6528077.396703394129872 ], [ 726437.12501548381988, 6527937.484868932515383 ], [ 726945.089944428997114, 6527994.48088701069355 ], [ 727060.743796836351976, 6527957.207566846162081 ], [ 727094.474988820264116, 6527711.846190481446683 ], [ 727208.018640121794306, 6527622.702369838953018 ], [ 729020.876228714943863, 6527492.62111425306648 ], [ 729329.123581424821168, 6527311.022358292713761 ], [ 729478.281837380956858, 6526862.090272089466453 ], [ 729661.299637947580777, 6526829.387613169848919 ], [ 730164.989084700122476, 6526916.602870235219598 ], [ 730908.781228218693286, 6526774.549854815006256 ], [ 731071.012435674550943, 6526709.289843497797847 ], [ 731147.631487001897767, 6526715.706293939612806 ], [ 731356.759815325960517, 6526851.190320177003741 ], [ 731753.956360884360038, 6526984.935752388089895 ], [ 732081.684909751871601, 6527748.96147714741528 ], [ 732086.366753730457276, 6528038.213360754773021 ], [ 732206.788805659161881, 6528219.834216889925301 ], [ 732264.507261834573001, 6528600.892941114492714 ], [ 732401.866502227960154, 6528728.134515161626041 ], [ 732661.92169159417972, 6528918.664541134610772 ], [ 732711.800930618308485, 6529155.240167547017336 ], [ 732676.477751136524603, 6529408.762770892120898 ], [ 732507.804817689582705, 6529597.167347034439445 ], [ 732481.185785043053329, 6529710.864895487204194 ], [ 732666.728262554621324, 6529910.127864208072424 ], [ 732851.015465496690013, 6530070.600681465119123 ], [ 733263.148013262893073, 6530201.660427887924016 ], [ 734153.509235869627446, 6530854.817283280193806 ], [ 734243.746004392043687, 6531206.877955696545541 ], [ 734460.249674262711778, 6531499.36021825298667 ], [ 734635.407350176712498, 6531669.794502987526357 ], [ 735261.997125329216942, 6532120.916720164008439 ], [ 736063.341057726414874, 6532422.90259401127696 ], [ 736206.890961195342243, 6532719.18247558362782 ], [ 736427.16943347605411, 6532812.039795659482479 ], [ 736899.871046029380523, 6533076.445149937644601 ], [ 736995.903498999308795, 6533233.134794538840652 ], [ 737116.88604399911128, 6533233.239632157608867 ], [ 737522.262647747760639, 6533549.606757724657655 ], [ 737855.238604070735164, 6533580.965138308703899 ], [ 738107.591203918098472, 6533514.256707305088639 ], [ 738596.236158462590538, 6533783.443764441646636 ], [ 738746.028713826090097, 6533723.190781428478658 ], [ 738802.226317931548692, 6533700.578105140477419 ], [ 738985.637771763373166, 6533626.842509221285582 ], [ 739384.382633242290467, 6533875.855798514559865 ], [ 739542.464536158950068, 6533871.259176768362522 ], [ 739724.33433708618395, 6533788.448831378482282 ], [ 740356.44132438628003, 6533662.477237963117659 ], [ 740983.964908182970248, 6533908.761215870268643 ], [ 741328.577465661452152, 6533892.972047331742942 ], [ 741649.500191306578927, 6533988.812303618527949 ], [ 742109.228822686243802, 6534202.242850508540869 ], [ 742669.552718558115885, 6534306.47039289958775 ], [ 742890.004193058353849, 6534280.555775144137442 ], [ 743220.359882060904056, 6534215.33397364243865 ], [ 743435.849225062062033, 6534249.885804575867951 ], [ 743769.992317968979478, 6534059.172346357256174 ], [ 744118.5357387047261, 6533992.843976248055696 ], [ 745040.088494619820267, 6534015.088740967214108 ], [ 745156.527484436053783, 6534072.265905296429992 ], [ 745269.924208854092285, 6534128.015292905271053 ], [ 745313.002806639648043, 6534585.557110466063023 ], [ 745179.136326739564538, 6535421.377709088847041 ], [ 745207.726352803758346, 6535600.325782208703458 ], [ 745294.229007791494951, 6535800.608244118280709 ], [ 745744.237123290193267, 6536127.303766718134284 ], [ 746012.397689373698086, 6536049.053485702723265 ], [ 746122.525979504105635, 6536083.78202879242599 ], [ 746476.790962389437482, 6536536.872803600504994 ], [ 746472.362717867363244, 6537028.933677623048425 ], [ 746710.922669063438661, 6537602.257434135302901 ], [ 746874.421300509478897, 6537921.838578164577484 ], [ 746907.983911970397457, 6538074.229665394872427 ], [ 746807.312589453766122, 6538405.299188798293471 ], [ 746692.517190429964103, 6538993.632405372336507 ], [ 746682.885568021330982, 6539916.739980115555227 ], [ 746716.353827968006954, 6540095.149892971850932 ], [ 746797.977865673368797, 6540137.966113328933716 ], [ 746931.934892284334637, 6540177.256029727868736 ], [ 746970.986527926987037, 6540328.996698736213148 ], [ 747007.918592155445367, 6541246.240399204194546 ], [ 747132.283247521845624, 6541749.719190882518888 ], [ 747448.343701187171973, 6542008.918705878779292 ], [ 748186.617037432035431, 6542146.680796459317207 ], [ 749540.167092320043594, 6543202.688588485121727 ], [ 749778.787907855934463, 6543277.973265776410699 ], [ 750189.395560832810588, 6543779.291186330839992 ], [ 750743.690505899256095, 6544792.386360421776772 ], [ 751028.425660789129324, 6545283.628675733692944 ], [ 751215.179628764628433, 6545420.554434285499156 ], [ 751233.40947093302384, 6545417.55671607516706 ], [ 751419.715462443069555, 6545386.882969439029694 ], [ 752503.242521472857334, 6545409.311205261386931 ], [ 753462.513256684062071, 6545654.28674734570086 ], [ 754376.062557026860304, 6545759.688377222046256 ], [ 754624.891184934764169, 6545978.40445248875767 ], [ 754965.360833695856854, 6546244.370507565326989 ], [ 755424.423190123517998, 6546532.538473341614008 ], [ 755482.673686062335037, 6546798.061224546283484 ], [ 755522.036286494927481, 6547301.075687170960009 ], [ 755590.559664873057045, 6547506.580226600170135 ], [ 755867.98243982961867, 6547779.765726361423731 ], [ 755884.587183888652362, 6548351.455815973691642 ], [ 756164.276486465474591, 6548941.022686621174216 ], [ 756190.67147135687992, 6549453.005667078308761 ], [ 756546.663718733587302, 6549387.301615637727082 ], [ 757447.88588354899548, 6549502.177738381549716 ], [ 757611.727466083597392, 6549631.840776825323701 ], [ 758253.853761402773671, 6549839.507462607696652 ], [ 760018.372265397803858, 6549670.171798469498754 ], [ 760626.237728863256052, 6549281.796364216133952 ], [ 760990.843050010502338, 6549304.535271517001092 ], [ 762099.862463446217589, 6549471.228113541379571 ], [ 763013.164533979492262, 6549809.258447343483567 ], [ 764362.023675229400396, 6550110.268097065389156 ], [ 765248.73086906527169, 6550415.506834865547717 ], [ 765532.358268688549288, 6550485.378451808355749 ], [ 766836.684071271447465, 6550490.255328616127372 ], [ 767915.27625641063787, 6550869.564188788644969 ], [ 768709.805242216447368, 6551070.921216467395425 ], [ 769872.835836237296462, 6551101.453497828915715 ], [ 769929.054823042126372, 6550339.782108803279698 ], [ 770004.175593486172147, 6549322.874000826850533 ], [ 770183.410339821595699, 6549325.818575853481889 ], [ 770697.27881192881614, 6549264.328448116779327 ], [ 770982.608752259751782, 6549230.181116292253137 ], [ 771130.169249956961721, 6549212.573626764118671 ], [ 771228.098427071236074, 6549170.074922773987055 ], [ 771429.234665199182928, 6549039.220987034961581 ], [ 772036.853155904915184, 6548994.414245508611202 ], [ 772527.267702776240185, 6549448.022477319464087 ], [ 772422.761414646171033, 6549724.298446630127728 ], [ 772898.881191336433403, 6549709.395230926573277 ], [ 773048.827544016414322, 6549761.575485728681087 ], [ 773286.156919931760058, 6550031.982019044458866 ], [ 773334.065432886825874, 6550200.343039939180017 ], [ 773683.174685883335769, 6550377.840262606739998 ], [ 773804.310193686862476, 6550622.27716603782028 ], [ 773954.291930496925488, 6550609.307274457067251 ], [ 774151.222408028552309, 6550482.161362659186125 ], [ 774452.782470878330059, 6550448.766013219952583 ], [ 774616.903774792095646, 6550525.180938012897968 ], [ 774705.342679516179487, 6550726.972039027139544 ], [ 774539.202498193015344, 6551081.589020002633333 ], [ 774545.355244905222207, 6551253.174397791735828 ], [ 775000.955659295083024, 6551234.622095929458737 ], [ 775151.260413833893836, 6551403.205734881572425 ], [ 775208.390371781308204, 6551498.536594044417143 ], [ 775284.05529335536994, 6551468.965599725022912 ], [ 775561.292776474612765, 6550992.032339280471206 ], [ 776029.42649405321572, 6551206.654094506986439 ], [ 776177.277358530438505, 6551406.626789191737771 ], [ 776242.970759259187616, 6551544.674243900924921 ], [ 776238.793751688557677, 6551855.965073887258768 ], [ 776326.692348912125453, 6552111.425448413938284 ], [ 777149.885731191607192, 6552752.32060082256794 ], [ 777111.248813495272771, 6553073.462168209254742 ], [ 776830.105762165272608, 6553369.734629217535257 ], [ 776710.874637097469531, 6553398.492880830541253 ], [ 776610.344430297496729, 6553629.923622891306877 ], [ 776817.203115502488799, 6554430.957033379003406 ], [ 776827.350833076518029, 6554524.560624502599239 ], [ 776801.655604986590333, 6554654.979694913141429 ], [ 776871.470546388300136, 6554882.392352874390781 ], [ 777057.360969077446498, 6555105.164659241214395 ], [ 777172.671455509611405, 6555146.085484344512224 ], [ 777394.141284703742713, 6555177.827648160979152 ], [ 777589.178344383835793, 6555601.741341356188059 ], [ 778111.770397547632456, 6556038.303516492247581 ], [ 778373.141391524579376, 6556087.787282113917172 ], [ 778822.192575561348349, 6556399.825441064313054 ], [ 778857.319880065508187, 6556658.517240291461349 ], [ 779142.062141900183633, 6556635.302432149648666 ], [ 779356.110935515840538, 6556459.751810327172279 ], [ 779850.20287335512694, 6556564.684433335438371 ], [ 780213.639844987541437, 6556494.391255620867014 ], [ 780301.902937353588641, 6556449.06101986207068 ], [ 780417.194510345580056, 6556459.653989340178668 ], [ 780522.933903892757371, 6556498.231379689648747 ], [ 780768.711895471438766, 6556633.011185511946678 ], [ 780876.063293196959421, 6556631.114831189624965 ], [ 781085.684157406329177, 6556776.380915116518736 ], [ 781195.762540285708383, 6557045.451842833310366 ], [ 781339.408449992537498, 6557208.625645272433758 ], [ 781828.827932659303769, 6557307.09265414904803 ], [ 781906.791726442286745, 6557421.394225743599236 ], [ 782073.383002904010937, 6557625.985359392128885 ], [ 782165.013394552050158, 6557638.712009025737643 ], [ 782240.357214187155478, 6557608.048412436619401 ], [ 782491.951540489448234, 6557632.172950871288776 ], [ 782616.876093039638363, 6557784.235062622465193 ], [ 782600.398958953795955, 6557919.010790342465043 ], [ 782407.611978594679385, 6558218.608592785894871 ], [ 782395.850045621511526, 6558423.91549157910049 ], [ 782511.042614690493792, 6558515.691149674355984 ], [ 782863.864832803141326, 6558441.190071919932961 ], [ 783108.38577225105837, 6558603.533832685090601 ], [ 783212.791959923459217, 6558699.908171935006976 ], [ 783371.821793814189732, 6559124.917014906182885 ], [ 783607.137118281796575, 6559231.954388171434402 ], [ 783789.129876286140643, 6559154.664606457576156 ], [ 783910.016074066050351, 6558798.362327149137855 ], [ 784180.504298907588236, 6558506.968850405886769 ], [ 784259.348570661852136, 6558468.905825013294816 ], [ 784883.948756082216278, 6558076.649820785969496 ], [ 784996.822138824267313, 6558104.928044129163027 ], [ 785017.119769333861768, 6558226.190501883625984 ], [ 785100.275772013468668, 6558347.257757944986224 ], [ 784935.210602325038053, 6558728.195316171273589 ], [ 784521.639564022887498, 6559169.791051903739572 ], [ 784508.966119119897485, 6559478.425866408273578 ], [ 784747.496112082502805, 6559659.763702804222703 ], [ 785330.001295951893553, 6559461.43278298061341 ], [ 785505.650811646948569, 6559534.858759398572147 ], [ 785625.670225895009935, 6559501.590519132092595 ], [ 785765.3722280387301, 6559526.130839556455612 ], [ 785800.458445593016222, 6559594.656101761385798 ], [ 785770.044656372163445, 6559906.282887553796172 ], [ 785894.592798428377137, 6560107.109570472501218 ], [ 786100.558871446410194, 6560102.245495004579425 ], [ 786145.447042441228405, 6560163.191627605818212 ], [ 786242.355576070258394, 6560237.846805886365473 ], [ 786431.570293857948855, 6560242.64062362909317 ], [ 786504.337398387724534, 6560220.152007032185793 ], [ 786660.277621036395431, 6560478.785581370815635 ], [ 787000.085099588613957, 6560581.615491541102529 ], [ 787185.301129914820194, 6560449.578240565955639 ], [ 787327.381936715682968, 6560392.087632820010185 ], [ 787496.285079993773252, 6560422.750660214573145 ], [ 788003.047119698254392, 6560214.26519088447094 ], [ 788150.663631225237623, 6560261.422414707019925 ], [ 788287.911617741221562, 6560487.439267031848431 ], [ 788320.894079182296991, 6560881.932706460356712 ], [ 788406.943015023833141, 6561206.439614107832313 ], [ 788461.086440974613652, 6561554.321900579147041 ], [ 788667.520507915061899, 6561810.902667328715324 ], [ 788894.439818931743503, 6561792.254456551745534 ], [ 789357.194317926303484, 6561840.011419367045164 ], [ 789478.803145533544011, 6561732.311089735478163 ], [ 789681.204189958283678, 6561728.443686071783304 ], [ 789995.523522811476141, 6561884.121031435206532 ], [ 790392.404717065277509, 6561872.285318247973919 ], [ 790783.719820528756827, 6561947.298675736412406 ], [ 790835.328034991165623, 6562149.41443701647222 ], [ 790191.45222058519721, 6562511.25724720582366 ], [ 790178.654777696589008, 6563071.458503825590014 ], [ 790235.540718788397498, 6563372.427987643517554 ], [ 790423.891512539703399, 6563578.746855393052101 ], [ 790356.319138425751589, 6563734.030965723097324 ], [ 790407.936376634635963, 6563795.999341877177358 ], [ 790374.213802106212825, 6563985.404427701607347 ], [ 790378.586158796446398, 6564191.489987034350634 ], [ 790572.099334375350736, 6564259.137941833585501 ], [ 790891.969340935116634, 6564294.139894302934408 ], [ 790985.789108176250011, 6564280.40100197866559 ], [ 791306.771296301158145, 6564267.726122904568911 ], [ 791419.047487659845501, 6564144.068771626800299 ], [ 791452.801763239200227, 6563737.041034832596779 ], [ 791379.875284341163933, 6563464.73850002605468 ], [ 791392.04073922673706, 6563362.809719413518906 ], [ 791604.654422856168821, 6563314.423280966468155 ], [ 791651.208132789237425, 6563289.036878451704979 ], [ 791712.241923399269581, 6563287.990119233727455 ], [ 791818.490136542939581, 6563330.269643573090434 ], [ 792128.119005612097681, 6563352.928321843966842 ], [ 792211.882314566290006, 6563255.872253032401204 ], [ 792413.528949175262824, 6562727.295936344191432 ], [ 792956.772685908479616, 6562942.044914966449142 ], [ 793227.639932764461264, 6563182.286097212694585 ], [ 793232.34310266142711, 6563408.289226121269166 ], [ 793167.674591810558923, 6563563.792733574286103 ], [ 793180.135646062204614, 6563747.240150654688478 ], [ 793166.718147449544631, 6563876.942527712322772 ], [ 793217.892509240889922, 6563977.86719061434269 ], [ 793232.031588965794072, 6564052.957427764311433 ], [ 793189.737575014587492, 6564251.103876945562661 ], [ 793219.18332056934014, 6564374.027378736063838 ], [ 793444.187788596842438, 6564476.769438341259956 ], [ 793557.183062264346518, 6564583.529290119186044 ], [ 793575.149199583102018, 6564729.788448775187135 ], [ 793123.760517567861825, 6564947.495847509242594 ], [ 792666.071261887671426, 6564917.005494333803654 ], [ 792432.036638052668422, 6565084.088210650719702 ], [ 792386.990689470199868, 6565188.012705652043223 ], [ 792443.219548218999989, 6565479.694594843313098 ], [ 792605.505723875481635, 6565625.060057319700718 ], [ 792639.53659415547736, 6565736.260238219052553 ], [ 792462.643299483926967, 6565932.230572164058685 ], [ 792203.20827481104061, 6566003.804426901042461 ], [ 791961.742840496473946, 6565888.091519603505731 ], [ 791801.71747561194934, 6565926.543382922187448 ], [ 791656.679110108176246, 6566104.741746585816145 ], [ 791612.191704635741189, 6566362.70215739030391 ], [ 791816.517410005442798, 6566393.121925858780742 ], [ 791983.702946443809196, 6566434.659319398924708 ], [ 792654.957062340341508, 6566444.459776917472482 ], [ 793149.322008523857221, 6566176.06066620349884 ], [ 793270.981042548781261, 6566181.089586829766631 ], [ 793405.205024247989058, 6566325.211625740863383 ], [ 793381.591691362438723, 6566581.507793972268701 ], [ 793334.467268648091704, 6566790.09725793171674 ], [ 793343.53602754464373, 6567048.020127848722041 ], [ 793560.747379581793211, 6567556.076766982674599 ], [ 793526.863145787734538, 6567728.374695194885135 ], [ 793448.319365771021694, 6567774.229497019201517 ], [ 793329.465952762402594, 6567780.743317998945713 ], [ 792939.31270242203027, 6567444.621459282934666 ], [ 792728.506165706552565, 6567340.994500151835382 ], [ 792127.927160776918754, 6566908.342427333816886 ], [ 791827.630150931188837, 6567016.354834355413914 ], [ 791716.474967568879947, 6567259.50032826513052 ], [ 791585.293034862261266, 6567639.81423828471452 ], [ 791659.404667428461835, 6567930.518719397485256 ], [ 792086.935017833253369, 6568397.760416907258332 ], [ 792080.560577297583222, 6568469.508951449766755 ], [ 792128.202650815364905, 6568502.658953277394176 ], [ 792196.664655205444433, 6568787.901062523946166 ], [ 792354.890557699021883, 6568950.000372812151909 ], [ 792625.247745947213843, 6569179.550854587927461 ], [ 792932.974543502205051, 6569528.915938733145595 ], [ 793435.729756535962224, 6569697.445432303473353 ], [ 793883.529366173781455, 6569928.814426890574396 ], [ 794694.435467788716778, 6570172.922067057341337 ], [ 794837.959884493146092, 6570487.582043878734112 ], [ 794876.686154876835644, 6570925.091238342225552 ], [ 794508.42229506757576, 6571163.453862802125514 ], [ 794303.600097467657179, 6571188.992628985084593 ], [ 794231.16248993575573, 6571112.164935892447829 ], [ 794120.992933169240132, 6570712.825762624852359 ], [ 793941.434374624630436, 6570342.574657933786511 ], [ 793786.742144666146487, 6570196.800467435270548 ], [ 793594.823895431589335, 6570158.731583234854043 ], [ 793330.330704121850431, 6570209.807959895581007 ], [ 792988.579508997267112, 6570209.91300592944026 ], [ 792792.358083844883367, 6570353.939952783286572 ], [ 792735.731516506406479, 6570566.491143373772502 ], [ 792791.16654245054815, 6570747.776646256446838 ], [ 793169.081605164683424, 6571231.594219353981316 ], [ 793632.671380241867155, 6571358.14065813831985 ], [ 793730.058005906408653, 6571491.650813000276685 ], [ 793759.867184693459421, 6571809.974712652154267 ], [ 793624.52725233999081, 6572211.12602346111089 ], [ 793882.654465807136148, 6572673.860473349690437 ], [ 793826.469156311359257, 6572858.659291280433536 ], [ 793958.826868526753969, 6573008.150042228400707 ], [ 794542.590763886692002, 6573084.808103953488171 ], [ 794670.551872924901545, 6573156.246056666597724 ], [ 794884.468351609073579, 6573416.350990081205964 ], [ 795161.487229153863154, 6573339.4140829667449 ], [ 795499.771223662188277, 6572854.103127310983837 ], [ 795711.38303067558445, 6572690.343975175172091 ], [ 796050.254150568274781, 6572683.514460077509284 ], [ 796396.046111703617498, 6572287.193031217902899 ], [ 796515.427318032598123, 6572248.63775309920311 ], [ 796675.952527745510451, 6572313.683555031195283 ], [ 796915.757949865190312, 6572724.250435058027506 ], [ 797263.28916987858247, 6573016.509387059137225 ], [ 797321.918328220956028, 6573167.590771964751184 ], [ 797254.838791189831682, 6573516.658510320819914 ], [ 797385.700961262336932, 6573829.562325114384294 ], [ 797572.850144353695214, 6573920.823647757992148 ], [ 797865.254658330231905, 6573898.136531317606568 ], [ 798259.074254908948205, 6573920.757396852597594 ], [ 798681.405013991286978, 6574146.72911068610847 ], [ 799142.978409706498496, 6574487.867311152629554 ], [ 799157.784772528335452, 6574576.864740241318941 ], [ 799103.630456946790218, 6574651.207206872291863 ], [ 798982.36176201980561, 6574701.718315720558167 ], [ 798626.517382169957273, 6574773.672948361374438 ], [ 798282.158196019474417, 6575149.436541060917079 ], [ 797875.993532952619717, 6575081.185739904642105 ], [ 797733.764287639642134, 6575070.60284261777997 ], [ 797495.341103652259335, 6575253.817122084088624 ], [ 797492.822470158105716, 6575442.778084205463529 ], [ 797782.739826380042359, 6575792.943727081641555 ], [ 798067.468517801491544, 6575909.206949584186077 ], [ 798236.132687550038099, 6576079.758021475747228 ], [ 798849.893377268919721, 6576239.913079171441495 ], [ 798982.038211808539927, 6576154.471459411084652 ], [ 799085.117963886354119, 6575718.439745783805847 ], [ 799192.620438905665651, 6575595.117727549746633 ], [ 799348.691435971995816, 6575487.698987500742078 ], [ 799563.922104897792451, 6575487.61684512346983 ], [ 799737.711626181378961, 6575892.868914201855659 ], [ 799703.781589763704687, 6576205.518175412900746 ], [ 799801.081864485051483, 6576409.92102619074285 ], [ 799919.042457631439902, 6576481.918159356340766 ], [ 800171.13698731106706, 6576419.576397592201829 ], [ 800170.037113921367563, 6576114.68223057128489 ], [ 800385.846284690313041, 6575798.032935585826635 ], [ 800656.785682384972461, 6575702.84748594276607 ], [ 800976.796643928042613, 6575720.156413670629263 ], [ 801308.458856699755415, 6575999.334148800931871 ], [ 801546.243235698202625, 6575903.632129119709134 ], [ 801665.469174855039455, 6575814.236075822263956 ], [ 801770.68669564044103, 6575557.825108309276402 ], [ 801904.131449453998357, 6575453.726830289699137 ], [ 802157.137370393727906, 6575681.866472217254341 ], [ 802249.90886844531633, 6575851.850251132622361 ], [ 802311.50340608949773, 6576053.519214438274503 ], [ 802470.748753200052306, 6576238.42998019605875 ], [ 803024.089092777809128, 6576496.433974783867598 ], [ 803167.537463491782546, 6576525.805595291778445 ], [ 803314.816293431678787, 6576582.104512528516352 ], [ 803741.628160250256769, 6576513.057229846715927 ], [ 803821.012565920362249, 6576435.039139430038631 ], [ 803873.986420468776487, 6576294.151547025889158 ], [ 803946.564503738423809, 6576238.636423307470977 ], [ 803977.079244336346164, 6576215.300117710605264 ], [ 804019.947459410177544, 6576182.509470106102526 ], [ 804127.269485579570755, 6576197.537529459223151 ], [ 804292.428734432440251, 6576483.306131340563297 ], [ 804473.85171202046331, 6576614.179997684434056 ], [ 804592.491204668069258, 6576748.334004742093384 ], [ 804854.236833086237311, 6576768.917302031069994 ], [ 805290.118118879967369, 6576412.000834446400404 ], [ 805402.371126795187593, 6576320.085289010778069 ], [ 805816.164144580368884, 6576150.063200038857758 ], [ 806072.304707950912416, 6576014.525150033645332 ], [ 806236.067994006210938, 6575998.906210349872708 ], [ 806372.778846227331087, 6576041.970593063160777 ], [ 806704.581653357716277, 6576374.216801867820323 ], [ 806939.934176600305364, 6576559.5974723957479 ], [ 807543.397317914292216, 6576808.144687884487212 ], [ 807758.362217449583113, 6577508.25778319593519 ], [ 807477.332815684261732, 6577935.491366634145379 ], [ 807491.885496112983674, 6578063.641337021254003 ], [ 807560.393482584040612, 6578112.957057218998671 ], [ 808292.949836908024736, 6578032.073767136782408 ], [ 808350.154614576138556, 6578072.054808640852571 ], [ 808987.789992067962885, 6578517.64664464443922 ], [ 809185.009064400801435, 6578513.737191637046635 ], [ 809332.772632489562966, 6578241.96040971390903 ], [ 809435.836044340976514, 6578094.922789797186852 ], [ 809614.136067896848544, 6578202.854688287712634 ], [ 809783.089140568161383, 6578803.990080278366804 ], [ 809839.525986746884882, 6579193.718113524839282 ], [ 810141.846561754355207, 6579445.681932909414172 ], [ 810290.897481293417513, 6579623.687996830791235 ], [ 810984.054634920321405, 6579711.356793321669102 ], [ 811219.984936857130378, 6579951.998774329200387 ], [ 811329.977219574502669, 6580017.510240621864796 ], [ 811480.782827170100063, 6580048.394764429889619 ], [ 811907.549333488685079, 6580255.775718195363879 ], [ 812016.614928914117627, 6580588.526682075113058 ], [ 812100.835236132959835, 6580786.690698063001037 ], [ 812242.26801372366026, 6580919.552771726623178 ], [ 812443.437681258423254, 6580943.167973103001714 ], [ 812520.971327893901616, 6580784.903141977265477 ], [ 812419.059360715560615, 6580442.643803655169904 ], [ 812166.580225783865899, 6580175.123973589390516 ], [ 812167.843500563176349, 6579820.174755517393351 ], [ 812366.067284245276824, 6579600.09944536909461 ], [ 812587.140700892778113, 6579518.959783580154181 ], [ 812659.040474572801031, 6579538.053680457174778 ], [ 812733.772441098233685, 6579748.391338950023055 ], [ 812869.182824529940262, 6579865.691975043155253 ], [ 813010.084731872659177, 6579896.934585481882095 ], [ 813170.921853821026161, 6579872.387315416708589 ], [ 813458.372742607956752, 6579661.024698020890355 ], [ 813543.382221825188026, 6579642.618475787341595 ], [ 813698.213224371895194, 6579793.228480093181133 ], [ 813723.672651917673647, 6579932.202246060594916 ], [ 813874.731275141122751, 6580244.312498985789716 ], [ 814223.693102838704363, 6580331.645391217432916 ], [ 814714.035755007062107, 6580590.653810817748308 ], [ 814943.158350482350215, 6580712.060196995735168 ], [ 815349.123105196515098, 6581104.489024419337511 ], [ 815594.443216405110434, 6581341.607317241840065 ], [ 815638.927396079874597, 6581547.553612147457898 ], [ 815521.131543136783876, 6581802.724081799387932 ], [ 815499.538674953859299, 6581919.131912626326084 ], [ 815660.998414212255739, 6582096.909340651705861 ], [ 815730.241987459128723, 6582065.510861431248486 ], [ 816171.155375435482711, 6581502.9133883677423 ], [ 816463.311354197561741, 6581473.427912700921297 ], [ 816521.655568565241992, 6581799.949549213051796 ], [ 816727.575995711609721, 6582096.971607862040401 ], [ 816855.125795217929408, 6582164.020539586432278 ], [ 817064.802686841925606, 6582060.7721215961501 ], [ 817423.551076547475532, 6581718.734418866224587 ], [ 818369.598944611381739, 6581882.62387369479984 ], [ 818577.02453094930388, 6582064.175740864127874 ], [ 818704.784766447730362, 6582083.263137535192072 ], [ 818795.343400031677447, 6582073.720404585823417 ], [ 818742.635264976415783, 6582318.031202571466565 ], [ 818765.536370178684592, 6582413.627153936773539 ], [ 818848.657791965641081, 6582496.501062883064151 ], [ 819041.285211633890867, 6582596.950237863697112 ], [ 819011.931036371039227, 6582711.469652796164155 ], [ 818747.298674082150683, 6582972.090316010639071 ], [ 818793.973244903841987, 6583156.839820820838213 ], [ 818805.755990003701299, 6583182.220340833999217 ], [ 818821.380993378930725, 6583207.319612457416952 ], [ 818836.06456284923479, 6583226.230369351804256 ], [ 818848.694150619907305, 6583238.264263386838138 ], [ 818860.270198326907121, 6583245.489530054852366 ], [ 818874.194554154877551, 6583252.444838435389102 ], [ 818892.362738050054759, 6583258.773840999230742 ], [ 818911.75891165714711, 6583262.279763739556074 ], [ 818930.996347077190876, 6583262.715389262884855 ], [ 818949.084739055717364, 6583260.598745679482818 ], [ 818966.640908930916339, 6583256.377658203244209 ], [ 818984.662052128231153, 6583249.445081012323499 ], [ 818996.851608598721214, 6583242.253746621310711 ], [ 819013.382667212514207, 6583229.371032266877592 ], [ 819034.244952373439446, 6583210.775017561390996 ], [ 819072.191319365054369, 6583175.372012030333281 ], [ 819107.89060877438169, 6583146.197122247889638 ], [ 819127.918852597824298, 6583133.997858615592122 ], [ 819144.02375094150193, 6583127.377576125785708 ], [ 819156.449139712960459, 6583125.840558144263923 ], [ 819169.387266705976799, 6583126.075480623170733 ], [ 819182.481484358897433, 6583128.648060476407409 ], [ 819195.505480937892571, 6583133.998007831163704 ], [ 819208.979170704027638, 6583143.175489818677306 ], [ 819222.761291913921013, 6583155.940504617989063 ], [ 819238.833908268949017, 6583172.589029023423791 ], [ 819261.892798682209104, 6583191.593009817413986 ], [ 819292.027754229609855, 6583214.992333197034895 ], [ 819327.176028242567554, 6583245.235383240506053 ], [ 819362.684652967262082, 6583280.474180759862065 ], [ 819392.07412624056451, 6583313.52026978880167 ], [ 819408.07771625102032, 6583332.968148924410343 ], [ 819428.194857315858826, 6583366.324821207672358 ], [ 819459.264906937838532, 6583428.316728935576975 ], [ 819478.401740949135274, 6583462.834985191002488 ], [ 819491.321350682293996, 6583484.206734055653214 ], [ 819498.014089799486101, 6583492.432278409600258 ], [ 819508.198922735638916, 6583501.796667695045471 ], [ 819527.236893208464608, 6583513.793557919561863 ], [ 819562.317098434315994, 6583532.104288961738348 ], [ 819611.675514159025624, 6583553.473364625126123 ], [ 819656.710632435977459, 6583569.609774771146476 ], [ 819690.4980167390313, 6583579.277702964842319 ], [ 819717.100732624297962, 6583584.13179393671453 ], [ 819744.284237186308019, 6583585.027509773150086 ], [ 819770.415598820429295, 6583582.135851584374905 ], [ 819796.395929063204676, 6583576.440048201940954 ], [ 819821.339801607769914, 6583568.122032244689763 ], [ 819860.325483558233827, 6583550.813250952400267 ], [ 819889.557492059422657, 6583532.475446484982967 ], [ 819921.804949081270024, 6583518.232370079495013 ], [ 819957.98498649103567, 6583508.001012722030282 ], [ 819992.935881889658049, 6583494.154055055230856 ], [ 820026.307151847402565, 6583476.824122302234173 ], [ 820107.04888510343153, 6583432.730066362768412 ], [ 820190.293177001643926, 6583382.987459491938353 ], [ 820229.898279067245312, 6583355.068017704412341 ], [ 820245.220970777794719, 6583343.129799813963473 ], [ 820259.019418038194999, 6583328.917108407244086 ], [ 820270.503759937128052, 6583313.241828646510839 ], [ 820278.91820332640782, 6583295.815802522934973 ], [ 820283.857123539317399, 6583277.805736002512276 ], [ 820286.091057959478348, 6583254.881234288215637 ], [ 820285.361564224818721, 6583225.451470620930195 ], [ 820280.6593191443244, 6583183.330015100538731 ], [ 820272.314855050994083, 6583141.451023271307349 ], [ 820256.282678601332009, 6583079.265286540612578 ], [ 820241.864963022759184, 6582994.895204396918416 ], [ 820228.926541528315283, 6582883.51578532718122 ], [ 820219.371379070682451, 6582809.246311511844397 ], [ 820217.646271792473271, 6582768.656335861422122 ], [ 820219.899007806670852, 6582728.479905940592289 ], [ 820223.964397274423391, 6582681.677151282317936 ], [ 820230.68390563770663, 6582631.075848853215575 ], [ 820240.645268574240617, 6582579.666800213977695 ], [ 820253.451997141120955, 6582528.283379207365215 ], [ 820264.583427324076183, 6582473.74191814288497 ], [ 820271.748617657111026, 6582417.898463359102607 ], [ 820275.923544426681474, 6582360.079872251488268 ], [ 820274.128168316790834, 6582301.518998925574124 ], [ 820266.418161356821656, 6582244.068094380199909 ], [ 820253.818133301567286, 6582184.843386581167579 ], [ 820236.129527639830485, 6582126.481827452778816 ], [ 820213.734519426478073, 6582070.226379396393895 ], [ 820194.472621900727972, 6582015.919547736644745 ], [ 820177.960561507381499, 6581959.087926963344216 ], [ 820166.143659132765606, 6581905.834374889731407 ], [ 820159.550542688462883, 6581864.524501191452146 ], [ 820156.436935747275129, 6581835.121823862195015 ], [ 820155.660685453098267, 6581810.522487813606858 ], [ 820158.690738883800805, 6581781.268545540980995 ], [ 820167.673541445983574, 6581739.735626883804798 ], [ 820182.987571263220161, 6581685.135258140042424 ], [ 820202.51849933504127, 6581628.720923520624638 ], [ 820223.064128960482776, 6581581.234813010320067 ], [ 820257.412395171122625, 6581520.09057807829231 ], [ 820292.081969296559691, 6581467.750966447405517 ], [ 820306.221682376693934, 6581439.795337842777371 ], [ 820313.031379251508042, 6581422.894579356536269 ], [ 820316.258863213704899, 6581410.131116066128016 ], [ 820318.854162378469482, 6581391.303115386515856 ], [ 820318.785639844485559, 6581364.773064944893122 ], [ 820313.716952098766342, 6581333.108892053365707 ], [ 820304.173381611239165, 6581301.046183221042156 ], [ 820288.847827023360878, 6581267.791568702086806 ], [ 820270.194000869523734, 6581230.218524765223265 ], [ 820253.951934058452025, 6581191.629463776946068 ], [ 820241.695045789238065, 6581150.522900578565896 ], [ 820232.382241590996273, 6581104.1214629849419 ], [ 820223.667511514271609, 6581052.118121523410082 ], [ 820213.056496496894397, 6581000.748957771807909 ], [ 820200.555855372920632, 6580960.127048373222351 ], [ 820188.38290855276864, 6580930.740908090025187 ], [ 820175.351824533077888, 6580907.541730077005923 ], [ 820159.186529901344329, 6580884.891748739406466 ], [ 820147.842284540995024, 6580862.052676375955343 ], [ 820139.021719726966694, 6580837.783510794863105 ], [ 820133.719068683916703, 6580815.218289829790592 ], [ 820126.230849213665351, 6580794.81679318472743 ], [ 820113.497554163681343, 6580768.766703560017049 ], [ 820095.617080296156928, 6580737.775553150102496 ], [ 820074.168358352850191, 6580706.26976874191314 ], [ 820052.349485432729125, 6580682.212917888537049 ], [ 820031.292197186267003, 6580663.428496410138905 ], [ 820009.813048427458853, 6580648.775270039215684 ], [ 819980.384802733315155, 6580634.737883742898703 ], [ 819941.299855208955705, 6580620.257361240684986 ], [ 819895.65921622607857, 6580606.550561523064971 ], [ 819849.140488818055019, 6580595.811741880141199 ], [ 819802.680138628231362, 6580587.33563665766269 ], [ 819754.836497298441827, 6580583.18588338419795 ], [ 819703.682843339396641, 6580582.343379370868206 ], [ 819637.683112085796893, 6580587.163058124482632 ], [ 819588.115212552249432, 6580592.899920988827944 ], [ 819559.439248225069605, 6580595.63507528975606 ], [ 819545.060033652116545, 6580595.466338664293289 ], [ 819527.125187936937436, 6580592.007110255770385 ], [ 819499.864091548603028, 6580585.707737756893039 ], [ 819473.184295485261828, 6580575.794097092933953 ], [ 819449.941259952029213, 6580563.60164194740355 ], [ 819433.99694511317648, 6580551.778952945023775 ], [ 819421.119008873356506, 6580538.421269576065242 ], [ 819410.335061598336324, 6580523.035961072891951 ], [ 819402.302058570552617, 6580507.734794773161411 ], [ 819394.523175867390819, 6580484.288830664008856 ], [ 819383.245965466485359, 6580436.114206027239561 ], [ 819356.834929876378737, 6580332.487006175331771 ], [ 819328.622557481285185, 6580226.893290385603905 ], [ 819312.219653047155589, 6580153.350420506671071 ], [ 819302.508052289718762, 6580079.407403787598014 ], [ 819297.838102520210668, 6580030.890627985820174 ], [ 819297.805269979988225, 6580007.723395465873182 ], [ 819300.543524211621843, 6579990.756484396755695 ], [ 819305.86535155843012, 6579970.848111467435956 ], [ 819313.198699119966477, 6579953.199661746621132 ], [ 819323.384892396163195, 6579936.487099369987845 ], [ 819335.722119186306372, 6579921.897055962122977 ], [ 819350.257679814123549, 6579910.049775717779994 ], [ 819362.165401142090559, 6579902.544028553180397 ], [ 819390.667101461673155, 6579889.257152862846851 ], [ 819445.02021782239899, 6579865.95968581084162 ], [ 819519.13463010918349, 6579836.497066015377641 ], [ 819584.385234878398478, 6579816.102792059071362 ], [ 819639.686208521248773, 6579803.366432927548885 ], [ 819691.53835636517033, 6579793.774902199395001 ], [ 819740.427731731208041, 6579787.569012882187963 ], [ 819795.556497687124647, 6579785.383179232478142 ], [ 819850.50111356889829, 6579788.23146001342684 ], [ 819897.236205327790231, 6579792.569061134941876 ], [ 819938.346731275436468, 6579795.18798098154366 ], [ 819980.786872073542327, 6579794.247743232175708 ], [ 820027.491602556430735, 6579787.995060161687434 ], [ 820079.71556003508158, 6579776.758554522879422 ], [ 820126.925764660350978, 6579765.017306933179498 ], [ 820160.946597470785491, 6579757.62387272529304 ], [ 820183.731915727024898, 6579756.184922045096755 ], [ 820205.272021939512342, 6579758.879696123301983 ], [ 820229.422210730612278, 6579764.626626985147595 ], [ 820250.341719501186162, 6579772.80179925635457 ], [ 820267.282281966647133, 6579782.08444319665432 ], [ 820286.30375866079703, 6579796.566597807221115 ], [ 820306.683116844622418, 6579817.679840029217303 ], [ 820328.944552279775962, 6579844.065161030739546 ], [ 820349.924369616899639, 6579871.454759674146771 ], [ 820368.568882762920111, 6579898.881174364127219 ], [ 820381.624681658577174, 6579921.32443203125149 ], [ 820390.285101949819364, 6579942.48984943702817 ], [ 820399.918610222754069, 6579968.632733205333352 ], [ 820413.834044799790718, 6580000.242049576714635 ], [ 820430.65269163181074, 6580029.355143448337913 ], [ 820444.12893515592441, 6580046.978841220960021 ], [ 820465.328508083126508, 6580067.956206668168306 ], [ 820506.612157357740216, 6580102.417645234614611 ], [ 820566.238093344960362, 6580149.749230405315757 ], [ 820602.464826123090461, 6580174.92619613930583 ], [ 820630.693573901313357, 6580190.796312445774674 ], [ 820665.308986898395233, 6580205.686164142563939 ], [ 820714.204714285209775, 6580221.600826280191541 ], [ 820767.429963242262602, 6580235.953005271032453 ], [ 820807.143030454288237, 6580244.88311468064785 ], [ 820840.684256484615617, 6580248.559052718803287 ], [ 820875.266308482503518, 6580247.996151956729591 ], [ 820912.317162678577006, 6580243.551085616461933 ], [ 820946.273450631182641, 6580234.603023388423026 ], [ 820982.78467304375954, 6580220.182681245729327 ], [ 821033.082229060237296, 6580205.9689527945593 ], [ 821080.378395639825612, 6580195.442179867066443 ], [ 821124.947565154056065, 6580188.172294043004513 ], [ 821156.408999789739028, 6580185.426621470600367 ], [ 821187.986204801592976, 6580186.207622011192143 ], [ 821229.22556730278302, 6580191.74869660846889 ], [ 821312.021234700223431, 6580200.311911355704069 ], [ 821396.444926922325976, 6580211.412084515206516 ], [ 821434.534837224520743, 6580219.522914788685739 ], [ 821471.566003062529489, 6580231.584340263158083 ], [ 821507.123038400546648, 6580247.475678879767656 ], [ 821591.58177628077101, 6580282.263865683227777 ], [ 821662.559786894358695, 6580310.774883671663702 ], [ 821698.05963399913162, 6580320.939008418470621 ], [ 821733.468499387265183, 6580328.718947472050786 ], [ 821768.926260266220197, 6580333.355578168295324 ], [ 821791.404626816511154, 6580333.754333322867751 ], [ 821819.28949177917093, 6580331.791832336224616 ], [ 821852.580169084714726, 6580327.445848241448402 ], [ 821925.001614751061425, 6580315.213550146669149 ], [ 822018.703006063355133, 6580303.337481928989291 ], [ 822115.270665726158768, 6580297.268929718993604 ], [ 822195.590140796266496, 6580294.154837261885405 ], [ 822235.719452065997757, 6580292.065608233213425 ], [ 822268.773828255245462, 6580293.531548434868455 ], [ 822301.522563308244571, 6580298.192769495770335 ], [ 822336.682257195701823, 6580305.944982573390007 ], [ 822365.706825724802911, 6580315.392312201671302 ], [ 822386.292549517122097, 6580324.139886110089719 ], [ 822404.467663908144459, 6580334.558910334482789 ], [ 822423.17231871036347, 6580346.971285663545132 ], [ 822438.366609515389428, 6580356.037155032157898 ], [ 822457.070377336349338, 6580363.031938614323735 ], [ 822476.193058567470871, 6580367.727103513665497 ], [ 822502.667069254326634, 6580371.356262139976025 ], [ 822529.867532330332324, 6580371.455292516387999 ], [ 822564.803437688737176, 6580367.989866174757481 ], [ 822604.905691395048052, 6580368.475666485726833 ], [ 822663.611900128540583, 6580366.63343526981771 ], [ 822714.562364588608034, 6580360.718098608776927 ], [ 822754.629478047601879, 6580354.97639705054462 ], [ 822784.11973270913586, 6580351.94144969061017 ], [ 822805.962916928925551, 6580352.224087962880731 ], [ 822822.073119684006087, 6580354.833897948265076 ], [ 822838.823700200533494, 6580359.9332694420591 ], [ 822857.522778761689551, 6580369.292172506451607 ], [ 822875.211225431761704, 6580381.012977591715753 ], [ 822891.117405084893107, 6580394.597271296195686 ], [ 822903.096424061572179, 6580407.523310221731663 ], [ 822913.266808685613796, 6580422.391365448012948 ], [ 822920.976757741882466, 6580438.233128221705556 ], [ 822923.432073754258454, 6580451.325330939143896 ], [ 822928.226502800825983, 6580464.18019887432456 ], [ 822934.952654714696109, 6580475.677696602419019 ], [ 822948.058655164670199, 6580490.079404782503843 ], [ 822963.755441113957204, 6580505.912486108019948 ], [ 822975.891308705555275, 6580523.063438968732953 ], [ 822990.46191685134545, 6580547.245710339397192 ], [ 823008.601669333525933, 6580574.805813409388065 ], [ 823028.036855518235825, 6580599.284820774570107 ], [ 823041.882042938028462, 6580613.419824352487922 ], [ 823057.968525495380163, 6580625.666272604838014 ], [ 823075.999530194327235, 6580636.343989061191678 ], [ 823096.14855241868645, 6580650.865311648696661 ], [ 823114.767124745179899, 6580668.60802691616118 ], [ 823131.46080683125183, 6580691.09391487762332 ], [ 823143.621453596628271, 6580715.371235506609082 ], [ 823154.098292171489447, 6580738.755911053158343 ], [ 823166.368081849068403, 6580760.310005713254213 ], [ 823184.555841603083536, 6580783.738625958561897 ], [ 823207.27417329151649, 6580807.185395097360015 ], [ 823232.418687362689525, 6580828.205069885589182 ], [ 823258.2250625139568, 6580844.830588612705469 ], [ 823285.416473834775388, 6580858.172399863600731 ], [ 823312.062903237645514, 6580866.801355116069317 ], [ 823339.045994055806659, 6580872.000731978565454 ], [ 823370.342248594621196, 6580872.573138497769833 ], [ 823406.929283338831738, 6580868.544406520202756 ], [ 823440.257417629705742, 6580862.216380527243018 ], [ 823466.234228053595871, 6580853.491132205352187 ], [ 823486.079257099190727, 6580842.476059831678867 ], [ 823507.064911672845483, 6580828.650936728343368 ], [ 823548.487806543824263, 6580792.080314373597503 ], [ 823563.503431413788348, 6580776.881872770376503 ], [ 823619.668617055052891, 6580722.43412293959409 ], [ 823658.305402839556336, 6580686.546985723078251 ], [ 823683.235932244802825, 6580664.819469697773457 ], [ 823694.451157544506714, 6580657.263069298118353 ], [ 823713.868981816340238, 6580647.337331584654748 ], [ 823732.419199296738952, 6580641.012636611238122 ], [ 823751.409876177553087, 6580636.894884650595486 ], [ 823770.782462707953528, 6580635.263394782319665 ], [ 823804.493802762473933, 6580636.538281885907054 ], [ 823871.989240061608143, 6580635.488569274544716 ], [ 823972.467026162077673, 6580631.57177129201591 ], [ 824026.581993252271786, 6580625.742893917486072 ], [ 824059.539217998273671, 6580620.789593502879143 ], [ 824081.169885820010677, 6580620.665391413494945 ], [ 824103.040116413496435, 6580623.697870662435889 ], [ 824123.813212058041245, 6580629.70560884475708 ], [ 824147.609663170529529, 6580640.972499622032046 ], [ 824167.150208127684891, 6580652.746125327423215 ], [ 824188.404243617551401, 6580669.219210054725409 ], [ 824228.687128909863532, 6580704.886226448230445 ], [ 824304.184596107690595, 6580767.936600269749761 ], [ 824344.345200916053727, 6580803.65138784982264 ], [ 824372.392990624299273, 6580830.930609725415707 ], [ 824388.31857361854054, 6580849.785731120966375 ], [ 824407.499446074012667, 6580878.056093500927091 ], [ 824436.23738952842541, 6580926.130075294524431 ], [ 824474.118095788173378, 6580983.839874729514122 ], [ 824493.433047679136507, 6581014.615061180666089 ], [ 824504.449206369230524, 6581039.247983295470476 ], [ 824513.026240484090522, 6581066.186546085402369 ], [ 824518.543554172618315, 6581094.55038233846426 ], [ 824520.907342257676646, 6581121.256045060232282 ], [ 824520.749893578817137, 6581156.386945968493819 ], [ 824517.183530995855108, 6581206.342512872070074 ], [ 824505.97022247640416, 6581297.740512781776488 ], [ 824495.498836528742686, 6581368.821817063726485 ], [ 824490.884588759159669, 6581411.415403407998383 ], [ 824491.181129465810955, 6581441.325727244839072 ], [ 824494.829554767115042, 6581464.295419701375067 ], [ 824501.631444214610383, 6581485.137591411359608 ], [ 824511.078396025928669, 6581504.456093622371554 ], [ 824526.033888394595124, 6581531.689184784889221 ], [ 824543.811803396441974, 6581557.559721387922764 ], [ 824563.871140231378376, 6581581.284815052524209 ], [ 824581.614248884608969, 6581596.243292283266783 ], [ 824605.165636043762788, 6581610.70312525331974 ], [ 824640.547280118567869, 6581626.468315222300589 ], [ 824682.354217365616933, 6581641.549440840259194 ], [ 824702.882886355975643, 6581647.630360202863812 ], [ 824724.002113242051564, 6581651.084346048533916 ], [ 824745.404321086476557, 6581651.876345345750451 ], [ 824769.790693983668461, 6581650.012967554852366 ], [ 824789.622973647667095, 6581646.112173892557621 ], [ 824807.991762382443994, 6581639.757972228340805 ], [ 824826.36080020153895, 6581629.951058964245021 ], [ 824844.109425435890444, 6581616.754731661640108 ], [ 824858.793092450592667, 6581601.986393819563091 ], [ 824873.122034737607464, 6581580.601031441241503 ], [ 824890.474917298182845, 6581547.488851569592953 ], [ 824904.861396532040089, 6581513.212436203844845 ], [ 824911.139647546806373, 6581488.830366182141006 ], [ 824914.853147889603861, 6581464.204424919560552 ], [ 824921.079767713323236, 6581444.420078029856086 ], [ 824930.152842932147905, 6581425.326181505806744 ], [ 824941.549786255811341, 6581408.004417402669787 ], [ 824955.432026577182114, 6581392.094602700322866 ], [ 824971.940845277276821, 6581378.147517410106957 ], [ 824989.946443029446527, 6581367.119012223556638 ], [ 825005.565883989911526, 6581359.193955546244979 ], [ 825023.446075259475037, 6581354.741507689468563 ], [ 825040.963246970204636, 6581354.407775619998574 ], [ 825062.590644271462224, 6581352.860825255513191 ], [ 825084.310399160720408, 6581347.114510469138622 ], [ 825103.870201997109689, 6581337.74813380651176 ], [ 825128.082453520153649, 6581321.390107016079128 ], [ 825150.202009162632748, 6581301.421062028035522 ], [ 825170.664941309718415, 6581276.750839197076857 ], [ 825189.098796559148468, 6581250.243980335071683 ], [ 825205.109697126434185, 6581222.489798678085208 ], [ 825227.121978203300387, 6581174.502652371302247 ], [ 825241.11637262289878, 6581137.473160846158862 ], [ 825248.116360813844949, 6581112.924439132213593 ], [ 825250.598434500861913, 6581091.921709649264812 ], [ 825250.595446312567219, 6581070.772692451253533 ], [ 825248.078265097923577, 6581049.778028431348503 ], [ 825243.063718026620336, 6581020.377644068561494 ], [ 825235.272503109299578, 6580991.317242841236293 ], [ 825214.072868837276474, 6580929.892761819064617 ], [ 825178.875295630423352, 6580821.778485952876508 ], [ 825147.811719798948616, 6580740.560160957276821 ], [ 825117.047318329801783, 6580676.374066854827106 ], [ 825077.252973539754748, 6580604.047856358811259 ], [ 825035.061050665099174, 6580534.425748283043504 ], [ 824990.098027998232283, 6580464.677016602829099 ], [ 824958.579060150892474, 6580413.080946418456733 ], [ 824940.189918793155812, 6580375.306360603310168 ], [ 824932.548192625283264, 6580350.804171656258404 ], [ 824926.762876085704193, 6580316.819945150986314 ], [ 824922.533235392882489, 6580269.454984543845057 ], [ 824921.717417863081209, 6580193.942706095986068 ], [ 824925.74424389982596, 6580140.964025584980845 ], [ 824926.019166513346136, 6580111.635603109374642 ], [ 824924.373053267830983, 6580086.206948671489954 ], [ 824920.816163743613288, 6580064.699954470619559 ], [ 824910.874270202359185, 6580032.274489786475897 ], [ 824895.806192209711298, 6580001.015444116666913 ], [ 824876.634281463688239, 6579973.045422642491758 ], [ 824869.607271902845241, 6579960.22586833499372 ], [ 824863.772541352314875, 6579941.275069124996662 ], [ 824860.02810484089423, 6579917.064925501123071 ], [ 824858.113854037947021, 6579889.746021555736661 ], [ 824860.719187925802544, 6579861.467914253473282 ], [ 824867.341136337723583, 6579817.291695050895214 ], [ 824875.596625563455746, 6579770.15701006911695 ], [ 824888.955967995570973, 6579723.64395578019321 ], [ 824906.978474475909024, 6579679.320195005275309 ], [ 824926.308959611225873, 6579635.500523660331964 ], [ 824942.373276493512094, 6579590.092830933630466 ], [ 824954.907757580745965, 6579543.871199917979538 ], [ 824967.62486865115352, 6579508.046443803235888 ], [ 824984.380858359276317, 6579473.408597538247705 ], [ 825004.571881035575643, 6579441.197250968776643 ], [ 825016.520145337097347, 6579415.032277543097734 ], [ 825025.772606214741245, 6579387.450695813633502 ], [ 825032.031381633016281, 6579359.360848302021623 ], [ 825035.834915455663577, 6579318.267792318016291 ], [ 825037.278891910566017, 6579222.703002699650824 ], [ 825034.094950395636261, 6579111.658891352824867 ], [ 825027.444850354222581, 6579020.415213724598289 ], [ 825020.10453356965445, 6578975.320995935238898 ], [ 825016.896323507768102, 6578938.871318928897381 ], [ 825016.585136317880824, 6578902.277816960588098 ], [ 825020.125925204716623, 6578857.917668977752328 ], [ 825027.822333152173087, 6578814.496605763211846 ], [ 825030.706601313548163, 6578791.949506893754005 ], [ 825036.947945997584611, 6578769.588704226538539 ], [ 825043.379452917259187, 6578754.094180796295404 ], [ 825049.073571986635216, 6578744.250804344192147 ], [ 825064.642646134831011, 6578723.503999275155365 ], [ 825090.077675889478996, 6578691.876187456771731 ], [ 825141.932287311297841, 6578630.777376836165786 ], [ 825168.27130689972546, 6578603.373790623620152 ], [ 825192.359581851749681, 6578580.97914254013449 ], [ 825214.197501369286329, 6578563.604543955996633 ], [ 825249.224194023525342, 6578541.642072711139917 ], [ 825274.020098805427551, 6578522.678317786194384 ], [ 825285.146976187592372, 6578512.335942870005965 ], [ 825294.491551185026765, 6578500.382648826576769 ], [ 825302.011835663346574, 6578486.697600238025188 ], [ 825305.405998576548882, 6578476.491248454898596 ], [ 825308.553738727001473, 6578458.210194282233715 ], [ 825312.383762637153268, 6578423.066654296591878 ], [ 825318.977770966244861, 6578352.678866235539317 ], [ 825321.650778157403693, 6578306.923844236880541 ], [ 825320.644578561885282, 6578261.092372929677367 ], [ 825317.885169820860028, 6578239.072595318779349 ], [ 825311.8331572948955, 6578217.719507614150643 ], [ 825302.628152811201289, 6578197.528433654457331 ], [ 825285.154003133182414, 6578172.749262701719999 ], [ 825264.466222428018227, 6578149.966573640704155 ], [ 825240.252957314252853, 6578129.001131908968091 ], [ 825225.682393664726987, 6578113.392313756048679 ], [ 825200.382356130052358, 6578081.280300866812468 ], [ 825164.352368633146398, 6578032.642849933356047 ], [ 825079.136298298137262, 6577914.919538660906255 ], [ 825029.966355779906735, 6577853.260303666815162 ], [ 824983.539976169471629, 6577800.232251901179552 ], [ 824939.88571802387014, 6577755.834532849490643 ], [ 824893.737075066193938, 6577710.946521467529237 ], [ 824867.975241160253063, 6577690.94909081608057 ], [ 824840.524437691783533, 6577673.334492552094162 ], [ 824805.951402267208323, 6577655.126472819596529 ], [ 824780.726532329106703, 6577637.343981562182307 ], [ 824757.508479626150802, 6577616.291834162548184 ], [ 824740.628693570615724, 6577597.12255641259253 ], [ 824725.758904181770049, 6577576.359948195517063 ], [ 824705.851528386352584, 6577541.407173447310925 ], [ 824667.798146340297535, 6577470.537531908601522 ], [ 824627.604870659532025, 6577401.065223013982177 ], [ 824606.068416294991039, 6577367.616304228082299 ], [ 824581.496123111108318, 6577336.33588369935751 ], [ 824554.09732377983164, 6577307.495113266631961 ], [ 824528.893954831175506, 6577279.375656452961266 ], [ 824508.829552998766303, 6577262.179321786388755 ], [ 824486.752062329789624, 6577247.098108606413007 ], [ 824463.452470852760598, 6577234.640807576477528 ], [ 824405.113962546223775, 6577205.265282167121768 ], [ 824375.244343908387236, 6577192.097486637532711 ], [ 824350.387733295559883, 6577185.093974284827709 ], [ 824325.293841345584951, 6577181.616919338703156 ], [ 824299.985374746145681, 6577183.042256187647581 ], [ 824274.087822863599285, 6577180.211247853934765 ], [ 824249.69518193625845, 6577173.348817950114608 ], [ 824223.546336889034137, 6577163.830926002934575 ], [ 824198.252237260807306, 6577151.567016545683146 ], [ 824174.590249972767197, 6577136.93311214633286 ], [ 824155.376629638718441, 6577122.496883986517787 ], [ 824138.578212267137133, 6577105.311609278433025 ], [ 824124.580515281530097, 6577085.776339367963374 ], [ 824105.593865548726171, 6577054.247412649914622 ], [ 824090.705413678195328, 6577021.16166696511209 ], [ 824082.283067646669224, 6576998.27053963765502 ], [ 824077.184747313149273, 6576973.868367553688586 ], [ 824073.625904109096155, 6576932.722212241962552 ], [ 824073.848226114409044, 6576915.796257259324193 ], [ 824076.402556442306377, 6576899.05470797047019 ], [ 824085.999429614050314, 6576872.751183193176985 ], [ 824101.289370969054289, 6576842.566440103575587 ], [ 824115.862555770319887, 6576819.664072608575225 ], [ 824129.935786918969825, 6576800.784652817063034 ], [ 824143.500196079723537, 6576785.950658766552806 ], [ 824163.154440539190546, 6576761.084005664102733 ], [ 824185.402298238244839, 6576738.081203950569034 ], [ 824209.5845912611112, 6576717.617307156324387 ], [ 824241.951438323245384, 6576695.87176825478673 ], [ 824274.585201676702127, 6576679.124930046498775 ], [ 824299.779097913531587, 6576669.887289938516915 ], [ 824318.459269837709144, 6576667.131546020507812 ], [ 824337.930747100268491, 6576667.726644869893789 ], [ 824353.262680089916103, 6576670.712527353316545 ], [ 824368.308951475657523, 6576675.949664985761046 ], [ 824382.178813800914213, 6576683.109922811388969 ], [ 824399.776732487836853, 6576694.486373756080866 ], [ 824415.839199681067839, 6576707.941201722249389 ], [ 824433.143301944248378, 6576726.642691990360618 ], [ 824465.280874395743012, 6576766.219110371544957 ], [ 824503.071431932854466, 6576818.8234140612185 ], [ 824523.510040502180345, 6576849.585885444656014 ], [ 824540.308725842274725, 6576868.025094360113144 ], [ 824566.473904928425327, 6576889.087637037038803 ], [ 824597.422846448607743, 6576909.415979819372296 ], [ 824619.001566487597302, 6576926.366125060245395 ], [ 824634.389262457261793, 6576939.963372419588268 ], [ 824643.576668115332723, 6576950.219128660857677 ], [ 824659.145487018162385, 6576963.788624675944448 ], [ 824676.261091393651441, 6576975.334827119484544 ], [ 824696.099766863859259, 6576985.443586922250688 ], [ 824718.157636647578329, 6576992.031985247507691 ], [ 824740.298854019027203, 6576994.443482333794236 ], [ 824778.257305193925276, 6576996.894576973281801 ], [ 824830.978116911603138, 6576993.988423689268529 ], [ 824882.795941628399305, 6576988.156429505906999 ], [ 824948.571004999917932, 6576977.568746102973819 ], [ 825028.303544023539871, 6576962.236195828765631 ], [ 825126.078119782963768, 6576937.970485401339829 ], [ 825202.257851371541619, 6576924.188250227831304 ], [ 825240.770263947430067, 6576920.94767249841243 ], [ 825273.523406638763845, 6576920.980239577591419 ], [ 825311.090538458898664, 6576923.152725698426366 ], [ 825363.922246511327103, 6576930.465433895587921 ], [ 825413.63404738670215, 6576939.693909488618374 ], [ 825438.094265936408192, 6576946.240796038880944 ], [ 825489.733761131996289, 6576964.347162956371903 ], [ 825568.524519497994334, 6576994.024609477259219 ], [ 825740.287775804754347, 6577055.919690739363432 ], [ 825827.374201725935563, 6577083.187970150262117 ], [ 825867.677827596897259, 6577093.412697608582675 ], [ 825892.315413360483944, 6577096.655885412357748 ], [ 825948.423463147133589, 6577100.224168049171567 ], [ 825997.588965142844245, 6577099.053060479462147 ], [ 826022.044323341688141, 6577096.65058127604425 ], [ 826039.440068986034021, 6577091.943904559127986 ], [ 826055.862744560930878, 6577084.535867026075721 ], [ 826077.186980332247913, 6577069.29516264796257 ], [ 826099.060302017605864, 6577051.350901153869927 ], [ 826121.919583306065761, 6577036.218538583256304 ], [ 826145.764161520288326, 6577023.875886624678969 ], [ 826159.624476242461242, 6577015.335977911949158 ], [ 826171.619019597768784, 6577004.332993926480412 ], [ 826182.792477504932322, 6576988.714459449052811 ], [ 826190.176838238956407, 6576970.980396490544081 ], [ 826193.388663246063516, 6576952.052924941293895 ], [ 826198.765257118735462, 6576906.580692362040281 ], [ 826200.079964233445935, 6576867.594312419183552 ], [ 826197.804877504240721, 6576843.006230599246919 ], [ 826192.673857817426324, 6576826.76554505713284 ], [ 826185.305115650640801, 6576811.859009185805917 ], [ 826172.457516306778416, 6576792.801500384695828 ], [ 826157.001463381224312, 6576775.788907614536583 ], [ 826132.86425474123098, 6576755.722532016225159 ], [ 826086.466245221206918, 6576713.389511568471789 ], [ 826034.612249689875171, 6576667.637338956817985 ], [ 826005.838335886364803, 6576645.891892873682082 ], [ 825969.618371574906632, 6576624.52965447679162 ], [ 825946.538192257285118, 6576612.390769543126225 ], [ 825921.65248826565221, 6576603.193615982308984 ], [ 825905.85566909390036, 6576598.803097891621292 ], [ 825889.563704393105581, 6576597.003382519818842 ], [ 825873.189561375998892, 6576597.837343838065863 ], [ 825857.739960801787674, 6576601.041042774915695 ], [ 825842.944706030306406, 6576606.54503239877522 ], [ 825825.335814319550991, 6576616.464855587109923 ], [ 825791.662072526291013, 6576638.899469848722219 ], [ 825756.797489860793576, 6576656.207926778122783 ], [ 825720.502242973539978, 6576670.251592788845301 ], [ 825683.059575716149993, 6576680.899675282649696 ], [ 825625.731481433613226, 6576699.038707004860044 ], [ 825596.298174663563259, 6576704.867616314440966 ], [ 825582.068510105484165, 6576705.39132425468415 ], [ 825567.54157277487684, 6576703.392838250845671 ], [ 825553.986361509654671, 6576699.04431714490056 ], [ 825538.914691479178146, 6576692.377391081303358 ], [ 825524.619666730170138, 6576683.555128233507276 ], [ 825505.164645360084251, 6576667.219024512916803 ], [ 825472.881041476037353, 6576635.843050854280591 ], [ 825457.334337007603608, 6576619.576203173026443 ], [ 825447.434961377410218, 6576605.779089406132698 ], [ 825430.488578646094538, 6576578.164318160153925 ], [ 825423.499861150747165, 6576563.43451957218349 ], [ 825419.348201504442841, 6576548.185073825530708 ], [ 825418.165882551344112, 6576525.151232946664095 ], [ 825418.290828545112163, 6576500.723012425005436 ], [ 825421.121178156929091, 6576476.167735563591123 ], [ 825426.549439534544945, 6576452.354638144373894 ], [ 825435.830467731924728, 6576418.654064279049635 ], [ 825450.437174041289836, 6576385.989777319133282 ], [ 825469.37564539629966, 6576356.612521598115563 ], [ 825491.986246174317785, 6576324.91370814293623 ], [ 825517.0973893746268, 6576294.848123926669359 ], [ 825544.276154706953093, 6576266.972980860620737 ], [ 825579.983141697244719, 6576237.171772134490311 ], [ 825613.52733123593498, 6576204.583314787596464 ], [ 825644.341566174756736, 6576169.757865499705076 ], [ 825685.218013563659042, 6576132.459731053560972 ], [ 825728.495961104752496, 6576097.630331316962838 ], [ 825773.681071727769449, 6576065.695534441620111 ], [ 825832.844519877107814, 6576022.241931898519397 ], [ 825889.947348390589468, 6575975.908947117626667 ], [ 825917.853763038059697, 6575950.59715131111443 ], [ 825943.65302539197728, 6575922.751868117600679 ], [ 825966.780052576679736, 6575892.989919768646359 ], [ 825989.551963743986562, 6575858.198429062962532 ], [ 826011.208586727734655, 6575815.436407079920173 ], [ 826030.186766482773237, 6575772.745213702321053 ], [ 826043.798695408506319, 6575738.011926677078009 ], [ 826049.864814747706987, 6575715.710838850587606 ], [ 826052.773387470515445, 6575690.020360838621855 ], [ 826053.03933350997977, 6575669.628773678094149 ], [ 826049.078498590737581, 6575648.755982495844364 ], [ 826041.35943281557411, 6575629.885611214675009 ], [ 826032.687873429618776, 6575616.173565279692411 ], [ 826023.112815110827796, 6575604.842818770557642 ], [ 826006.580927393515594, 6575591.093846175819635 ], [ 825980.819975762860849, 6575574.185723621398211 ], [ 825947.338268113904633, 6575556.481377229094505 ], [ 825917.503251135116443, 6575545.637435555458069 ], [ 825886.667928141541779, 6575538.076938444748521 ], [ 825855.198412120575085, 6575533.877487845718861 ], [ 825795.290718899108469, 6575529.437829792499542 ], [ 825735.921817054389976, 6575531.342840816825628 ], [ 825679.931182007072493, 6575535.409019649028778 ], [ 825623.781607859302312, 6575535.216575436294079 ], [ 825567.81745561666321, 6575530.754985278472304 ], [ 825519.344909760518931, 6575531.803853202611208 ], [ 825471.084706587018445, 6575536.354250946082175 ], [ 825423.265649140812457, 6575544.376979701220989 ], [ 825387.252892600488849, 6575546.554343819618225 ], [ 825350.926978258183226, 6575545.688099585473537 ], [ 825315.06361391232349, 6575541.787856075912714 ], [ 825263.66698251478374, 6575530.779296072199941 ], [ 825228.289119663648307, 6575518.637361424043775 ], [ 825204.610496064182371, 6575505.915998238138855 ], [ 825182.483475885819644, 6575489.772201254963875 ], [ 825163.123087224084884, 6575471.12365082744509 ], [ 825143.479745339369401, 6575445.400643408298492 ], [ 825127.285948927747086, 6575416.652462439611554 ], [ 825114.583996477304026, 6575385.011053866706789 ], [ 825102.628837831085548, 6575346.474707238376141 ], [ 825093.732704007299617, 6575307.800551718100905 ], [ 825088.455193929956295, 6575256.592791737988591 ], [ 825083.920854417840019, 6575197.74637777544558 ], [ 825076.979025889653713, 6575132.156845995225012 ], [ 825065.999524490907788, 6575069.133024800568819 ], [ 825050.209758717799559, 6575001.23796272277832 ], [ 825040.130636984831654, 6574963.31043947674334 ], [ 825026.960401009768248, 6574926.343236487358809 ], [ 825010.802162356441841, 6574890.57744171936065 ], [ 824982.068746348842978, 6574837.954128265380859 ], [ 824965.239605519571342, 6574809.991260012611747 ], [ 824944.975621541962028, 6574772.352373474277556 ], [ 824924.946534520480782, 6574740.52372882142663 ], [ 824902.171137266675942, 6574710.599599339067936 ], [ 824876.838248369749635, 6574682.807348161004484 ], [ 824859.268993744626641, 6574661.628052262589335 ], [ 824844.068353417795151, 6574639.022016720846295 ], [ 824833.428819823893718, 6574616.576541553251445 ], [ 824825.782240169355646, 6574592.463254927657545 ], [ 824821.560606318758801, 6574567.979011572897434 ], [ 824820.226428493391722, 6574544.017269110307097 ], [ 824822.403691997285932, 6574526.59845663420856 ], [ 824827.312754953978583, 6574509.307219735346735 ], [ 824839.572754243621603, 6574485.741084294393659 ], [ 824866.387872537248768, 6574445.133277609944344 ], [ 824893.987001870991662, 6574406.699639396741986 ], [ 824921.06567496410571, 6574372.544952921569347 ], [ 824947.643060130765662, 6574342.668642027303576 ], [ 824997.267106364713982, 6574294.880500115454197 ], [ 825034.329006505082361, 6574255.424722690135241 ], [ 825075.351356625789776, 6574219.356059378013015 ], [ 825119.215129092335701, 6574187.641215570271015 ], [ 825168.54331709491089, 6574154.027305250987411 ], [ 825203.638014889322221, 6574134.803275194019079 ], [ 825252.891089634154923, 6574113.780908497050405 ], [ 825358.553641294129193, 6574076.978864900767803 ], [ 825435.644955353578553, 6574047.366418765857816 ], [ 825498.700908119790256, 6574020.769400651566684 ], [ 825547.740756929852068, 6573997.187488393858075 ], [ 825611.229686970124021, 6573964.736803347244859 ], [ 825672.983662854414433, 6573929.085875542834401 ], [ 825712.880348583101295, 6573903.251616980880499 ], [ 825742.555721444776282, 6573882.137570542283356 ], [ 825762.000313380267471, 6573865.744123198091984 ], [ 825793.250648498651572, 6573843.871167857199907 ], [ 825826.340731094009243, 6573824.883837105706334 ], [ 825870.847428690060042, 6573804.592033576220274 ], [ 825916.741368887596764, 6573789.286798087880015 ], [ 825940.579138883622363, 6573780.407789384946227 ], [ 825966.220081011299044, 6573775.403642887249589 ], [ 825991.646896990365349, 6573774.658104453235865 ], [ 826016.390827315393835, 6573777.552718080580235 ], [ 826040.70973474229686, 6573784.068489175289869 ], [ 826072.737186815356836, 6573794.766674202866852 ], [ 826103.441566994879395, 6573808.824851159006357 ], [ 826132.463655052008107, 6573826.076407956890762 ], [ 826199.659759462578222, 6573861.253592798486352 ], [ 826264.902031559729949, 6573900.431566994637251 ], [ 826304.295259346952662, 6573928.455826120451093 ], [ 826345.445086908526719, 6573953.828193949535489 ], [ 826405.935131535981782, 6573986.256698532961309 ], [ 826472.128352293046191, 6574022.995241081342101 ], [ 826511.123245345661417, 6574049.232513776049018 ], [ 826544.137193688540719, 6574073.943429552018642 ], [ 826571.180039583239704, 6574097.1388377295807 ], [ 826608.180459394701757, 6574135.094308895990252 ], [ 826694.293203420587815, 6574213.286631432361901 ], [ 826741.486020767362788, 6574252.727451269514859 ], [ 826779.814939273521304, 6574288.399025045335293 ], [ 826818.078917755396105, 6574327.558577697724104 ], [ 826848.081424851901829, 6574353.271568769589067 ], [ 826866.576436428818852, 6574373.609119790606201 ], [ 826883.075805207714438, 6574395.973023219965398 ], [ 826897.050214492483065, 6574419.646796422079206 ], [ 826913.768334548687562, 6574458.479645555838943 ], [ 826927.467312140623108, 6574498.737470850348473 ], [ 826937.905024990206584, 6574539.706071963533759 ], [ 826950.263315458083525, 6574597.080279771238565 ], [ 826962.108425570535474, 6574671.090273046866059 ], [ 826973.430444800527766, 6574761.725254474207759 ], [ 826987.639847658341751, 6574892.450493426993489 ], [ 826991.007469514966942, 6574956.906482498161495 ], [ 826994.225662293378264, 6574997.797043018043041 ], [ 826997.29444299894385, 6575015.122176906093955 ], [ 827003.894794642576016, 6575045.828044028952718 ], [ 827005.547089177649468, 6575077.185480069369078 ], [ 827003.314409975428134, 6575097.992999230511487 ], [ 827000.285628617508337, 6575113.762354034930468 ], [ 826996.441281649284065, 6575124.48303980845958 ], [ 826994.651997818611562, 6575135.729027376510203 ], [ 826994.328832770464942, 6575148.89508060272783 ], [ 826995.481354186311364, 6575163.980906277894974 ], [ 827003.433626337326132, 6575198.497727127745748 ], [ 827015.258641859982163, 6575239.423711349256337 ], [ 827028.126510667731054, 6575275.965591224841774 ], [ 827042.028352433815598, 6575308.145840412937105 ], [ 827062.606693636276759, 6575344.828352937474847 ], [ 827086.843065878376365, 6575379.677631456404924 ], [ 827114.076307806186378, 6575411.736968658864498 ], [ 827148.381097927922383, 6575448.064303543418646 ], [ 827185.398634979152121, 6575482.010041243396699 ], [ 827224.557183138094842, 6575513.036610901355743 ], [ 827273.5505386069417, 6575546.036774646490812 ], [ 827324.114604416303337, 6575575.313623749651015 ], [ 827360.70919196982868, 6575591.730303621850908 ], [ 827398.828134409850463, 6575605.102396793663502 ], [ 827437.668393919826485, 6575615.154814401641488 ], [ 827476.177263776655309, 6575620.965121677145362 ], [ 827502.677425062283874, 6575623.836134804412723 ], [ 827517.158589908387512, 6575623.746051214635372 ], [ 827538.393774085561745, 6575619.151637444272637 ], [ 827558.214661357924342, 6575610.281895689666271 ], [ 827574.081947940285318, 6575598.924692800268531 ], [ 827587.872548147104681, 6575585.100025026127696 ], [ 827599.197058086050674, 6575569.219561562873423 ], [ 827607.761378551484086, 6575551.680938247591257 ], [ 827630.291694141225889, 6575520.112326932139695 ], [ 827663.029414915246889, 6575479.925059039145708 ], [ 827698.803658210672438, 6575442.919392114505172 ], [ 827735.125678140320815, 6575396.037870168685913 ], [ 827784.841252834768966, 6575326.50597196444869 ], [ 827831.026079315925017, 6575266.685969673097134 ], [ 827855.882795847137459, 6575230.193380013108253 ], [ 827875.658332215854898, 6575197.187874572351575 ], [ 827893.068800199544057, 6575162.30113984271884 ], [ 827929.5038833883591, 6575093.354909013956785 ], [ 827973.260935252765194, 6575021.285235729068518 ], [ 828021.141263572731987, 6574952.263541366904974 ], [ 828065.805833624210209, 6574893.843470267951488 ], [ 828115.5183782922104, 6574838.964660285040736 ], [ 828169.251214241725393, 6574788.757851649075747 ], [ 828212.517032427014783, 6574740.905145049095154 ], [ 828253.069815516239032, 6574690.449092766270041 ], [ 828290.504520396585576, 6574637.912926487624645 ], [ 828316.76234086160548, 6574599.776920512318611 ], [ 828338.883119187550619, 6574559.10385343618691 ], [ 828350.70565648120828, 6574530.583526201546192 ], [ 828361.951622352004051, 6574496.096770680509508 ], [ 828372.620310419122688, 6574455.621403088793159 ], [ 828387.707400847924873, 6574416.575145434588194 ], [ 828404.90099291712977, 6574378.485282994806767 ], [ 828424.210634290240705, 6574341.351509174332023 ], [ 828464.845477525144815, 6574256.418800798244774 ], [ 828484.468448809115216, 6574213.635163521394134 ], [ 828497.123319430043921, 6574178.927037935703993 ], [ 828507.013379416661337, 6574143.338308326900005 ], [ 828515.339154585730284, 6574098.316372772678733 ], [ 828518.817883661249653, 6574061.548798566684127 ], [ 828518.619140156777576, 6574012.315681762993336 ], [ 828514.48754863999784, 6573951.335462866351008 ], [ 828506.836439785547554, 6573896.958796821534634 ], [ 828497.405787185183726, 6573861.211414704099298 ], [ 828480.012894444633275, 6573813.719168540090322 ], [ 828459.236175943049602, 6573767.608124421909451 ], [ 828435.18838873389177, 6573723.11904045753181 ], [ 828397.336743947351351, 6573656.229332814924419 ], [ 828356.027221884578466, 6573591.411362394690514 ], [ 828311.389996942947619, 6573528.849819118157029 ], [ 828236.215395094244741, 6573418.934697166085243 ], [ 828199.90425885678269, 6573363.132712635211647 ], [ 828182.624519159202464, 6573333.833530144765973 ], [ 828175.217890309169888, 6573317.119709325954318 ], [ 828167.310795592609793, 6573290.384754911065102 ], [ 828162.973030085209757, 6573263.317667854018509 ], [ 828161.468878829618916, 6573240.304381590336561 ], [ 828164.298255412839353, 6573216.602321455255151 ], [ 828171.170649592531845, 6573194.585251512005925 ], [ 828180.089047846850008, 6573175.291768688708544 ], [ 828191.680331410607323, 6573157.014966367743909 ], [ 828209.134173101512715, 6573136.425643826834857 ], [ 828246.974195378948934, 6573097.854307556524873 ], [ 828292.069151959614828, 6573058.059731991030276 ], [ 828339.79898104572203, 6573022.091663358733058 ], [ 828358.262014257023111, 6573005.068074572831392 ], [ 828378.495429697097279, 6572990.210290018469095 ], [ 828400.255425517912954, 6572977.681259783916175 ], [ 828428.788479161099531, 6572965.675860576331615 ], [ 828458.137639373308048, 6572957.786391543224454 ], [ 828486.048740717349574, 6572953.538428017869592 ], [ 828514.243875778280199, 6572952.290381180122495 ], [ 828542.417096632067114, 6572954.051699360832572 ], [ 828566.950108846183866, 6572959.733504814095795 ], [ 828591.913869368378073, 6572962.937208706513047 ], [ 828617.078197392984293, 6572963.647710781544447 ], [ 828651.14345004898496, 6572961.263179320842028 ], [ 828671.355842477525584, 6572958.440502253361046 ], [ 828690.974764899350703, 6572952.827196686528623 ], [ 828709.620478259865195, 6572944.523816302418709 ], [ 828727.786475498811342, 6572940.209906691685319 ], [ 828746.371053469367325, 6572938.292267112061381 ], [ 828765.040253431303427, 6572938.803421590477228 ], [ 828790.895819816505536, 6572942.989429897628725 ], [ 828816.399521463084966, 6572951.582835425622761 ], [ 828834.671307288110256, 6572960.910423323512077 ], [ 828856.733125319587998, 6572977.048786781728268 ], [ 828886.251702035660855, 6573003.437359635718167 ], [ 828917.916285280720331, 6573037.320320969447494 ], [ 828937.4582328281831, 6573064.505713207647204 ], [ 828954.363824674393982, 6573093.404656697064638 ], [ 828993.133187793660909, 6573164.827384361065924 ], [ 829022.892087607295252, 6573224.959845472127199 ], [ 829049.925162462051958, 6573270.598964380100369 ], [ 829073.954394991043955, 6573302.352881625294685 ], [ 829107.950478312326595, 6573338.850139483809471 ], [ 829137.915236928500235, 6573365.068956097587943 ], [ 829170.12819295655936, 6573388.464734463021159 ], [ 829204.325330827268772, 6573408.856878481805325 ], [ 829286.224811360472813, 6573460.147865261882544 ], [ 829344.023581442655995, 6573490.689734749495983 ], [ 829403.728106686845422, 6573517.852676850743592 ], [ 829495.558433949016035, 6573550.704385919496417 ], [ 829597.712994428351521, 6573581.881097081117332 ], [ 829660.420169920660555, 6573597.169910577125847 ], [ 829703.408169195405208, 6573603.121426083147526 ], [ 829746.720742915291339, 6573605.953994201496243 ], [ 829790.620911378180608, 6573606.125764179974794 ], [ 829834.198274453985505, 6573600.822678538039327 ], [ 829898.655312825692818, 6573585.46824736148119 ], [ 829985.591572433360852, 6573566.896079711616039 ], [ 830102.169881817651913, 6573543.984102001413703 ], [ 830152.107131013879552, 6573533.586124857887626 ], [ 830201.287109705153853, 6573520.069354040548205 ], [ 830249.519562369445339, 6573503.473007444292307 ], [ 830306.344136670231819, 6573479.381902866065502 ], [ 830355.399167660158128, 6573454.143840377219021 ], [ 830379.606452679261565, 6573440.924010012298822 ], [ 830391.770520082791336, 6573431.020255491137505 ], [ 830402.50242447364144, 6573419.073651485145092 ], [ 830411.043206773349084, 6573405.918262913823128 ], [ 830416.521318344748579, 6573392.769143822602928 ], [ 830421.825215598684736, 6573374.318353969603777 ], [ 830426.955231863306835, 6573350.576984635554254 ], [ 830430.308112938189879, 6573314.300366347655654 ], [ 830429.621056181262247, 6573290.017954325303435 ], [ 830426.850141384406015, 6573267.054855173453689 ], [ 830421.99503798421938, 6573245.399976516142488 ], [ 830419.318758516805246, 6573212.230582885444164 ], [ 830421.2827926017344, 6573179.005910091102123 ], [ 830418.186694989679381, 6573132.626268180087209 ], [ 830410.613123039482161, 6573087.229473106563091 ], [ 830402.649950158083811, 6573058.565400641411543 ], [ 830391.902068669907749, 6573030.531830755062401 ], [ 830378.660996643593535, 6573003.885789573192596 ], [ 830359.451413451461121, 6572973.661261044442654 ], [ 830336.871676711947657, 6572945.861806428991258 ], [ 830319.777277161600068, 6572929.194525197148323 ], [ 830296.973331092391163, 6572910.506152026355267 ], [ 830268.469101500813849, 6572889.785265024751425 ], [ 830214.243357878178358, 6572857.50543986260891 ], [ 830161.93399503803812, 6572822.201497334055603 ], [ 830111.716581093613058, 6572783.979046625085175 ], [ 830072.028013421106152, 6572759.041569864377379 ], [ 830030.703898802632466, 6572736.908158363774419 ], [ 829987.948796293581836, 6572717.694574654102325 ], [ 829945.154332423815504, 6572701.835050605237484 ], [ 829901.377525939489715, 6572688.859206119552255 ], [ 829856.850574872107245, 6572678.848646749742329 ], [ 829802.036612257128581, 6572670.733401333913207 ], [ 829746.758605781826191, 6572667.095513725653291 ], [ 829691.361387835815549, 6572667.946487072855234 ], [ 829641.80680864630267, 6572664.619198891334236 ], [ 829592.143494818708859, 6572665.502931859344244 ], [ 829542.735066169756465, 6572670.597516180947423 ], [ 829482.061748557025567, 6572682.791125046089292 ], [ 829443.994888442917727, 6572693.462735502049327 ], [ 829407.317844626493752, 6572708.221318383701146 ], [ 829372.4655970094027, 6572726.897980407811701 ], [ 829336.24195067526307, 6572740.232232542708516 ], [ 829298.937548969406635, 6572750.19132336601615 ], [ 829230.76365927583538, 6572764.658451509661973 ], [ 829199.91671750205569, 6572768.965991857461631 ], [ 829168.772778466111049, 6572769.552180416882038 ], [ 829142.019413160160184, 6572766.349709969013929 ], [ 829114.191037969430909, 6572760.571338627487421 ], [ 829085.296893488033675, 6572752.205672157928348 ], [ 829057.787991714198142, 6572740.044436000287533 ], [ 829022.673015331383795, 6572720.846234165132046 ], [ 828969.344050056184642, 6572687.678002287633717 ], [ 828899.278495405102149, 6572638.784048231318593 ], [ 828849.967875477392226, 6572597.808146260678768 ], [ 828795.417024376336485, 6572551.38727144151926 ], [ 828756.124299989780411, 6572524.245939625427127 ], [ 828715.574029063107446, 6572499.141791818663478 ], [ 828687.699163765646517, 6572483.771315332502127 ], [ 828668.748481767252088, 6572471.955396660603583 ], [ 828658.712712176842615, 6572463.705466663464904 ], [ 828645.922654446214437, 6572449.323241238482296 ], [ 828638.89567891752813, 6572438.404564748518169 ], [ 828633.709497419185936, 6572426.662944125942886 ], [ 828630.364447065396234, 6572414.109473483636975 ], [ 828628.356564784073271, 6572394.964234690181911 ], [ 828629.344362445990555, 6572375.515498116612434 ], [ 828632.68329184432514, 6572344.813933746889234 ], [ 828639.591616316582076, 6572314.723743927665055 ], [ 828649.995939654298127, 6572285.657977737486362 ], [ 828673.663568356772885, 6572228.381757294759154 ], [ 828695.844831657828763, 6572165.133837811648846 ], [ 828722.559576213359833, 6572103.666451118886471 ], [ 828743.289547274354845, 6572064.078206278383732 ], [ 828783.736152463359758, 6571997.645217543467879 ], [ 828853.47044786112383, 6571890.193097367882729 ], [ 828893.399271561065689, 6571833.057227490469813 ], [ 828915.601219046046026, 6571802.116241502575576 ], [ 828927.9975901710568, 6571787.68815460242331 ], [ 828941.358493896084838, 6571775.361899035982788 ], [ 828963.918290519155562, 6571760.019856937229633 ], [ 828988.491410401184112, 6571748.201591936871409 ], [ 829008.57903359818738, 6571742.039991242811084 ], [ 829029.666471357923001, 6571738.500921128317714 ], [ 829050.658735459903255, 6571737.76259093452245 ], [ 829073.961281694239005, 6571739.317571080289781 ], [ 829090.596401784103364, 6571743.432565827853978 ], [ 829106.435324649093673, 6571749.959221797063947 ], [ 829121.138975143549033, 6571758.76370413787663 ], [ 829136.05360093084164, 6571771.292093878611922 ], [ 829148.787772768409923, 6571786.030743259936571 ], [ 829159.033091848483309, 6571802.600615868344903 ], [ 829182.345516288070939, 6571829.202419841662049 ], [ 829207.964447687380016, 6571853.023765718564391 ], [ 829248.787640044, 6571883.568827736191452 ], [ 829296.851149610010907, 6571920.773170086555183 ], [ 829316.562326402170584, 6571935.206815389916301 ], [ 829337.970803634729236, 6571946.967666543088853 ], [ 829360.725514987017959, 6571955.844532823190093 ], [ 829393.160317506175488, 6571963.022632647305727 ], [ 829426.286732029169798, 6571965.338494559749961 ], [ 829459.404371080454439, 6571962.736085078679025 ], [ 829538.926530057331547, 6571957.652193320915103 ], [ 829582.027497163508087, 6571958.814713011495769 ], [ 829614.329651660984382, 6571960.778050208464265 ], [ 829636.243056676816195, 6571958.555628567934036 ], [ 829657.67576248338446, 6571953.483589138835669 ], [ 829678.257974679814652, 6571945.673319164663553 ], [ 829716.6315142394742, 6571934.49139567092061 ], [ 829776.652816863264889, 6571920.239937597885728 ], [ 829804.167228444712237, 6571912.547532220371068 ], [ 829830.640323875588365, 6571907.074562605470419 ], [ 829856.0721208776813, 6571903.821038108319044 ], [ 829896.609619832946919, 6571901.631060983985662 ], [ 829938.978101086104289, 6571902.626096158288419 ], [ 829970.431421826011501, 6571907.456955258734524 ], [ 829997.948094530729577, 6571916.495647296309471 ], [ 830014.67662852932699, 6571925.136258870363235 ], [ 830039.859534686431289, 6571942.540947995148599 ], [ 830090.779475037590601, 6571982.862099952995777 ], [ 830156.467775444150902, 6572032.472759167663753 ], [ 830205.60316599777434, 6572063.988926444202662 ], [ 830256.71267996262759, 6572092.19051930308342 ], [ 830341.776420273818076, 6572134.525859236717224 ], [ 830393.664310212363489, 6572156.951508471742272 ], [ 830448.386127523961477, 6572177.556866882368922 ], [ 830505.922745163668878, 6572196.34248417429626 ], [ 830583.849754241295159, 6572219.301573924720287 ], [ 830635.90880789514631, 6572230.573705093003809 ], [ 830671.727774737519212, 6572233.557124482467771 ], [ 830707.37742232135497, 6572233.248181028291583 ], [ 830757.045999959344044, 6572231.037632817402482 ], [ 830782.023022961337119, 6572228.828661687672138 ], [ 830806.924889534246176, 6572223.280044227838516 ], [ 830830.47797315090429, 6572214.67565237917006 ], [ 830850.620945647126064, 6572203.512618225067854 ], [ 830872.837340250611305, 6572188.24364239256829 ], [ 830897.117215151898563, 6572168.857914138585329 ], [ 830944.744852287811227, 6572122.898469692096114 ], [ 831017.152407340356149, 6572055.505333388224244 ], [ 831086.217328490223736, 6571987.749330401420593 ], [ 831160.262000176589936, 6571907.524723208509386 ], [ 831258.496748564532027, 6571787.908273883163929 ], [ 831348.062170133809559, 6571674.234297372400761 ], [ 831386.476200309814885, 6571622.030974819324911 ], [ 831410.554860481759533, 6571586.739722908474505 ], [ 831420.298420997685753, 6571568.360663460567594 ], [ 831426.032029464491643, 6571550.28421267401427 ], [ 831429.412092894664966, 6571531.614939466118813 ], [ 831430.751746121793985, 6571507.047038624994457 ], [ 831434.754161043907516, 6571457.992123250849545 ], [ 831435.349184586666524, 6571416.904207436367869 ], [ 831433.246988284634426, 6571398.583442450501025 ], [ 831430.127747202059254, 6571383.247730392962694 ], [ 831426.001717009581625, 6571370.918956851586699 ], [ 831419.100302553502843, 6571359.198519013822079 ], [ 831402.265762844006531, 6571339.194074559956789 ], [ 831370.081089800107293, 6571305.356448473408818 ], [ 831301.785844425903633, 6571241.578254972584546 ], [ 831263.723017654148862, 6571208.256613127887249 ], [ 831235.402762132929638, 6571187.85480616055429 ], [ 831205.328251432161778, 6571170.116741179488599 ], [ 831173.279822785407305, 6571154.74946816265583 ], [ 831139.228890746715479, 6571142.986269081942737 ], [ 831116.092473827418871, 6571137.844529341906309 ], [ 831080.551456526387483, 6571133.233348520472646 ], [ 831016.580738714430481, 6571128.041617199778557 ], [ 830888.198480647988617, 6571124.698799861595035 ], [ 830815.416614201269113, 6571124.798535404726863 ], [ 830742.477693174383603, 6571129.998823739588261 ], [ 830670.421944386791438, 6571140.211784346960485 ], [ 830624.821796349948272, 6571148.45803833566606 ], [ 830579.684552404796705, 6571159.898386335000396 ], [ 830535.675590711296536, 6571174.390014833770692 ], [ 830472.043771666707471, 6571201.637734903022647 ], [ 830414.310043266508728, 6571227.769127205014229 ], [ 830361.534988804487512, 6571246.262887762859464 ], [ 830314.756249936763197, 6571257.864061132073402 ], [ 830293.314029448432848, 6571261.039359466172755 ], [ 830271.644329751143232, 6571260.280223647132516 ], [ 830250.475130338454619, 6571255.608455296605825 ], [ 830227.399253299925476, 6571249.319357933476567 ], [ 830204.89866974321194, 6571240.292190574109554 ], [ 830183.874203654704615, 6571228.876476073637605 ], [ 830146.275753345224075, 6571202.364996986463666 ], [ 830106.014727057423443, 6571180.088470521382987 ], [ 830077.723942646058276, 6571168.25421092659235 ], [ 830052.998911909409799, 6571155.376572229899466 ], [ 830031.849530082661659, 6571141.466373985633254 ], [ 830016.7211344295647, 6571129.156785886734724 ], [ 830005.838590149651282, 6571115.82718557305634 ], [ 829995.943648130749352, 6571096.393769288435578 ], [ 829987.176427694386803, 6571075.370974369347095 ], [ 829981.06660751067102, 6571053.022202049382031 ], [ 829977.313866268610582, 6571028.612897682934999 ], [ 829975.352114543551579, 6570996.853559670969844 ], [ 829977.949475256958976, 6570962.454621861688793 ], [ 829985.656271964078769, 6570928.041427819058299 ], [ 829998.921679434599355, 6570889.281081635504961 ], [ 830017.712562363478355, 6570850.349184596911073 ], [ 830034.073515887837857, 6570819.764160562306643 ], [ 830052.832219154457562, 6570790.592416862025857 ], [ 830073.869896303163841, 6570763.015270276926458 ], [ 830091.942137468140572, 6570745.333812056109309 ], [ 830118.111602104268968, 6570725.557831910438836 ], [ 830167.423177361721173, 6570682.202622787095606 ], [ 830214.215930465376005, 6570637.24887066707015 ], [ 830265.140242120949551, 6570596.241197099909186 ], [ 830319.039006354520097, 6570560.125922589562833 ], [ 830380.602889516158029, 6570522.806167673319578 ], [ 830469.184261158457957, 6570474.265054313465953 ], [ 830535.190327899181284, 6570440.125898476690054 ], [ 830572.117541656130925, 6570424.4773931177333 ], [ 830598.049451510538347, 6570417.420063506811857 ], [ 830624.538314710138366, 6570412.887873413041234 ], [ 830656.078880855930038, 6570409.874989556148648 ], [ 830688.012992128613405, 6570409.669868092983961 ], [ 830756.758201336255297, 6570415.924684775993228 ], [ 830893.608278773026541, 6570434.592792278155684 ], [ 830978.875918021658435, 6570449.957998471334577 ], [ 831091.00336915848311, 6570478.830808773636818 ], [ 831168.749351197155192, 6570502.445079924538732 ], [ 831214.725123964250088, 6570513.103625558316708 ], [ 831249.690529989777133, 6570517.421186417341232 ], [ 831302.215628788108006, 6570518.382363948039711 ], [ 831368.948528724256903, 6570515.591753920540214 ], [ 831399.416028015548363, 6570513.442851570434868 ], [ 831429.559459190582857, 6570508.572664305567741 ], [ 831459.159964548191056, 6570501.021324941888452 ], [ 831486.833449531113729, 6570490.898614150471985 ], [ 831513.690543172648177, 6570478.225422648712993 ], [ 831531.044914483674802, 6570467.369626595638692 ], [ 831549.638523136731237, 6570458.817850152030587 ], [ 831569.159718537703156, 6570452.701940583065152 ], [ 831600.942062793648802, 6570446.081379596143961 ], [ 831632.735756079200655, 6570443.812691880390048 ], [ 831699.900257975328714, 6570441.061999151483178 ], [ 831736.130217525176704, 6570443.273367816582322 ], [ 831761.350459763663821, 6570448.681679616682231 ], [ 831786.078438544645905, 6570457.325138485059142 ], [ 831809.163419211981818, 6570468.817759775556624 ], [ 831838.040012916782871, 6570487.435248449444771 ], [ 831855.688205087208189, 6570502.550502961501479 ], [ 831871.575512961251661, 6570519.497172679752111 ], [ 831885.51406609476544, 6570538.081278534606099 ], [ 831896.327391365775838, 6570557.706693490967155 ], [ 831904.588639340829104, 6570578.95508710667491 ], [ 831909.880773391807452, 6570600.729194212704897 ], [ 831915.280501444358379, 6570640.353412221185863 ], [ 831917.488862312398851, 6570678.289704196155071 ], [ 831916.675284315249883, 6570724.869581544771791 ], [ 831911.98932804283686, 6570785.038173278793693 ], [ 831901.262776137678884, 6570849.425685433670878 ], [ 831890.361315350048244, 6570894.421864047646523 ], [ 831873.935898981755599, 6570938.424646755680442 ], [ 831855.932267918484285, 6570973.871905491687357 ], [ 831834.899565229308791, 6571007.6260930839926 ], [ 831805.304928664234467, 6571047.298791294917464 ], [ 831750.803672909969464, 6571130.006091395393014 ], [ 831724.545471475925297, 6571177.568446543067694 ], [ 831711.074648328823969, 6571210.797687323763967 ], [ 831701.42928354232572, 6571244.873511429876089 ], [ 831696.407598654157482, 6571270.411317001096904 ], [ 831694.125248862896115, 6571296.640865021385252 ], [ 831694.6689511181321, 6571322.660122390836477 ], [ 831698.33531068416778, 6571342.331057558767498 ], [ 831704.871757983695716, 6571361.668198088183999 ], [ 831713.879025321104564, 6571379.52929780818522 ], [ 831733.992308216635138, 6571406.448052418418229 ], [ 831756.429282244993374, 6571431.773190628737211 ], [ 831782.255718419561163, 6571456.537321522831917 ], [ 831805.945298689417541, 6571483.355494092218578 ], [ 831827.329602572368458, 6571512.044228559359908 ], [ 831869.273007352137938, 6571572.100947055965662 ], [ 831894.029001515940763, 6571605.16992711275816 ], [ 831921.990852826740593, 6571636.084771164692938 ], [ 831952.424770105746575, 6571664.024541156366467 ], [ 831982.352049613371491, 6571687.072579180821776 ], [ 832014.309763350291178, 6571707.714446851983666 ], [ 832058.956430125632323, 6571730.158416165970266 ], [ 832103.075870810775086, 6571748.277448100037873 ], [ 832159.064790334785357, 6571772.598528144881129 ], [ 832204.255873488262296, 6571794.680762341246009 ], [ 832223.950746228918433, 6571807.222499701194465 ], [ 832240.06490092095919, 6571819.409745103679597 ], [ 832252.589107587467879, 6571831.253904394805431 ], [ 832270.892459561233409, 6571856.840566692873836 ], [ 832284.912341688177548, 6571885.00368170067668 ], [ 832294.310686271870509, 6571915.032135402783751 ], [ 832304.460687742568552, 6571957.783260969445109 ], [ 832312.363962434465066, 6572010.40846654586494 ], [ 832318.011608506203629, 6572072.930237086489797 ], [ 832332.717936082277447, 6572165.935180962085724 ], [ 832353.569805174367502, 6572257.748836712911725 ], [ 832366.861633691820316, 6572320.176091616973281 ], [ 832384.998486447730102, 6572381.75246462225914 ], [ 832407.660329193808138, 6572441.422060082666576 ], [ 832430.74257608409971, 6572491.874162690714002 ], [ 832450.163362585706636, 6572528.673025736585259 ], [ 832465.461415097117424, 6572551.455574793741107 ], [ 832479.727606644970365, 6572566.331758703105152 ], [ 832496.300483305589296, 6572578.759802762418985 ], [ 832514.174743263516575, 6572588.116045300848782 ], [ 832547.743398093618453, 6572599.857327308505774 ], [ 832564.040793055086397, 6572602.856388136744499 ], [ 832581.021984877763316, 6572603.235957597382367 ], [ 832597.432655039592646, 6572600.979732189327478 ], [ 832612.763448662823066, 6572595.71503537800163 ], [ 832639.110471000429243, 6572582.800111478194594 ], [ 832676.474324731039815, 6572562.257054157555103 ], [ 832749.860630142502487, 6572517.770532685332 ], [ 832794.636020563077182, 6572485.425868907012045 ], [ 832819.539403188275173, 6572462.174316474236548 ], [ 832842.289898183429614, 6572436.802767432294786 ], [ 832862.702868746477179, 6572409.527969781309366 ], [ 832902.699524897383526, 6572349.286128550767899 ], [ 832933.292932962533087, 6572295.633801115676761 ], [ 832954.486608259147033, 6572248.371129419654608 ], [ 832971.580358238657936, 6572201.303353685885668 ], [ 832996.068009085021913, 6572128.122936150059104 ], [ 833020.442219258053228, 6572051.026601551100612 ], [ 833030.935427225660533, 6572016.001125651411712 ], [ 833037.513400319498032, 6571980.032337750308216 ], [ 833040.07498732348904, 6571943.556434502825141 ], [ 833039.604430837323889, 6571897.04952191375196 ], [ 833033.272027163300663, 6571817.994464472867548 ], [ 833032.347102248109877, 6571738.337051015347242 ], [ 833032.732323695905507, 6571701.129865715280175 ], [ 833036.156290331040509, 6571664.082885224372149 ], [ 833042.588717815466225, 6571627.452420915476978 ], [ 833051.139264785684645, 6571596.118370550684631 ], [ 833062.308317062910646, 6571565.890318686142564 ], [ 833079.9131783277262, 6571528.787744691595435 ], [ 833102.566761102294549, 6571493.692069034092128 ], [ 833128.018950670142658, 6571462.705601721070707 ], [ 833153.573503493447788, 6571434.991244941949844 ], [ 833186.462650952278636, 6571405.270507876761258 ], [ 833212.041706500574946, 6571386.593089357949793 ], [ 833234.510158933931962, 6571374.930281907320023 ], [ 833249.168087079422548, 6571371.162208419293165 ], [ 833264.244234741432592, 6571369.745957242324948 ], [ 833282.897945781820454, 6571371.026628019288182 ], [ 833319.937185132643208, 6571376.327633667737246 ], [ 833364.444559479365125, 6571387.845272563397884 ], [ 833422.009542986401357, 6571409.867640513926744 ], [ 833469.132836178643629, 6571432.161662643775344 ], [ 833506.408500933786854, 6571454.142580848187208 ], [ 833523.350463947281241, 6571467.356841133907437 ], [ 833548.363688327255659, 6571491.365489466115832 ], [ 833581.447952229063958, 6571526.157387206330895 ], [ 833625.329285926185548, 6571583.271899155341089 ], [ 833650.42436033883132, 6571624.210022650659084 ], [ 833717.258879703702405, 6571716.489325055852532 ], [ 833842.362241460476071, 6571883.562032829970121 ], [ 833891.77080426865723, 6571953.24864630959928 ], [ 833914.019080989062786, 6571980.27467786706984 ], [ 833925.049532818840817, 6571989.887873308733106 ], [ 833936.447570667718537, 6571997.49095544219017 ], [ 833948.669688899070024, 6572002.991867533884943 ], [ 833961.369623084436171, 6572006.945531990379095 ], [ 833974.547020415309817, 6572009.340854493901134 ], [ 833987.919114778982475, 6572008.487932557240129 ], [ 834006.517365416511893, 6572004.606265728361905 ], [ 834030.332192404195666, 6571997.696125032380223 ], [ 834052.779162991559133, 6571987.153749329969287 ], [ 834074.283248802646995, 6571974.931053034961224 ], [ 834105.060724535142072, 6571954.467148405499756 ], [ 834169.524878692114726, 6571918.110948983579874 ], [ 834205.263454888248816, 6571894.115471694618464 ], [ 834233.459269166807644, 6571871.000883221626282 ], [ 834259.200347649049945, 6571845.609483199194074 ], [ 834277.019153330009431, 6571826.074116418138146 ], [ 834292.572754623251967, 6571804.200524134561419 ], [ 834305.18327381554991, 6571780.953795039094985 ], [ 834312.834251735010184, 6571756.730424316599965 ], [ 834315.302764053107239, 6571739.96474739536643 ], [ 834316.232691471232101, 6571718.095559760928154 ], [ 834315.206344967824407, 6571682.09800373762846 ], [ 834307.774337057257071, 6571610.383026085793972 ], [ 834295.20704214181751, 6571515.04646584764123 ], [ 834278.524967984529212, 6571420.327793416567147 ], [ 834253.886945168720558, 6571292.316500633023679 ], [ 834222.642223011702299, 6571165.401119632646441 ], [ 834170.475626572733745, 6570989.67865127697587 ], [ 834136.202235070872121, 6570871.096925385296345 ], [ 834111.490816340781748, 6570799.758437901735306 ], [ 834099.216316734440625, 6570757.230423464439809 ], [ 834090.72203848848585, 6570713.795281808823347 ], [ 834085.188131544040516, 6570648.238413074985147 ], [ 834082.812982489354908, 6570602.501365546137094 ], [ 834084.792885350296274, 6570571.716663345694542 ], [ 834089.634507810813375, 6570541.2528380677104 ], [ 834097.288485673489049, 6570511.366807518526912 ], [ 834113.504986766958609, 6570470.763550596311688 ], [ 834134.909254043712281, 6570432.639741633087397 ], [ 834161.139088443014771, 6570397.650716073811054 ], [ 834218.208305647829548, 6570326.383841380476952 ], [ 834331.116950513795018, 6570182.854963066987693 ], [ 834382.89923058624845, 6570109.987799661234021 ], [ 834413.601950926007703, 6570058.457761255092919 ], [ 834437.855031015700661, 6570013.925719870254397 ], [ 834455.658956413622946, 6569976.402824270538986 ], [ 834485.778037937241606, 6569921.859662149101496 ], [ 834519.202326022554189, 6569869.27754295617342 ], [ 834565.708195716142654, 6569783.306819846853614 ], [ 834591.985713000874966, 6569731.393481254577637 ], [ 834614.272662818431854, 6569677.65152042452246 ], [ 834645.002780076465569, 6569591.521871246397495 ], [ 834674.183568729553372, 6569517.587831106036901 ], [ 834692.440993758966215, 6569482.370611591264606 ], [ 834701.27858222159557, 6569468.279787331819534 ], [ 834707.701255320105702, 6569461.060220669955015 ], [ 834723.44869963102974, 6569448.839138964191079 ], [ 834737.96310681453906, 6569441.520106635987759 ], [ 834753.484733619727194, 6569436.711972973309457 ], [ 834773.804996802704409, 6569434.184256062842906 ], [ 834814.887190924491733, 6569435.554692598059773 ], [ 834859.77368569909595, 6569441.657228475436568 ], [ 834903.689261570223607, 6569452.775562146678567 ], [ 834998.460686306701973, 6569478.135025234892964 ], [ 835085.118686270201579, 6569507.74673811532557 ], [ 835146.252716450253502, 6569531.733991637825966 ], [ 835188.308430362027138, 6569549.993815001100302 ], [ 835211.294499061536044, 6569562.503934047184885 ], [ 835244.428955483715981, 6569583.987355262041092 ], [ 835275.627873630262911, 6569607.807939305901527 ], [ 835317.812893221504055, 6569646.826487652026117 ], [ 835342.746238695341162, 6569675.852219367399812 ], [ 835369.938550647115335, 6569702.774707706645131 ], [ 835399.221726048737764, 6569727.421587509103119 ], [ 835437.391518324962817, 6569754.097413884475827 ], [ 835477.595508771017194, 6569776.700599201954901 ], [ 835542.535930454963818, 6569811.147219502367079 ], [ 835609.779835457215086, 6569841.556847676634789 ], [ 835678.541304310318083, 6569867.587845399975777 ], [ 835752.727934612892568, 6569890.260379387997091 ], [ 835817.541425210889429, 6569906.400011667981744 ], [ 835872.450314128072932, 6569915.546242875978351 ], [ 835900.291468656621873, 6569916.609460322186351 ], [ 835925.162048531812616, 6569915.723469515331089 ], [ 835947.06273954664357, 6569912.910474753007293 ], [ 835970.46423841570504, 6569905.508692072704434 ], [ 835992.99233694607392, 6569894.392611949704587 ], [ 836027.136166112031788, 6569873.560142237693071 ], [ 836051.008199017494917, 6569857.438198493793607 ], [ 836064.618418988538906, 6569846.037647010758519 ], [ 836081.939176232554018, 6569825.792436880990863 ], [ 836092.675114458426833, 6569807.321016263216734 ], [ 836099.811516184126958, 6569787.286796605214477 ], [ 836103.182905639987439, 6569766.20577846840024 ], [ 836105.567120109219104, 6569742.957496199756861 ], [ 836105.488611050532199, 6569719.598339942283928 ], [ 836102.945903906133026, 6569696.383737316355109 ], [ 836095.476995183737017, 6569641.757848867215216 ], [ 836093.719571729539894, 6569627.034749388694763 ], [ 836089.122890337952413, 6569613.001030403189361 ], [ 836081.815704557811841, 6569600.096755266189575 ], [ 836070.727218769141473, 6569588.955368581227958 ], [ 836057.01997491705697, 6569581.238921986892819 ], [ 836039.481714504305273, 6569574.6207066886127 ], [ 836023.26519865472801, 6569565.318054003641009 ], [ 836008.692199399345554, 6569553.520658500492573 ], [ 835999.723334414185956, 6569542.834052419289947 ], [ 835992.710258533363231, 6569530.753191411495209 ], [ 835987.875542151043192, 6569517.659661697223783 ], [ 835974.413945636479184, 6569496.522417521104217 ], [ 835953.847668829141185, 6569463.429318438284099 ], [ 835943.073537073796615, 6569448.602657290175557 ], [ 835934.448827004642226, 6569432.45335091650486 ], [ 835928.125682399375364, 6569415.254179504700005 ], [ 835924.230372571619228, 6569397.367567195557058 ], [ 835920.980474451091141, 6569375.98517931625247 ], [ 835920.383415969554335, 6569354.374582600779831 ], [ 835922.458909057779238, 6569332.857151756063104 ], [ 835927.168962155003101, 6569311.744980318471789 ], [ 835937.621925585437566, 6569264.058391104452312 ], [ 835951.58539575629402, 6569217.248988869599998 ], [ 835972.732848468236625, 6569133.770919378846884 ], [ 835988.928121898323298, 6569049.227981528267264 ], [ 835997.155676281545311, 6569007.740722984075546 ], [ 836000.110203437507153, 6568965.620759996585548 ], [ 835997.750899693695828, 6568923.391256445087492 ], [ 836000.483580028405413, 6568883.032644286751747 ], [ 836003.329413819359615, 6568862.590027827769518 ], [ 836008.496372226043604, 6568842.629170650616288 ], [ 836015.92455091048032, 6568823.374031549319625 ], [ 836027.119447044329718, 6568805.232228329405189 ], [ 836041.49018676567357, 6568789.488230634480715 ], [ 836058.547363955061883, 6568776.70157568436116 ], [ 836079.703560080146417, 6568769.181497665122151 ], [ 836099.713468768284656, 6568758.999498282559216 ], [ 836118.247444526059553, 6568746.321460388600826 ], [ 836134.976899099419825, 6568731.346546085551381 ], [ 836164.756269888603128, 6568708.486032404005527 ], [ 836199.080581211484969, 6568685.936830111779273 ], [ 836227.752288883202709, 6568671.31663082074374 ], [ 836253.714137576054782, 6568661.467786784283817 ], [ 836279.687181155895814, 6568654.694184269756079 ], [ 836305.936344999354333, 6568650.598817158490419 ], [ 836344.620053359540179, 6568650.917513287626207 ], [ 836383.631629365845583, 6568656.755228988826275 ], [ 836420.711564561352134, 6568667.761588703840971 ], [ 836475.274325291160494, 6568686.686088651418686 ], [ 836538.545863426406868, 6568712.307462558150291 ], [ 836653.48094027955085, 6568761.041225818917155 ], [ 836709.915394898504019, 6568787.666690301150084 ], [ 836740.24223061115481, 6568803.838238516822457 ], [ 836755.122450388153084, 6568814.459016242995858 ], [ 836770.661970479413867, 6568829.578018753789365 ], [ 836784.062136039836332, 6568846.630216333083808 ], [ 836795.092896615853533, 6568865.300906481221318 ], [ 836806.348907471168786, 6568888.661247774958611 ], [ 836814.988867990439758, 6568913.103835815563798 ], [ 836820.917589939781465, 6568938.343000496737659 ], [ 836834.888174252584577, 6568990.886214634403586 ], [ 836845.238360846880823, 6569044.521313992328942 ], [ 836851.829475418897346, 6569098.497657895088196 ], [ 836854.690455582458526, 6569161.275230521336198 ], [ 836859.237784730037674, 6569213.562005877494812 ], [ 836865.461235757218674, 6569255.336103203706443 ], [ 836879.942207917105407, 6569317.023549743928015 ], [ 836899.449858245439827, 6569377.296920862048864 ], [ 836910.96670094539877, 6569432.405098565854132 ], [ 836923.208646452054381, 6569469.335982725955546 ], [ 836938.97888898011297, 6569505.277809009887278 ], [ 836957.8839650003938, 6569539.288136508315802 ], [ 836982.977641272242181, 6569575.933607777580619 ], [ 837003.014766433974728, 6569598.26035650074482 ], [ 837025.278308306355029, 6569618.373482223600149 ], [ 837049.530754337320104, 6569636.025122201070189 ], [ 837080.309810973936692, 6569660.631501510739326 ], [ 837109.123241411522031, 6569687.520873293280602 ], [ 837135.812112535350025, 6569716.509534725919366 ], [ 837171.322765336488374, 6569763.261574203148484 ], [ 837200.166211243718863, 6569804.351277777925134 ], [ 837215.782013535499573, 6569834.479471521452069 ], [ 837228.048609496909194, 6569866.112973570823669 ], [ 837236.830081901163794, 6569898.889686910435557 ], [ 837241.91948306246195, 6569924.177598861977458 ], [ 837243.546041871188208, 6569950.408157296478748 ], [ 837241.644857447128743, 6569976.139954841695726 ], [ 837236.731717569986358, 6570001.64531403966248 ], [ 837230.262032284867018, 6570018.206158046610653 ], [ 837221.42140095832292, 6570033.631930328905582 ], [ 837210.409573059296235, 6570047.583179750479758 ], [ 837186.30726350704208, 6570074.818740660324693 ], [ 837159.012177839758806, 6570098.846647273749113 ], [ 837128.953518899623305, 6570119.320155643858016 ], [ 837072.525074446573853, 6570154.087353562936187 ], [ 837013.576233674888499, 6570183.015930683352053 ], [ 836934.790465457714163, 6570227.063078142702579 ], [ 836853.547953230794519, 6570266.379593297839165 ], [ 836770.122163459891453, 6570300.834628188982606 ], [ 836715.063296534935944, 6570327.239756818860769 ], [ 836689.839077106211334, 6570340.563497768715024 ], [ 836666.67217473173514, 6570357.208579449914396 ], [ 836652.885729789501056, 6570370.303198871202767 ], [ 836639.394931520335376, 6570386.086582493036985 ], [ 836626.189155337400734, 6570404.525756127201021 ], [ 836611.712482460425235, 6570430.277937719598413 ], [ 836601.503972974605858, 6570453.618726134300232 ], [ 836596.895930780330673, 6570472.196426735259593 ], [ 836594.711888158461079, 6570497.514911446720362 ], [ 836596.07228927500546, 6570516.603143925778568 ], [ 836599.995922159403563, 6570535.343731690198183 ], [ 836606.404289366328157, 6570553.372744023799896 ], [ 836622.666937852278352, 6570589.454890439286828 ], [ 836637.341913714306429, 6570611.963316634297371 ], [ 836654.700649378937669, 6570632.488044233992696 ], [ 836667.889107567258179, 6570644.617336142808199 ], [ 836681.299562606029212, 6570654.085849348455667 ], [ 836694.950775327160954, 6570660.881884306669235 ], [ 836716.400805311510339, 6570668.263656998053193 ], [ 836731.349274297361262, 6570671.298889551311731 ], [ 836757.848838250618428, 6570671.625367026776075 ], [ 836796.434860494337045, 6570669.226040672510862 ], [ 836843.085553584154695, 6570669.158166384324431 ], [ 836866.366799870156683, 6570671.507254738360643 ], [ 836889.305586293921806, 6570675.732537270523608 ], [ 836911.892363714752719, 6570681.834320147521794 ], [ 836960.756862897309475, 6570689.712528189644217 ], [ 837003.309673644951545, 6570694.104228214360774 ], [ 837042.745492079760879, 6570695.563316374085844 ], [ 837079.05472018267028, 6570694.090127488598228 ], [ 837115.256019650842063, 6570697.361451452597976 ], [ 837151.082248335005715, 6570702.987399788573384 ], [ 837186.542284969589673, 6570710.945490270853043 ], [ 837234.615138531196862, 6570726.131531654857099 ], [ 837265.577647634316236, 6570740.128034653142095 ], [ 837295.072003784123808, 6570757.013550344854593 ], [ 837322.815690908348188, 6570776.63050296716392 ], [ 837373.086565096280538, 6570806.780483144335449 ], [ 837421.393317848676816, 6570840.46801711525768 ], [ 837467.060807014466263, 6570877.226006360724568 ], [ 837494.648770322441123, 6570900.056465147063136 ], [ 837519.831761198700406, 6570925.505936521105468 ], [ 837542.381784329656512, 6570953.326292818412185 ], [ 837559.863455776358023, 6570983.073000962845981 ], [ 837580.148537691915408, 6571010.987417034804821 ], [ 837603.04658895067405, 6571036.797983542084694 ], [ 837639.542897251667455, 6571072.214366009458899 ], [ 837681.611854716204107, 6571105.599369421601295 ], [ 837725.993490010732785, 6571135.857286581769586 ], [ 837772.452343390672468, 6571162.806805115193129 ], [ 837806.419814331224188, 6571180.64829767588526 ], [ 837841.642523391870782, 6571194.918859271332622 ], [ 837873.321415062295273, 6571204.882677257992327 ], [ 837906.458761349786073, 6571211.047031656838953 ], [ 837939.61018899967894, 6571213.13580422475934 ], [ 837983.343497588299215, 6571213.622311890125275 ], [ 838036.415078500518575, 6571209.81445936858654 ], [ 838124.579958372283727, 6571197.528730620630085 ], [ 838221.81009655026719, 6571178.991227520629764 ], [ 838306.411558529594913, 6571161.498623514547944 ], [ 838417.805331312352791, 6571131.527045101858675 ], [ 838495.949836746207438, 6571107.231921900063753 ], [ 838537.918625774560496, 6571089.573292296379805 ], [ 838557.860672285780311, 6571078.667391981929541 ], [ 838573.44480812177062, 6571067.356136072427034 ], [ 838587.555290708318353, 6571054.24856242351234 ], [ 838601.325031447922811, 6571037.354342237114906 ], [ 838612.293208070565015, 6571019.039213274605572 ], [ 838621.194344013230875, 6570997.72526983730495 ], [ 838625.987013475154527, 6570974.221484614536166 ], [ 838626.357882081065327, 6570953.112582717090845 ], [ 838623.583486860850826, 6570939.321279812604189 ], [ 838612.776612163288519, 6570913.716043881140649 ], [ 838600.2205079322448, 6570888.777215828187764 ], [ 838588.174311774550006, 6570869.029788987711072 ], [ 838576.628800213919021, 6570854.485160646960139 ], [ 838557.527426885673776, 6570834.373885817825794 ], [ 838530.466108020860702, 6570810.429875910282135 ], [ 838478.193766115466133, 6570760.528528934344649 ], [ 838449.399915602989495, 6570732.353480758145452 ], [ 838430.848703946219757, 6570718.387076154351234 ], [ 838411.51261616544798, 6570707.421423107385635 ], [ 838391.025576506159268, 6570698.779738137498498 ], [ 838369.669769251486287, 6570692.608483992516994 ], [ 838340.71036105719395, 6570686.279446525499225 ], [ 838316.071301491931081, 6570682.488840081728995 ], [ 838295.733444507233799, 6570681.237301159650087 ], [ 838265.796478310134262, 6570675.161250528879464 ], [ 838236.973937499918975, 6570665.00792121887207 ], [ 838215.19750834745355, 6570653.730960186570883 ], [ 838194.938655349309556, 6570639.918457705527544 ], [ 838176.490544472355396, 6570623.760963733308017 ], [ 838157.973987692035735, 6570602.74220959097147 ], [ 838142.52163732831832, 6570579.371919142082334 ], [ 838130.435104407835752, 6570554.106865295208991 ], [ 838107.362887589260936, 6570507.794428655877709 ], [ 838081.347949382732622, 6570462.830266891978681 ], [ 838052.684497172362171, 6570419.737982165068388 ], [ 838004.976008020807058, 6570358.841365649364889 ], [ 837960.340037209913135, 6570297.347243275493383 ], [ 837919.505511576426215, 6570232.900706592947245 ], [ 837882.966203121701255, 6570166.28556090965867 ], [ 837870.072407585335895, 6570137.570542868226767 ], [ 837861.037814695155248, 6570107.433717766776681 ], [ 837857.690402719075792, 6570086.720772907137871 ], [ 837855.983873995370232, 6570062.23594581708312 ], [ 837855.918215008685365, 6570033.979236098006368 ], [ 837859.12945443065837, 6569991.705481203272939 ], [ 837865.644678620854393, 6569949.815249987877905 ], [ 837878.040726093226112, 6569896.956399286165833 ], [ 837895.298045853851363, 6569845.008912600576878 ], [ 837904.415495206019841, 6569815.449780996888876 ], [ 837917.106544151436538, 6569787.231589560396969 ], [ 837927.808574168360792, 6569769.591791811399162 ], [ 837936.257368783932179, 6569757.830845749005675 ], [ 837942.442334066377953, 6569751.915785507299006 ], [ 837953.185505832545459, 6569744.900857016444206 ], [ 837965.03802131768316, 6569739.971439451910555 ], [ 837982.272085706121288, 6569735.459357149899006 ], [ 838000.030474204337224, 6569734.195050681941211 ], [ 838017.721221584128216, 6569736.219554657116532 ], [ 838032.180642650462687, 6569740.445405439473689 ], [ 838045.800728641217574, 6569746.86315396707505 ], [ 838058.261082370765507, 6569755.327544257044792 ], [ 838087.452997618122026, 6569777.172591373324394 ], [ 838118.673380666878074, 6569795.999456025660038 ], [ 838151.628728064475581, 6569811.606487201526761 ], [ 838202.959615764208138, 6569828.494116816669703 ], [ 838239.313150393776596, 6569836.009202282875776 ], [ 838276.209825197816826, 6569840.142458686605096 ], [ 838313.323521591257304, 6569840.870946273207664 ], [ 838369.991748829605058, 6569838.733801598660648 ], [ 838425.932388277840801, 6569832.078097337856889 ], [ 838454.70945340860635, 6569828.241428512148559 ], [ 838478.544637384242378, 6569823.373970359563828 ], [ 838497.437582516344264, 6569817.464663528837264 ], [ 838532.573002525605261, 6569799.345716593787074 ], [ 838570.776275151991285, 6569774.499969093129039 ], [ 838597.859717123443261, 6569752.651039991527796 ], [ 838626.849613525555469, 6569724.86739601008594 ], [ 838657.726776890922338, 6569691.149624587967992 ], [ 838676.243254254106432, 6569667.130615653470159 ], [ 838691.703536752029322, 6569641.498985396698117 ], [ 838705.837759428657591, 6569609.39167483150959 ], [ 838716.918873351649381, 6569570.064261872321367 ], [ 838732.896702923811972, 6569489.829893860034645 ], [ 838740.228806257946417, 6569434.965601414442062 ], [ 838741.573936294065788, 6569397.014430495910347 ], [ 838739.896210062550381, 6569359.092995677143335 ], [ 838735.2214967883192, 6569321.411446534097195 ], [ 838723.079304579179734, 6569267.401106540113688 ], [ 838699.743788926396519, 6569155.519365102984011 ], [ 838681.800409017130733, 6569054.891516854986548 ], [ 838675.276935493340716, 6569004.233060831204057 ], [ 838673.379878435633145, 6568964.231106769293547 ], [ 838674.591895837569609, 6568924.207771229557693 ], [ 838680.361630817642435, 6568874.978459580801427 ], [ 838688.450133039383218, 6568835.757447350770235 ], [ 838699.538180391071364, 6568797.284680187702179 ], [ 838713.575466286041774, 6568759.783824874088168 ], [ 838728.254802877665497, 6568723.217391406185925 ], [ 838746.426761430222541, 6568687.860908867791295 ], [ 838767.633189984131604, 6568654.650580931454897 ], [ 838786.060942381271161, 6568629.123804295435548 ], [ 838808.188754623290151, 6568605.910711549222469 ], [ 838832.783905535470694, 6568586.260911611840129 ], [ 838855.081985199125484, 6568573.191145831719041 ], [ 838879.278214140096679, 6568562.936662611551583 ], [ 838904.173544735880569, 6568556.002063604071736 ], [ 838940.176479974761605, 6568551.733249004930258 ], [ 838975.276295493589714, 6568548.547990583814681 ], [ 839005.458436506567523, 6568547.773625245317817 ], [ 839030.703802604228258, 6568549.41080688405782 ], [ 839067.938378004357219, 6568556.750167667865753 ], [ 839091.915376204182394, 6568564.812397992238402 ], [ 839130.326913733500987, 6568582.0408183503896 ], [ 839204.52258227718994, 6568621.999860187992454 ], [ 839371.227374689653516, 6568718.020705259405077 ], [ 839535.285086482064798, 6568805.662730975076556 ], [ 839616.894831429934129, 6568850.256930618546903 ], [ 839658.930889592273161, 6568874.8407331854105 ], [ 839681.822365370695479, 6568890.509342200122774 ], [ 839714.38457739027217, 6568916.850462101399899 ], [ 839744.552407606039196, 6568945.511056426912546 ], [ 839769.277652968652546, 6568971.536342972889543 ], [ 839792.765625036437996, 6568947.800087226554751 ], [ 839825.922901961021125, 6568929.906072342768312 ], [ 839856.018748390721157, 6568921.903532166965306 ], [ 840108.36767465271987, 6568863.727412573061883 ], [ 840164.038843838032335, 6568907.982158878818154 ], [ 840519.567240467527881, 6569343.696113852784038 ], [ 840612.035042205126956, 6569412.098048608750105 ], [ 840685.05019833415281, 6569430.966114204376936 ], [ 840795.967938665533438, 6569329.23876141384244 ], [ 840893.648813275387511, 6568967.11154336668551 ], [ 841057.301365309976973, 6568570.86266597174108 ], [ 840891.468595237005502, 6568529.981345957145095 ], [ 840826.543123434530571, 6568495.27683037519455 ], [ 840661.763450098223984, 6568259.804543191567063 ], [ 840639.546246258541942, 6568130.322190837934613 ], [ 840769.430530547513627, 6567673.998598876409233 ], [ 840730.816531542339362, 6567564.296885103918612 ], [ 840392.828511138097383, 6567463.262955782935023 ], [ 840157.472029866185039, 6567517.985498159192502 ], [ 840112.161783040850423, 6567556.857209701091051 ], [ 839937.250983083853498, 6567843.854241143912077 ], [ 839318.500110670691356, 6568078.045668323524296 ], [ 839316.366851283702999, 6567709.40954693313688 ], [ 839283.233461324474774, 6567606.058362975716591 ], [ 839163.204161930480041, 6567384.794896874576807 ], [ 839075.247733641648665, 6567004.753829821944237 ], [ 839106.698824275285006, 6566934.516729161143303 ], [ 839205.761776273488067, 6566913.219565939158201 ], [ 839405.980092972400598, 6567189.293072585016489 ], [ 839606.640697117894888, 6567244.659287444315851 ], [ 839902.083938065450639, 6567178.908800899982452 ], [ 839432.546671086456627, 6566522.875293733552098 ], [ 839440.92294698569458, 6566306.15869402512908 ], [ 839656.936142684193328, 6566269.590066475793719 ], [ 839842.362649344373494, 6566457.641375418752432 ], [ 840257.818955209921114, 6566594.42569718323648 ], [ 840304.264783129794523, 6566571.439516252838075 ], [ 840334.101947977673262, 6566315.090201265178621 ], [ 840174.622095099417493, 6565827.1282171420753 ], [ 840054.863834288902581, 6565842.281128628179431 ], [ 839538.332564414246008, 6565786.03259008936584 ], [ 839368.566606364911422, 6565873.931493289768696 ], [ 839295.857367170858197, 6565892.212561413645744 ], [ 839055.940765801933594, 6565614.509967984631658 ], [ 839057.52737238467671, 6565558.48456334322691 ], [ 838960.220916180405766, 6565459.182062463834882 ], [ 838279.878205505665392, 6565670.311925206333399 ], [ 838192.739987968350761, 6565636.21357196662575 ], [ 838178.560232860734686, 6565515.434377808123827 ], [ 838301.2180726591032, 6565381.643589862622321 ], [ 838515.519582676468417, 6565222.453483303077519 ], [ 838609.624489319045097, 6565099.051800828427076 ], [ 838692.183960872003809, 6564766.876395529136062 ], [ 838910.908025125507265, 6564437.734052056446671 ], [ 838919.435129384044558, 6564379.221673403866589 ], [ 838889.860039206920192, 6564333.363684540614486 ], [ 838812.122163672815077, 6564291.498136748559773 ], [ 838726.016710263327695, 6564276.903934846632183 ], [ 838399.190640763379633, 6564363.141712463460863 ], [ 838271.260266314726323, 6564323.939570460468531 ], [ 837672.653362096520141, 6563575.777082435786724 ], [ 837715.931901262607425, 6563483.692235969007015 ], [ 838159.912945083924569, 6563193.524110660888255 ], [ 838409.224807294784114, 6563196.096248170360923 ], [ 838666.505056595546193, 6563393.625477901659906 ], [ 838745.840444481931627, 6563605.762855423614383 ], [ 838821.189667768776417, 6563637.078189793042839 ], [ 839067.93053091247566, 6563540.893356231972575 ], [ 839148.540504264179617, 6563451.993507165461779 ], [ 839323.450213238596916, 6563317.192088007926941 ], [ 839277.202586391824298, 6563180.660811874084175 ], [ 838883.61561659805011, 6563141.925439821556211 ], [ 838471.174484148621559, 6562779.666976033709943 ], [ 838410.252425523358397, 6562767.199062761850655 ], [ 838155.900164860766381, 6562585.617466637864709 ], [ 838082.162180580198765, 6562547.251705531962216 ], [ 837736.700865703402087, 6562540.064873227849603 ], [ 837409.634337029885501, 6563013.728417282924056 ], [ 837263.719057480804622, 6563039.201693947426975 ], [ 837136.856169460574165, 6562950.798224881291389 ], [ 837060.794467594358139, 6562870.549704398959875 ], [ 837091.330713223665953, 6562792.719010177999735 ], [ 837183.732368602883071, 6562706.613692993298173 ], [ 837581.408639758476056, 6562466.663311128504574 ], [ 837883.172656348906457, 6561953.63530935999006 ], [ 837600.022611055988818, 6561803.075191870331764 ], [ 837156.641127780778334, 6562241.219338287599385 ], [ 836998.83652388502378, 6562152.866867892444134 ], [ 836823.511010099900886, 6562219.887773788534105 ], [ 836951.90602463320829, 6561931.529989771544933 ], [ 836842.846619264688343, 6561493.991651461459696 ], [ 836645.424190552090295, 6561425.238089573569596 ], [ 836426.320781108923256, 6561836.291592035442591 ], [ 836449.782450234983116, 6561900.647385431453586 ], [ 836456.673654517275281, 6562014.707225665450096 ], [ 836344.832448241184466, 6562029.949288859963417 ], [ 836218.645757132791914, 6562062.600441927090287 ], [ 836110.654626012546942, 6561964.683250684291124 ], [ 836032.054405306465924, 6561979.72275416739285 ], [ 835880.047054796828888, 6562105.792207363992929 ], [ 835786.863366851583123, 6561992.55732652079314 ], [ 835992.857734047807753, 6561685.599143205210567 ], [ 836158.167295061051846, 6561625.549104692414403 ], [ 836354.021612138720229, 6561377.14187724981457 ], [ 835897.141178610734642, 6561170.895985158160329 ], [ 835520.139870271203108, 6561256.491109636612236 ], [ 835119.495012956205755, 6561159.978930771350861 ], [ 834972.511368828942068, 6560949.463988183997571 ], [ 835114.222912387456745, 6560813.161710157990456 ], [ 835592.84574370784685, 6560871.415994266048074 ], [ 835656.965192666742951, 6560813.611466841772199 ], [ 835622.559539727983065, 6560748.54655927978456 ], [ 835500.970843533286825, 6560651.200360383838415 ], [ 835451.351373934652656, 6560556.71507843863219 ], [ 835455.97979255206883, 6560464.97541156411171 ], [ 835354.311333854217082, 6559837.791608482599258 ], [ 835439.450909109786153, 6559801.54022407066077 ], [ 835575.901171928271651, 6559815.171695228666067 ], [ 835830.22617932211142, 6560114.601448356173933 ], [ 835931.569270412321202, 6560121.980344448238611 ], [ 835993.737465944839641, 6560021.563653815537691 ], [ 835901.289304194040596, 6559887.38886530790478 ], [ 835956.891737905563787, 6559551.43956895545125 ], [ 836147.714369894587435, 6559102.192601098679006 ], [ 836411.557064316701144, 6559001.529548166319728 ], [ 836483.973922236938961, 6558906.045948140323162 ], [ 836403.069305132143199, 6558558.162393990904093 ], [ 836203.098949311999604, 6558480.571863645687699 ], [ 836090.385140147875063, 6558400.307588201016188 ], [ 835869.714063833700493, 6558405.169157009571791 ], [ 835754.403364425990731, 6558388.463499188423157 ], [ 835480.586462560342625, 6558664.131296934559941 ], [ 835280.625380852725357, 6558764.658021911047399 ], [ 835180.815477181924507, 6558676.647577438503504 ], [ 835136.95359452185221, 6558510.106428463943303 ], [ 835237.436110683833249, 6558434.096336951479316 ], [ 835296.732564957463183, 6558060.692923320457339 ], [ 835742.790915365563706, 6557851.57203652150929 ], [ 835970.41036101419013, 6557544.815859029069543 ], [ 835970.356935367453843, 6557435.668559611774981 ], [ 835758.597384709399194, 6557247.843409943394363 ], [ 835237.856673004804179, 6557294.779698109254241 ], [ 835125.582134715514258, 6556901.595025934278965 ], [ 834956.551928220316768, 6556538.776762332767248 ], [ 835114.918958302587271, 6556282.064761387184262 ], [ 835423.730335626285523, 6556115.292766683734953 ], [ 835515.886602430720814, 6556131.323485864326358 ], [ 835898.432413910282776, 6555858.52174386754632 ], [ 836243.710579621605575, 6555755.254777617752552 ], [ 836358.664370747283101, 6555588.518262131139636 ], [ 836332.573754344135523, 6555357.424214038997889 ], [ 836347.81817102257628, 6555210.314237205311656 ], [ 836314.140373043483123, 6555124.010163417086005 ], [ 836002.08069922728464, 6554908.260504019446671 ], [ 835950.674042117781937, 6554925.17297528591007 ], [ 835909.0751193666365, 6555045.659789895638824 ], [ 835967.359513767529279, 6555234.636051633395255 ], [ 835633.209882350871339, 6555497.413078244775534 ], [ 835585.298387644579634, 6555632.388570399954915 ], [ 835302.318924570572563, 6555795.350361565127969 ], [ 835217.32510371459648, 6555770.31927739456296 ], [ 835140.407148281228729, 6555351.542373113334179 ], [ 835242.973709668731317, 6555171.432416346855462 ], [ 835270.162990294746123, 6555029.010170134715736 ], [ 835181.954561199527234, 6554330.769130216911435 ], [ 835528.126262126606889, 6553898.134536162018776 ], [ 835581.14599717548117, 6553792.564939516596496 ], [ 835521.922660987940617, 6553702.451521185226738 ], [ 835355.745864855707623, 6553744.701829565688968 ], [ 835256.036249766824767, 6553693.824272744357586 ], [ 835049.839779979898594, 6553789.537407678551972 ], [ 834887.588000108487904, 6553629.203614698722959 ], [ 834617.884398411493748, 6553557.51344792637974 ], [ 834251.625912506016903, 6553577.144774653948843 ], [ 834169.943340382538736, 6553352.561515580862761 ], [ 834218.862644922104664, 6553291.954525352455676 ], [ 834304.774373976280913, 6553306.54690314643085 ], [ 834507.84916409093421, 6552693.042941562831402 ], [ 834638.181144428206608, 6552676.600967664271593 ], [ 835008.116236514644697, 6552836.803606567904353 ], [ 835177.007295056129806, 6552772.7522700317204 ], [ 835224.956419182242826, 6552587.309676123782992 ], [ 835513.450321868760511, 6552580.093103387393057 ], [ 835608.429276659968309, 6552544.875016609206796 ], [ 835693.564225224545226, 6552471.672119810245931 ], [ 835627.810062266420573, 6552254.962934504263103 ], [ 835472.784539629938081, 6552184.072157901711762 ], [ 835223.040234826505184, 6551980.654853243380785 ], [ 835204.452090841950849, 6551900.65441338531673 ], [ 835225.811166682862677, 6551813.05680944211781 ], [ 835630.481551886536181, 6551629.06085310690105 ], [ 835645.133330085780472, 6551541.852739693596959 ], [ 835474.882720192428678, 6551297.240860550664365 ], [ 835382.755956294946373, 6551027.371760180220008 ], [ 835120.75133705069311, 6550840.722537572495639 ], [ 835079.114834801759571, 6550682.439938017167151 ], [ 834881.932759935734794, 6550578.637992400676012 ], [ 834828.862059338949621, 6550497.266275651752949 ], [ 834468.062743367860094, 6550312.093906270340085 ], [ 834340.931364831980318, 6550468.740941405296326 ], [ 833860.324306442169473, 6550470.152345756068826 ], [ 833895.699870599550195, 6550334.51390515267849 ], [ 834149.420502308639698, 6549691.203836413100362 ], [ 834052.413761445786804, 6549296.611767986789346 ], [ 834143.879506275989115, 6549228.248531091958284 ], [ 834358.383642027620226, 6549261.880848046392202 ], [ 834419.413858251878992, 6549200.841883955523372 ], [ 834431.373041823972017, 6548995.7562012411654 ], [ 834492.092248343979008, 6548901.182308154180646 ], [ 834461.071460726787336, 6548525.230461873114109 ], [ 834712.506323970854282, 6548366.410956621170044 ], [ 834767.264402499888092, 6548291.832827551290393 ], [ 834751.634913217043504, 6548040.719269655644894 ], [ 834570.193487420212477, 6547944.811963578686118 ], [ 834480.974767381325364, 6548014.919297682121396 ], [ 834363.372135535115376, 6548024.411505843512714 ], [ 834230.284926655003801, 6547965.039885988458991 ], [ 834033.637502848170698, 6547803.062123271636665 ], [ 833834.011662691249512, 6547775.129345713183284 ], [ 833499.071002066368237, 6547860.410347748547792 ], [ 833346.578868165146559, 6547735.476235296577215 ], [ 833320.395463538356125, 6547559.957781831733882 ], [ 833352.552573188440874, 6547261.499726573936641 ], [ 833498.101890445686877, 6546909.388540778309107 ], [ 833454.230431856354699, 6546853.30440684966743 ], [ 833408.900082316366024, 6546795.456406434066594 ], [ 833262.008353902492672, 6546773.508575277402997 ], [ 833076.643823754275218, 6546890.991034344770014 ], [ 832910.234577383147553, 6546928.248046932742 ], [ 832853.742019627825357, 6546750.544209161773324 ], [ 832790.784483188996091, 6546552.192030268721282 ], [ 832633.510356511222199, 6546402.263339078985155 ], [ 832516.754406438907608, 6546464.906908778473735 ], [ 832199.93784904840868, 6546804.7351338788867 ], [ 832004.441884128144011, 6546556.005228129215539 ], [ 832115.094834957853891, 6546345.940415006130934 ], [ 832103.116189828142524, 6546089.129804440774024 ], [ 831993.595360380248167, 6545968.333731877617538 ], [ 831546.482752844924107, 6545616.999587480910122 ], [ 831534.578293997328728, 6545436.489591672085226 ], [ 831715.211038731853478, 6545336.558583751320839 ], [ 831964.031370356213301, 6545310.589500507339835 ], [ 832220.469206573325209, 6545399.050470758229494 ], [ 832438.250148004619405, 6545402.551584640517831 ], [ 832598.732871960150078, 6545445.653458626940846 ], [ 833065.129351165611297, 6545964.688721098005772 ], [ 833199.136868683854118, 6545936.424285085871816 ], [ 833232.922962854732759, 6545738.645467644557357 ], [ 833140.074704773491248, 6545236.103667779825628 ], [ 832997.734854597249068, 6544902.03479281719774 ], [ 832868.133549073012546, 6544757.254931844770908 ], [ 832690.863798474427313, 6544460.773460928350687 ], [ 832313.991253652144223, 6544170.712638577446342 ], [ 832107.527562242466956, 6543942.310119061730802 ], [ 832101.293800362152979, 6543133.73121053725481 ], [ 831867.054449688643217, 6542620.322534801438451 ], [ 831559.608864437788725, 6542364.729354679584503 ], [ 831025.90596809820272, 6542280.00068178307265 ], [ 830867.850434164283797, 6542101.055541289970279 ], [ 831011.790297345491126, 6541804.566302128136158 ], [ 831136.50052661600057, 6541319.755319257266819 ], [ 831392.458776345942169, 6541371.976140664890409 ], [ 831488.313331890851259, 6541369.467100542970002 ], [ 831540.167172971414402, 6541313.393035899847746 ], [ 831562.04115145560354, 6541230.493876853957772 ], [ 831523.830409909016453, 6541066.012744378298521 ], [ 831022.610370494890958, 6540400.760310668498278 ], [ 830943.73970007232856, 6540224.966726828366518 ], [ 831049.93429493275471, 6539950.834806560538709 ], [ 831094.063068847754039, 6539791.432935332879424 ], [ 831074.62402128870599, 6539702.540521651506424 ], [ 830928.564452003920451, 6539475.111174462363124 ], [ 830763.772523188265041, 6538905.353236324153841 ], [ 830603.506794804357924, 6538678.612485219724476 ], [ 830514.564736099680886, 6538379.243050681427121 ], [ 830525.333813079167157, 6538259.987378943711519 ], [ 830617.960677179507911, 6537932.355467159301043 ], [ 830563.605329532176256, 6537678.898923920467496 ], [ 830151.664576358394697, 6537318.124294829554856 ], [ 829990.812670866842382, 6537305.779225686565042 ], [ 829845.600244450150058, 6537411.457286329939961 ], [ 829824.417722249170765, 6537505.15679582580924 ], [ 830010.670515735633671, 6537777.945555688813329 ], [ 829933.483951080706902, 6538493.067588891834021 ], [ 829965.114299694309011, 6538647.298510806635022 ], [ 829930.435162892448716, 6538704.714117888361216 ], [ 829717.324589374475181, 6538644.726526798680425 ], [ 829116.52784260478802, 6538379.004400166682899 ], [ 828599.633466172264889, 6538658.100931495428085 ], [ 828408.871767645701766, 6538948.746503522619605 ], [ 828767.930824891664088, 6539416.200266998261213 ], [ 828793.807313894154504, 6539826.617355729453266 ], [ 828519.721401192829944, 6539807.038108347915113 ], [ 828158.746938187861815, 6539475.315006338991225 ], [ 828106.612893395125866, 6539322.032519113272429 ], [ 828177.986558422911912, 6539030.225897658616304 ], [ 828076.528849900234491, 6538929.746005333028734 ], [ 827511.227859192993492, 6538735.851939130574465 ], [ 827357.592331387102604, 6538535.366503586061299 ], [ 827808.174554271390662, 6538270.293864828534424 ], [ 827733.093046982074156, 6538031.533559573814273 ], [ 827701.130553782917559, 6537850.574083692394197 ], [ 827445.349405589397065, 6537745.586431799456477 ], [ 827369.211531832930632, 6537361.164192606694996 ], [ 827082.236463669221848, 6536948.634570874273777 ], [ 826896.335610609152354, 6536736.51534466445446 ], [ 826866.513244772912003, 6536667.039726621471345 ], [ 826819.89627783303149, 6536558.371475203894079 ], [ 826921.949542865855619, 6536301.570421140640974 ], [ 826860.342865093261935, 6535969.322534929029644 ], [ 826723.015204905066639, 6535831.390023207291961 ], [ 826449.668793880729936, 6535846.032186707481742 ], [ 826276.713270470267162, 6535657.296335124410689 ], [ 826523.361143119400367, 6535382.34769600816071 ], [ 826647.866245963610709, 6535372.945168109610677 ], [ 826726.697116405703127, 6535223.422307480126619 ], [ 826719.849215742433444, 6535152.010281724855304 ], [ 826577.875086602871306, 6535001.386754123494029 ], [ 826333.624398928135633, 6535088.335707658901811 ], [ 826192.112240834510885, 6535120.213813574053347 ], [ 825786.780865824781358, 6534936.00361735932529 ], [ 825488.12276145350188, 6535113.343475082889199 ], [ 825195.105140079976991, 6535229.555845016613603 ], [ 825070.85409404989332, 6535075.234396586194634 ], [ 825218.814074851805344, 6534805.472514403983951 ], [ 825449.030441509559751, 6534552.598095928318799 ], [ 825447.045794440433383, 6534457.541840121150017 ], [ 825349.053308402420953, 6534370.392171313986182 ], [ 825132.135381912812591, 6534284.48450231552124 ], [ 824899.900339712738059, 6534341.861716069281101 ], [ 824861.488317519659176, 6534383.664736306294799 ], [ 824717.363850600318983, 6534246.110298817977309 ], [ 824663.174988594721071, 6534211.936286935582757 ], [ 824585.163965697400272, 6534218.968328876420856 ], [ 824533.52065063896589, 6534179.518907524645329 ], [ 824520.426154466113076, 6534095.576604120433331 ], [ 824646.206109130289406, 6534059.510162761434913 ], [ 824695.451116553042084, 6533948.735559895634651 ], [ 824654.384122190531343, 6533892.682919850572944 ], [ 824487.829158309614286, 6533872.787414778023958 ], [ 824206.666908395127393, 6534049.251443525776267 ], [ 824063.390798510052264, 6534461.455496420152485 ], [ 823969.526206001522951, 6534437.474084789864719 ], [ 823859.279147483408451, 6534131.990784984081984 ], [ 823565.299328125081956, 6534050.684841280803084 ], [ 823392.46077487943694, 6534035.362377544865012 ], [ 823170.446721529820934, 6533857.37843762524426 ], [ 823228.314848934300244, 6533640.139606025069952 ], [ 823397.68585716013331, 6533554.026667694561183 ], [ 823298.976136942277662, 6533392.917487906292081 ], [ 823211.467383094714023, 6532639.162498522549868 ], [ 822965.772788088070229, 6532290.306264786981046 ], [ 823023.754433329333551, 6532128.732235258445144 ], [ 823288.02532065520063, 6532016.400978576391935 ], [ 823427.161902713822201, 6532011.410675004124641 ], [ 823471.512979389168322, 6531919.089852146804333 ], [ 823402.550917485263199, 6531449.688886443153024 ], [ 823110.871302529238164, 6531008.173038655892015 ], [ 822993.953197783557698, 6530887.705174949020147 ], [ 822777.669464213307947, 6530865.157254541292787 ], [ 822461.971445174072869, 6531049.084493225440383 ], [ 822268.097414139658213, 6530900.666866710409522 ], [ 822135.437431528931484, 6530654.683705727569759 ], [ 822057.658649062737823, 6530666.511245699599385 ], [ 822000.237497164634988, 6530785.917407310567796 ], [ 821822.311114327167161, 6530774.650966867804527 ], [ 821730.721405865391716, 6530566.083621378056705 ], [ 821544.548665007110685, 6530425.078969777561724 ], [ 821336.446066671516746, 6530394.002766801044345 ], [ 821237.90055003867019, 6530224.270987253636122 ], [ 821208.840751936775632, 6530131.346664873883128 ], [ 821303.742522822227329, 6529954.451328853145242 ], [ 821538.222214912762865, 6529777.55752413161099 ], [ 821645.96208742109593, 6529568.366630867123604 ], [ 821640.88250392023474, 6529312.289106674492359 ], [ 821833.87703800748568, 6529174.863683810457587 ], [ 821925.216338111553341, 6528984.746746707707644 ], [ 821783.262846594909206, 6528831.220456511713564 ], [ 821585.170001071644947, 6528770.734399355016649 ], [ 821363.856203537201509, 6528817.118878301233053 ], [ 821299.89159390097484, 6528762.492316266521811 ], [ 821231.107930545229465, 6528568.133886463940144 ], [ 821135.41517938580364, 6528517.67724322900176 ], [ 820950.907263306202367, 6528599.096301917918026 ], [ 820705.806214034557343, 6528580.94747525267303 ], [ 820645.614884498994797, 6528914.595286655239761 ], [ 820522.868113243719563, 6529013.654756814241409 ], [ 820477.44875098252669, 6529018.996990338899195 ], [ 820113.468758737668395, 6529006.690529718995094 ], [ 819621.448962918366306, 6528418.377144338563085 ], [ 819070.366606691852212, 6528326.37050995696336 ], [ 818804.675803195917979, 6528118.448627775534987 ], [ 818685.588641847250983, 6528076.444124199450016 ], [ 818466.103376579936594, 6528336.738484000787139 ], [ 817826.123712347471155, 6528490.750040575861931 ], [ 817196.24735275527928, 6528784.34332431666553 ], [ 816618.427447760710493, 6528996.532272917218506 ], [ 816456.546776032191701, 6528982.318343105725944 ], [ 816236.329358222894371, 6528929.053244115784764 ], [ 815502.813590688630939, 6528365.658544194884598 ], [ 815314.316800435539335, 6528300.618296282365918 ], [ 815085.503648761659861, 6528361.515725329518318 ], [ 814920.169481207383797, 6528433.798814261332154 ], [ 814882.249216598225757, 6528460.262054390273988 ], [ 814645.976694408804178, 6528710.401110034435987 ], [ 813984.797744821291417, 6529158.820558840408921 ], [ 813477.871801352361217, 6529385.587573986500502 ], [ 813245.27099987922702, 6529413.86063389107585 ], [ 812849.214613906340674, 6529216.113103374838829 ], [ 812227.267547469353303, 6529538.814330711960793 ], [ 812074.260668037459254, 6529530.174165867269039 ], [ 811941.4974701537285, 6529449.292286664247513 ], [ 811571.375045055989176, 6529526.859689108096063 ], [ 810936.140306790592149, 6529380.082231374457479 ], [ 810773.607557132956572, 6529396.728328732773662 ], [ 810178.166948977392167, 6529332.462049551308155 ], [ 810093.283205304760486, 6529406.555139314383268 ], [ 809892.417455343995243, 6529754.123664805665612 ], [ 809629.591288439580239, 6529797.529212818481028 ], [ 809490.737541829352267, 6529981.413013074547052 ], [ 809419.228419070946984, 6530358.694490596652031 ], [ 809128.736102506518364, 6530544.106732580810785 ], [ 808873.85219462052919, 6530610.324287677183747 ], [ 808515.110114113078453, 6530921.736927282996476 ], [ 808201.749997953535058, 6531083.049297291785479 ], [ 807873.901635917136446, 6531278.989485586062074 ], [ 807957.292741047218442, 6531517.693694912828505 ], [ 807996.135931737837382, 6532120.325198314152658 ], [ 808140.615397838293575, 6532389.293267802335322 ], [ 808289.373026445508003, 6532466.034526762552559 ], [ 808607.408377707004547, 6532943.130260985344648 ], [ 808752.079469009302557, 6533377.090084586292505 ], [ 809204.477696519577876, 6534159.77702353708446 ], [ 809299.163863037945703, 6534346.412172259762883 ], [ 809651.824558147112839, 6535234.843030187301338 ], [ 809691.040391728514805, 6535454.627922801300883 ], [ 809787.231655281269923, 6536719.759964735247195 ], [ 809992.602191063109785, 6537468.04173100925982 ], [ 810477.713587274774909, 6538106.996535204350948 ], [ 811126.304205925669521, 6539323.478602464310825 ], [ 811113.776244077831507, 6539335.583172420971096 ], [ 810851.595625046407804, 6539589.048751750960946 ], [ 810696.807106059859507, 6539772.760804783552885 ], [ 810591.880149002186954, 6539838.881200131028891 ], [ 810516.055253228871152, 6539852.055336323566735 ], [ 810195.185179870459251, 6539748.952784266322851 ], [ 810124.289814025396481, 6539737.467898721806705 ], [ 809699.036546933464706, 6539937.641101978719234 ], [ 809073.756959929247387, 6540009.202125018462539 ], [ 808830.817131510935724, 6540121.220490531995893 ], [ 808003.6075680621434, 6540170.127584108151495 ], [ 807236.362456045346335, 6540178.676005647517741 ], [ 805773.919770506443456, 6539670.504111391492188 ], [ 803191.569036157801747, 6539074.571602646261454 ], [ 802919.632409377256408, 6539028.998878640122712 ], [ 802490.818876860197634, 6539086.2153823049739 ], [ 802261.5391096083913, 6539191.956827826797962 ], [ 801852.264591625193134, 6539592.405719872564077 ], [ 801441.029454584000632, 6540248.577623557299376 ], [ 801140.421199314296246, 6540672.803385179489851 ], [ 800557.906459877733141, 6541008.675544090569019 ], [ 800157.824948957655579, 6541194.83305124565959 ], [ 799806.837265947367996, 6541463.355207659304142 ], [ 799487.690132454619743, 6541614.177837338298559 ], [ 798952.067762530990876, 6541704.612574107944965 ], [ 797574.768632201128639, 6541058.703346163034439 ], [ 797419.665769196348265, 6541013.065364204347134 ], [ 796808.300509386463091, 6540938.577708458527923 ], [ 795960.488358563743532, 6540934.288891227915883 ], [ 795444.122022221796215, 6541047.423814045265317 ], [ 794967.69097874884028, 6541002.015160283073783 ], [ 794728.55748612829484, 6540855.251346431672573 ], [ 794382.261950803920627, 6540680.672021117061377 ], [ 794242.036662647384219, 6540556.046787863597274 ], [ 793874.367636537645012, 6540184.54287694208324 ], [ 793032.400954745593481, 6539805.316097354516387 ], [ 792284.014128738315776, 6538979.692167209461331 ], [ 792278.594109491212294, 6538806.067233320325613 ], [ 791738.062789217801765, 6538902.441358271986246 ], [ 791512.054784480715171, 6538792.874429665505886 ], [ 791244.569806320592761, 6538519.757581861689687 ], [ 790725.044938505627215, 6538413.056963286362588 ], [ 790155.278844879474491, 6538674.897324487566948 ], [ 789919.258170468034223, 6538679.114218015223742 ], [ 789705.582435838063248, 6538625.363146746531129 ], [ 789326.735700776102021, 6538346.882210836745799 ], [ 789246.754215768305585, 6538236.244886600412428 ], [ 789041.455085576977581, 6538152.029563367366791 ], [ 788683.619593975832686, 6538200.402031181380153 ], [ 787872.456935572088696, 6537834.079678907990456 ], [ 787359.819628983736038, 6537571.64267467148602 ], [ 787176.660722946398892, 6537439.98619338311255 ], [ 786732.652994345873594, 6536984.7094960603863 ], [ 786425.424230046686716, 6536586.162234487012029 ], [ 786084.275580049725249, 6536000.56059679761529 ], [ 785941.859667554264888, 6535622.459742446430027 ], [ 785970.388914380106144, 6535497.570314832031727 ], [ 785957.599238883238286, 6535439.563925348222256 ], [ 786181.60357588075567, 6535005.041249710135162 ], [ 786024.013769615441561, 6534764.497610533609986 ], [ 785942.246342428959906, 6534205.972748873755336 ], [ 785900.686343606794253, 6534054.647835709154606 ], [ 785767.650829219142906, 6533241.68117169290781 ], [ 785546.888743678573519, 6533181.226335064508021 ], [ 785096.287345899967477, 6533193.695957815274596 ], [ 784749.039235300617293, 6532976.426588255912066 ], [ 784675.278839861741289, 6532914.170525271445513 ], [ 784694.750574900768697, 6532695.628689612261951 ], [ 784653.979954980663024, 6532591.53563101682812 ], [ 784331.613200353109278, 6532181.414650297723711 ], [ 784285.549597604898736, 6532096.28670331928879 ], [ 784351.102487501921132, 6531904.718777869828045 ], [ 784415.72428189124912, 6531826.077386436983943 ], [ 784309.257211548741907, 6531731.989560303278267 ], [ 786298.129163304925896, 6530682.340332798659801 ], [ 786581.674062004545704, 6530515.75938792526722 ], [ 787434.150404342333786, 6529932.875046717002988 ], [ 788511.028988265432417, 6528993.124907578341663 ], [ 789767.093271418707445, 6528035.155318116769195 ], [ 789732.285228240070865, 6527944.220329808071256 ] ] ] } }
]
}
