{
"type": "FeatureCollection",
"name": "limite_municipal",
"crs": { "type": "name", "properties": { "name": "urn:ogc:def:crs:OGC:1.3:CRS84" } },
"features": [
{ "type": "Feature", "properties": { "CD_MUN": "4301602", "NM_MUN": "Bagé", "CD_RGI": "430010", "NM_RGI": "Bagé", "CD_RGINT": "4302", "NM_RGINT": "Pelotas", "CD_UF": "43", "NM_UF": "Rio Grande do Sul", "SIGLA_UF": "RS", "CD_REGIAO": "4", "NM_REGIAO": "Sul", "SIGLA_RG": "S", "CD_CONCURB": "4301602", "NM_CONCURB": "Bagé/RS", "AREA_KM2": 4091.554 }, "geometry": { "type": "Polygon", "coordinates": [ [ [ -53.954656, -31.3468968 ], [ -53.9561949, -31.3506556 ], [ -53.957610799999898, -31.3523526 ], [ -53.960240499999898, -31.3542294 ], [ -53.962662599999902, -31.3525463 ], [ -53.965460999999898, -31.353585199999898 ], [ -53.9702912, -31.353583699999898 ], [ -53.9711559, -31.3544578 ], [ -53.970972699999898, -31.3554346 ], [ -53.9714948, -31.3564006 ], [ -53.9738134, -31.356007 ], [ -53.9757167, -31.356313999999898 ], [ -53.9751183, -31.357911199999901 ], [ -53.974007099999902, -31.358730799999893 ], [ -53.9723536, -31.359573699999896 ], [ -53.970765899999897, -31.361449299999897 ], [ -53.9706322, -31.362218599999899 ], [ -53.971414, -31.3630486 ], [ -53.9799323, -31.3662312 ], [ -53.981358499999899, -31.366963799999986 ], [ -53.983884, -31.368959199999907 ], [ -53.984179099999899, -31.3703472 ], [ -53.9831971, -31.371405 ], [ -53.983032, -31.3721545 ], [ -53.9845303, -31.375880499999894 ], [ -53.9868743, -31.3780264 ], [ -53.990034299999898, -31.3777534 ], [ -53.992780099999898, -31.3782361 ], [ -53.9942488, -31.377007799999898 ], [ -53.9950299, -31.37682469999989 ], [ -53.9955155, -31.3770385 ], [ -53.996917799999899, -31.3773145 ], [ -53.998719499999901, -31.3790231 ], [ -53.9990634, -31.379349299999895 ], [ -53.998115099999907, -31.3802097 ], [ -53.995081099999908, -31.382241599999897 ], [ -53.992121499999897, -31.3844556 ], [ -53.989339399999899, -31.3878745 ], [ -53.986758, -31.3900578 ], [ -53.9838809, -31.392982399999894 ], [ -53.9821385, -31.3944026 ], [ -53.979671499999903, -31.3961006 ], [ -53.9746153, -31.3992175 ], [ -53.9662794, -31.4013558 ], [ -53.961634699999898, -31.407160099999892 ], [ -53.9610893, -31.4118966 ], [ -53.9609465999999, -31.413135899999908 ], [ -53.960085299999903, -31.4206196 ], [ -53.9596968, -31.421571899999893 ], [ -53.9587634, -31.4228234 ], [ -53.9558008, -31.424766 ], [ -53.9536088999999, -31.4269289 ], [ -53.9516905999999, -31.4285715 ], [ -53.949250499999899, -31.430379699999897 ], [ -53.938734199999899, -31.4370465 ], [ -53.9361375, -31.4379895 ], [ -53.9318398, -31.4418069 ], [ -53.928884599999897, -31.4448672 ], [ -53.923069499999897, -31.4522666 ], [ -53.9224024, -31.453624499999901 ], [ -53.922221, -31.4542079 ], [ -53.9218274999999, -31.455470299999895 ], [ -53.9228739, -31.4598027 ], [ -53.9223681, -31.462113999999893 ], [ -53.92404470000001, -31.4653284 ], [ -53.9246904, -31.4657879 ], [ -53.9268885, -31.4657612 ], [ -53.929808299999898, -31.464626399999894 ], [ -53.9312277, -31.464580299999987 ], [ -53.932462, -31.4660077999999 ], [ -53.935665099999902, -31.4750203 ], [ -53.9367404, -31.478358699999895 ], [ -53.937538399999902, -31.4795081 ], [ -53.9396545, -31.4815194 ], [ -53.9464917, -31.4856973 ], [ -53.9506718, -31.485968699999901 ], [ -53.9511441, -31.4864514 ], [ -53.951342, -31.488506899999908 ], [ -53.952564799999898, -31.4889312 ], [ -53.9534454, -31.4916219 ], [ -53.955186899999902, -31.4924071 ], [ -53.956351, -31.492517599999896 ], [ -53.957627699999897, -31.4931563 ], [ -53.9581549, -31.4929999 ], [ -53.9584859, -31.4927623 ], [ -53.9590391999999, -31.492837999999892 ], [ -53.9594758, -31.4932332 ], [ -53.960143, -31.493295499999888 ], [ -53.9605424, -31.4935012 ], [ -53.9604609, -31.4939017999999 ], [ -53.9608708, -31.494170799999889 ], [ -53.961066, -31.4945173 ], [ -53.9614787, -31.4947151 ], [ -53.96193729999991, -31.4947111 ], [ -53.9621943, -31.4945016 ], [ -53.9625598, -31.494506699999896 ], [ -53.962825, -31.4947349 ], [ -53.9634037, -31.494712499999899 ], [ -53.963885499999897, -31.494997 ], [ -53.9637938, -31.495466099999902 ], [ -53.964186299999902, -31.4954119 ], [ -53.964632299999899, -31.4957067 ], [ -53.9649295, -31.4961288 ], [ -53.965289, -31.4960752 ], [ -53.9656174, -31.4962197 ], [ -53.965792, -31.4967012 ], [ -53.9662205, -31.496738499999896 ], [ -53.9664526, -31.496942299999894 ], [ -53.9661216, -31.4971543 ], [ -53.966106099999898, -31.498049799999894 ], [ -53.966488399999903, -31.4980255 ], [ -53.966536399999903, -31.4976579 ], [ -53.966765, -31.497624599999899 ], [ -53.9678292, -31.498437899999896 ], [ -53.968067, -31.498879499999902 ], [ -53.968635, -31.49931009999991 ], [ -53.9684864, -31.499800499999903 ], [ -53.9688662, -31.500302299999895 ], [ -53.96936859999991, -31.5004633 ], [ -53.9696895, -31.5008515 ], [ -53.9700065, -31.5018157 ], [ -53.9708664, -31.5023467 ], [ -53.9711942, -31.502810399999895 ], [ -53.9718255, -31.503136 ], [ -53.972009699999901, -31.503983999999889 ], [ -53.972406299999903, -31.5040797 ], [ -53.9726431, -31.504681499999904 ], [ -53.972369, -31.505057 ], [ -53.9733353, -31.5059221 ], [ -53.973505499999909, -31.5067577 ], [ -53.974341599999903, -31.507092 ], [ -53.9752779, -31.507016399999884 ], [ -53.9753239, -31.5065296 ], [ -53.9758846, -31.5066032 ], [ -53.976556699999897, -31.507417299999901 ], [ -53.977173299999897, -31.5078908 ], [ -53.977342, -31.5083804 ], [ -53.9783712, -31.509242599999901 ], [ -53.9785633, -31.5102654 ], [ -53.9792755, -31.5106418999999 ], [ -53.979587299999899, -31.511533799999899 ], [ -53.980884499999902, -31.5128225 ], [ -53.982308799999899, -31.5134277 ], [ -53.9841516, -31.5142658 ], [ -53.9855099, -31.5147595 ], [ -53.98593240000001, -31.514412499999903 ], [ -53.986436599999898, -31.5143614 ], [ -53.9870589, -31.5149023 ], [ -53.9875415, -31.5147772 ], [ -53.9879021, -31.5148938 ], [ -53.9878598, -31.5154625 ], [ -53.988526299999897, -31.5157421 ], [ -53.9891425, -31.516308799999898 ], [ -53.9895144, -31.5167698 ], [ -53.9894808, -31.5170509 ], [ -53.9897978, -31.5173538999999 ], [ -53.989773399999898, -31.5178829 ], [ -53.990276299999906, -31.518078199999902 ], [ -53.9903944, -31.5185392 ], [ -53.9896889, -31.519039399999905 ], [ -53.989365899999903, -31.519499499999903 ], [ -53.9895475, -31.5202909 ], [ -53.990102099999902, -31.5206094 ], [ -53.991139, -31.521533400000013 ], [ -53.9922654, -31.522882 ], [ -53.9928914, -31.5236004 ], [ -53.993695, -31.524320499999888 ], [ -53.994681399999898, -31.5248341 ], [ -53.995661799999901, -31.525251099999902 ], [ -53.996676799999904, -31.5258097 ], [ -53.9977185, -31.5258142 ], [ -53.998796899999903, -31.5261007 ], [ -53.9999687, -31.526107099999894 ], [ -54.0007006, -31.5263914 ], [ -54.0012659, -31.526314500000012 ], [ -54.0020092, -31.526528 ], [ -54.00245970000001, -31.5270358 ], [ -54.00268279999991, -31.5274985 ], [ -54.003200299999897, -31.5276820999999 ], [ -54.003871199999899, -31.5273038999999 ], [ -54.004758599999903, -31.5271101 ], [ -54.0063301, -31.527075399999898 ], [ -54.0073278, -31.527197 ], [ -54.008209, -31.5270724 ], [ -54.008638, -31.527506399999904 ], [ -54.0089958, -31.5284298 ], [ -54.009510099999908, -31.528591199999894 ], [ -54.0093313, -31.5305294 ], [ -54.0093873, -31.532847199999903 ], [ -54.0121422, -31.5348834 ], [ -54.014409699999902, -31.5376006 ], [ -54.0412386, -31.5230852 ], [ -54.041617099999904, -31.5228767 ], [ -54.0416594, -31.522481399999901 ], [ -54.0415796, -31.522065499999904 ], [ -54.040185699999903, -31.5208139 ], [ -54.0389562, -31.5205311 ], [ -54.037774399999897, -31.5201499 ], [ -54.0368412, -31.5200225 ], [ -54.036208, -31.5196864 ], [ -54.033974199999903, -31.5179046 ], [ -54.033582599999903, -31.517357900000011 ], [ -54.0333722, -31.5171473 ], [ -54.033464799999898, -31.516826699999989 ], [ -54.0353552999999, -31.5145082 ], [ -54.035331799999902, -31.5141141 ], [ -54.0342553, -31.512787199999895 ], [ -54.0338282, -31.512153699999892 ], [ -54.031277799999899, -31.5092639 ], [ -54.030850299999898, -31.508542599999895 ], [ -54.028457699999898, -31.505767299999896 ], [ -54.0287991, -31.5047739 ], [ -54.028858699999901, -31.5042209 ], [ -54.029264199999901, -31.503717499999897 ], [ -54.0298392999999, -31.502641799999896 ], [ -54.0303751, -31.501338 ], [ -54.0336068, -31.5022387 ], [ -54.0366364, -31.5005305 ], [ -54.037881899999903, -31.5001470999999 ], [ -54.0402314, -31.499640499999909 ], [ -54.0413387, -31.4995134 ], [ -54.0428476, -31.4964039 ], [ -54.043277499999903, -31.495744499999898 ], [ -54.0445161, -31.493859799999885 ], [ -54.048479799999903, -31.4881793 ], [ -54.049357, -31.4869646 ], [ -54.0517126, -31.4882067 ], [ -54.053151899999897, -31.486836799999903 ], [ -54.0548314, -31.485364699999899 ], [ -54.0574364, -31.483018 ], [ -54.059440499999901, -31.481225299999902 ], [ -54.0607155, -31.4798185 ], [ -54.0610075, -31.4792418 ], [ -54.0616798, -31.478567699999903 ], [ -54.064707499999905, -31.4755294 ], [ -54.0677221, -31.472877799999896 ], [ -54.0693209, -31.4715055 ], [ -54.069699199999903, -31.468081099999893 ], [ -54.0707676, -31.457879299999885 ], [ -54.070950799999899, -31.455973599999894 ], [ -54.0722157, -31.455532199999901 ], [ -54.0820753, -31.4517389 ], [ -54.0890208, -31.4490666 ], [ -54.094014, -31.4471306 ], [ -54.0942489, -31.4468497 ], [ -54.0952637, -31.4447008 ], [ -54.0960573, -31.4427532 ], [ -54.0953304, -31.4416037 ], [ -54.0939438999999, -31.439870799999898 ], [ -54.0934475, -31.4382577 ], [ -54.093751799999907, -31.436660399999898 ], [ -54.0934898, -31.4359327999999 ], [ -54.093556799999902, -31.4356466 ], [ -54.0944372, -31.4358094 ], [ -54.0951173999999, -31.436118599999901 ], [ -54.0957994, -31.436663699999905 ], [ -54.0970224, -31.4367209 ], [ -54.0991337, -31.436418699999901 ], [ -54.1017947, -31.4351432 ], [ -54.1034481, -31.434287 ], [ -54.1036712, -31.433698299999886 ], [ -54.1057921, -31.4331266 ], [ -54.107385399999899, -31.4334158 ], [ -54.1084160999999, -31.432752 ], [ -54.109194499999901, -31.432648899999908 ], [ -54.109739799999907, -31.4322534 ], [ -54.1094957, -31.431580199999892 ], [ -54.1096711, -31.4310854 ], [ -54.109368699999898, -31.430481199999988 ], [ -54.1099475, -31.4300903 ], [ -54.1111423, -31.4297751 ], [ -54.112477399999896, -31.42967 ], [ -54.1135128, -31.429363599999895 ], [ -54.1151981, -31.4300517 ], [ -54.115554599999903, -31.4307016 ], [ -54.11621, -31.430806399999888 ], [ -54.116897499999901, -31.431406799999891 ], [ -54.1171525, -31.432025199999902 ], [ -54.118402699999898, -31.433191899999898 ], [ -54.1199655, -31.4352779 ], [ -54.120257, -31.4360712 ], [ -54.1201316, -31.437143999999893 ], [ -54.120456299999901, -31.438494799999901 ], [ -54.1211562, -31.440540499999901 ], [ -54.121356499999898, -31.4427987 ], [ -54.1223841, -31.444560599999903 ], [ -54.123142099999903, -31.445119 ], [ -54.1233227, -31.4454732 ], [ -54.123166899999902, -31.4457181 ], [ -54.1228872, -31.445783499999902 ], [ -54.1226095, -31.4461759 ], [ -54.1216798, -31.4465681 ], [ -54.1211018, -31.447683099999885 ], [ -54.1209203, -31.4485529 ], [ -54.1218231, -31.4496487 ], [ -54.1232926, -31.4501218 ], [ -54.123711399999898, -31.450577599999988 ], [ -54.1252416, -31.4510639 ], [ -54.126449599999901, -31.4516108 ], [ -54.1273651, -31.4519541 ], [ -54.128160799999897, -31.452259 ], [ -54.1288517999999, -31.453053199999896 ], [ -54.1288281, -31.453785799999903 ], [ -54.1286099, -31.4546902 ], [ -54.1285679, -31.4556737 ], [ -54.1290031999999, -31.456636499999895 ], [ -54.1295815, -31.456942099999907 ], [ -54.1300318, -31.4572375 ], [ -54.1301033, -31.457859299999907 ], [ -54.129847299999902, -31.4587164 ], [ -54.1303841, -31.4591475 ], [ -54.130934599999897, -31.4597454 ], [ -54.1316808999999, -31.4596794 ], [ -54.1321153, -31.460187399999899 ], [ -54.1328233999999, -31.4602924 ], [ -54.1335185, -31.460306199999906 ], [ -54.1340201, -31.460723899999895 ], [ -54.1340824, -31.4612313 ], [ -54.1330361, -31.4625123 ], [ -54.1323963, -31.463655 ], [ -54.132408499999897, -31.464582699999898 ], [ -54.133310299999899, -31.465411 ], [ -54.134075499999902, -31.46543059999992 ], [ -54.135067799999902, -31.4662068 ], [ -54.135681599999899, -31.467010899999888 ], [ -54.1362549, -31.4683645 ], [ -54.1360885, -31.4693809 ], [ -54.1361735, -31.4699067 ], [ -54.1368555, -31.470829599999895 ], [ -54.1370772, -31.471718899999907 ], [ -54.1373255, -31.4723001999999 ], [ -54.1369764, -31.4726428 ], [ -54.1370107, -31.473231899999984 ], [ -54.1369644, -31.474166499999988 ], [ -54.1371354999999, -31.474643099999987 ], [ -54.13668, -31.4749156 ], [ -54.136710299999905, -31.475409199999898 ], [ -54.137147899999903, -31.475930999999896 ], [ -54.137881799999903, -31.4762157 ], [ -54.138737, -31.4764731 ], [ -54.140723599999902, -31.4771276 ], [ -54.141707499999903, -31.477541599999896 ], [ -54.1423285, -31.477637199999897 ], [ -54.142039, -31.4781126 ], [ -54.1419011999999, -31.478805899999902 ], [ -54.1415969, -31.479394800000012 ], [ -54.1416929, -31.4798688 ], [ -54.142175, -31.480101299999909 ], [ -54.1427532, -31.4802442 ], [ -54.142910099999902, -31.480696 ], [ -54.143158899999897, -31.481034599999898 ], [ -54.1431921, -31.481579899999897 ], [ -54.1427747, -31.481673999999892 ], [ -54.142753899999903, -31.4820712 ], [ -54.143587399999902, -31.482433199999896 ], [ -54.144639599999898, -31.482471599999904 ], [ -54.145886699999899, -31.482195600000011 ], [ -54.147780399999903, -31.4821231 ], [ -54.149509899999899, -31.4823853 ], [ -54.1511383, -31.4828376 ], [ -54.151725499999898, -31.483410999999894 ], [ -54.1523342, -31.484485699999897 ], [ -54.1551208, -31.4854652 ], [ -54.1561717, -31.4862563 ], [ -54.1584536, -31.487084 ], [ -54.1598207, -31.4874078 ], [ -54.161144099999909, -31.488173 ], [ -54.162068599999898, -31.4879706 ], [ -54.162495799999903, -31.4881576 ], [ -54.1633183, -31.488702499999903 ], [ -54.163755799999898, -31.4886197 ], [ -54.1642163, -31.4883758 ], [ -54.1649138, -31.488206999999896 ], [ -54.1660668, -31.487989099999897 ], [ -54.1665467, -31.4880736 ], [ -54.1670937, -31.487908 ], [ -54.167334, -31.4884509 ], [ -54.1678797, -31.488687399999897 ], [ -54.1676615, -31.4890753 ], [ -54.1676697, -31.489442499999896 ], [ -54.1684023, -31.4893981 ], [ -54.1687476, -31.489844499999887 ], [ -54.1690168, -31.490653199999908 ], [ -54.1690786, -31.4912646 ], [ -54.169503399999897, -31.4913447 ], [ -54.169993599999898, -31.4909979 ], [ -54.1710375, -31.4905481 ], [ -54.1717753, -31.4900885 ], [ -54.1721838, -31.4901417 ], [ -54.1722149, -31.4905282 ], [ -54.1719007, -31.4908148 ], [ -54.1718959, -31.4911963 ], [ -54.1721797, -31.491540399999987 ], [ -54.1726189, -31.4915736 ], [ -54.1734819, -31.4914128 ], [ -54.1736049, -31.49089 ], [ -54.174110799999902, -31.490248500000011 ], [ -54.174750199999899, -31.489971599999897 ], [ -54.1754238, -31.489662899999903 ], [ -54.1761946, -31.489344399999911 ], [ -54.1765151, -31.489586 ], [ -54.176488499999898, -31.490028999999893 ], [ -54.176732699999903, -31.4902369 ], [ -54.1770796, -31.4900905 ], [ -54.177035299999901, -31.4895751 ], [ -54.1772855, -31.489114599999901 ], [ -54.177684199999902, -31.48901360000001 ], [ -54.1776852, -31.4885997 ], [ -54.1772587, -31.488380199999906 ], [ -54.1768772, -31.487998 ], [ -54.1771737, -31.4877324 ], [ -54.177754299999897, -31.4874244 ], [ -54.1774932, -31.486537999999886 ], [ -54.177033799999897, -31.4858915 ], [ -54.176655299999908, -31.4852862 ], [ -54.177146999999898, -31.484605499999898 ], [ -54.1780878, -31.4838558 ], [ -54.1797463999999, -31.4837393 ], [ -54.181663199999903, -31.4840245 ], [ -54.1833533, -31.4850896999999 ], [ -54.1844283, -31.4857185 ], [ -54.1849607, -31.4855883 ], [ -54.1861058, -31.4868954999999 ], [ -54.1869649, -31.4882668 ], [ -54.1874069, -31.4892447 ], [ -54.187675199999902, -31.490363499999898 ], [ -54.1875221, -31.490716099999897 ], [ -54.1877385, -31.491180799999896 ], [ -54.1871805, -31.491598399999898 ], [ -54.187197899999902, -31.4923997 ], [ -54.1879159, -31.4937421 ], [ -54.1885817, -31.4944429 ], [ -54.189651899999909, -31.4949085 ], [ -54.1905783, -31.494837199999893 ], [ -54.1918087, -31.4944862 ], [ -54.193562799999903, -31.4942171 ], [ -54.1949283, -31.4943369 ], [ -54.195500299999907, -31.494902 ], [ -54.19562160000001, -31.495679299999907 ], [ -54.194583099999903, -31.497112899999898 ], [ -54.194774499999902, -31.4979183999999 ], [ -54.1952964, -31.4987277 ], [ -54.1955063, -31.4993163 ], [ -54.196113099999899, -31.4991692 ], [ -54.196298, -31.498578399999911 ], [ -54.1968959, -31.4982739 ], [ -54.1971311, -31.4979001 ], [ -54.1977543, -31.4980057 ], [ -54.198375499999898, -31.4983085 ], [ -54.1988322999999, -31.498041199999903 ], [ -54.199675199999902, -31.497745199999894 ], [ -54.2005766, -31.497893799999908 ], [ -54.2012746999999, -31.4983432 ], [ -54.2010581, -31.498786999999894 ], [ -54.200370399999898, -31.498987 ], [ -54.2001863, -31.4998626 ], [ -54.200451, -31.5004704 ], [ -54.2003018999999, -31.5010048 ], [ -54.200418199999909, -31.5014518 ], [ -54.200972099999902, -31.501350699999897 ], [ -54.2016642, -31.5009512 ], [ -54.2025997, -31.500146099999899 ], [ -54.2038674, -31.4996618 ], [ -54.2053327, -31.4990141 ], [ -54.206215799999903, -31.4991357 ], [ -54.207544, -31.4995369 ], [ -54.2080243, -31.5001176 ], [ -54.207915, -31.500791499999899 ], [ -54.2084915, -31.501478399999893 ], [ -54.209172099999897, -31.501671 ], [ -54.20944380000001, -31.5020248 ], [ -54.2091571999999, -31.502449199999901 ], [ -54.2094119, -31.5029294 ], [ -54.209986, -31.503216399999896 ], [ -54.2110805, -31.503240199999901 ], [ -54.2117913, -31.5034145999999 ], [ -54.2121959, -31.5038749 ], [ -54.2119791, -31.504439299999895 ], [ -54.2111348, -31.5046402 ], [ -54.2109586999999, -31.5050636 ], [ -54.2115643, -31.5054352 ], [ -54.2122974, -31.505131999999893 ], [ -54.2128205, -31.5044225 ], [ -54.213791699999902, -31.5042247 ], [ -54.214163799999902, -31.5048219 ], [ -54.213859, -31.505628699999885 ], [ -54.2148644, -31.5060682 ], [ -54.2160555, -31.5063086 ], [ -54.2162109, -31.506917199999986 ], [ -54.2169019, -31.507626 ], [ -54.2175922, -31.5078351 ], [ -54.2181035999999, -31.5083829 ], [ -54.2181927, -31.509036299999888 ], [ -54.2187044, -31.509647599999909 ], [ -54.219531, -31.509954499999903 ], [ -54.219877499999903, -31.510542 ], [ -54.2201084, -31.5112592 ], [ -54.2207228, -31.5116045 ], [ -54.221182999999897, -31.5114998 ], [ -54.221235299999897, -31.5108961 ], [ -54.2217656, -31.510844399999893 ], [ -54.222156299999902, -31.511563899999899 ], [ -54.2221306, -31.5122221 ], [ -54.2217262, -31.5128352999999 ], [ -54.2224452, -31.513276099999892 ], [ -54.2226648, -31.513816899999892 ], [ -54.2225268, -31.514532 ], [ -54.222352699999902, -31.5151326 ], [ -54.2228904, -31.515691699999905 ], [ -54.223408699999901, -31.515456899999894 ], [ -54.2239691999999, -31.514904199999901 ], [ -54.2245632, -31.515104199999904 ], [ -54.225246, -31.515437899999903 ], [ -54.2257839, -31.5151049 ], [ -54.226446199999899, -31.5151574 ], [ -54.226875999999898, -31.515525899999886 ], [ -54.2270866, -31.5160121 ], [ -54.2277912, -31.5166138 ], [ -54.2281952, -31.516597699999988 ], [ -54.2285519, -31.516061299999901 ], [ -54.2288677, -31.515374399999899 ], [ -54.2297206, -31.515116899999988 ], [ -54.230312599999905, -31.5153151 ], [ -54.2309078, -31.515657299999898 ], [ -54.231847899999899, -31.5155454 ], [ -54.232693799999907, -31.515181299999895 ], [ -54.234190399999903, -31.5150067 ], [ -54.235222099999902, -31.514875199999903 ], [ -54.236564, -31.5142364 ], [ -54.2371922, -31.5144602 ], [ -54.2372409, -31.5152361 ], [ -54.2370751999999, -31.5160849 ], [ -54.238070999999898, -31.516666499999904 ], [ -54.2390058, -31.5165848 ], [ -54.240543699999897, -31.516518 ], [ -54.241480099999897, -31.516677899999895 ], [ -54.242068199999899, -31.5165009 ], [ -54.2441656, -31.5168573 ], [ -54.245931599999899, -31.5159193 ], [ -54.2466459, -31.5159672 ], [ -54.2478765, -31.515451799999902 ], [ -54.248303899999897, -31.5148627 ], [ -54.2506207, -31.5149015 ], [ -54.2512182, -31.515572 ], [ -54.252354099999899, -31.5150952 ], [ -54.2534572, -31.5150093 ], [ -54.254451, -31.5146687 ], [ -54.2584201, -31.513102199999906 ], [ -54.2628888, -31.51231799999989 ], [ -54.2666963, -31.511330299999901 ], [ -54.271769, -31.5100164 ], [ -54.273564, -31.5094318 ], [ -54.2743727, -31.509391499999897 ], [ -54.275197, -31.509758799999897 ], [ -54.2757938, -31.510493499999896 ], [ -54.2758022, -31.5112215 ], [ -54.2753708, -31.5118095 ], [ -54.274945699999897, -31.5124739 ], [ -54.2747586, -31.513169999999899 ], [ -54.274865, -31.514062399999908 ], [ -54.275794399999903, -31.5143191 ], [ -54.2770326, -31.5147198 ], [ -54.2779168, -31.5155511 ], [ -54.2780577999999, -31.516060799999909 ], [ -54.279118, -31.5168674 ], [ -54.279851699999909, -31.517149399999894 ], [ -54.2809349, -31.516968299999988 ], [ -54.2814026, -31.517184299999901 ], [ -54.28161, -31.5176685 ], [ -54.281327099999906, -31.5181436 ], [ -54.280908, -31.5189195 ], [ -54.280381299999902, -31.5194076 ], [ -54.2805913, -31.5196607 ], [ -54.281453999999897, -31.5198387 ], [ -54.2821403, -31.51980639999989 ], [ -54.282361, -31.5202403 ], [ -54.283924199999902, -31.520741799999897 ], [ -54.284755, -31.5207966 ], [ -54.284871, -31.521510099999897 ], [ -54.284707099999906, -31.521903 ], [ -54.284124, -31.521895 ], [ -54.2835024, -31.5223733 ], [ -54.2833051, -31.5228587 ], [ -54.2835259, -31.523158699999989 ], [ -54.2839951999999, -31.5230698999999 ], [ -54.2844094, -31.523123499999908 ], [ -54.284033099999903, -31.523602599999904 ], [ -54.283559599999904, -31.5238113 ], [ -54.283217, -31.5244607 ], [ -54.2835032, -31.5249888 ], [ -54.284049799999899, -31.5254504 ], [ -54.2840834, -31.5263988 ], [ -54.2844815999999, -31.5267939 ], [ -54.2847857, -31.5273837999999 ], [ -54.285145499999899, -31.527516299999895 ], [ -54.2851921, -31.528071399999895 ], [ -54.285678899999901, -31.528054 ], [ -54.285581599999901, -31.528505299999907 ], [ -54.2857405, -31.5288983 ], [ -54.2861126, -31.5290221 ], [ -54.2862529, -31.528697599999898 ], [ -54.2868409, -31.5287298 ], [ -54.287064799999897, -31.529113299999899 ], [ -54.2869039, -31.5293844999999 ], [ -54.2870892, -31.5298339 ], [ -54.2877025, -31.5300296 ], [ -54.287996399999898, -31.529653299999897 ], [ -54.2879394, -31.5291222 ], [ -54.289673299999897, -31.5291801 ], [ -54.290042399999898, -31.529457299999905 ], [ -54.2905612, -31.5293275 ], [ -54.2910019, -31.5293841 ], [ -54.2915886, -31.529671 ], [ -54.2919855, -31.5294112 ], [ -54.2922965, -31.5295063 ], [ -54.2926740999999, -31.5297588 ], [ -54.2931126, -31.529713 ], [ -54.2935653, -31.5295333 ], [ -54.2936839, -31.529924299999902 ], [ -54.2935472, -31.5304565 ], [ -54.2937332, -31.531016 ], [ -54.2944616999999, -31.531240399999898 ], [ -54.294299099999897, -31.5322090999999 ], [ -54.294417, -31.5327437 ], [ -54.2943542, -31.5334429 ], [ -54.2946181, -31.5342084 ], [ -54.2948969, -31.5346893 ], [ -54.294690699999897, -31.5353878 ], [ -54.2937744, -31.535821499999887 ], [ -54.292927399999897, -31.5363032 ], [ -54.292361, -31.5364655999999 ], [ -54.2919841, -31.5369487 ], [ -54.2920498, -31.5374889 ], [ -54.292176599999898, -31.5381681 ], [ -54.2921618, -31.538906999999899 ], [ -54.292007399999903, -31.539537299999889 ], [ -54.2920751999999, -31.539993799999902 ], [ -54.292537599999903, -31.5404538 ], [ -54.2935625, -31.5412784 ], [ -54.2944707999999, -31.542308399999985 ], [ -54.2946557, -31.5428638 ], [ -54.294521, -31.5439177 ], [ -54.2940303, -31.54469 ], [ -54.293246, -31.5454725 ], [ -54.2930517, -31.5459044 ], [ -54.293411499999898, -31.546376199999912 ], [ -54.2939615, -31.5463741 ], [ -54.29452, -31.5458174 ], [ -54.2954458, -31.5461965 ], [ -54.2962833, -31.546643500000012 ], [ -54.2979688, -31.5472842 ], [ -54.2992151, -31.5480539 ], [ -54.300110199999899, -31.5482863 ], [ -54.300288899999899, -31.547999199999897 ], [ -54.3006032, -31.547951699999896 ], [ -54.301792299999903, -31.548369299999901 ], [ -54.304834899999904, -31.5500997 ], [ -54.3071896, -31.55146 ], [ -54.308108499999904, -31.55216 ], [ -54.308847699999902, -31.5523413999999 ], [ -54.3093488, -31.552093199999899 ], [ -54.3094599, -31.5515285 ], [ -54.309539599999901, -31.5509069 ], [ -54.3098983, -31.5506722 ], [ -54.3105595, -31.5506497 ], [ -54.311217, -31.5509306 ], [ -54.312283099999902, -31.5519383 ], [ -54.3131652, -31.553235399999899 ], [ -54.313748, -31.5547749 ], [ -54.314514599999903, -31.5554948 ], [ -54.3152736, -31.5555454 ], [ -54.3158194, -31.555299999999892 ], [ -54.3163721, -31.555462599999895 ], [ -54.3167036, -31.5559944 ], [ -54.316582, -31.5565665 ], [ -54.316072899999902, -31.557079799999897 ], [ -54.315729, -31.557785399999894 ], [ -54.3160953, -31.5584211 ], [ -54.3166307, -31.559970899999907 ], [ -54.3166411, -31.561677099999901 ], [ -54.3164631, -31.56402489999989 ], [ -54.31722, -31.566174999999891 ], [ -54.3178672, -31.5678641 ], [ -54.3185983, -31.5688842 ], [ -54.3201427, -31.5703621 ], [ -54.3210566, -31.5705383 ], [ -54.322805199999898, -31.571805599999895 ], [ -54.3240833999999, -31.573031699999891 ], [ -54.325048099999897, -31.5732684 ], [ -54.3261444, -31.572977299999895 ], [ -54.3266939, -31.5721291999999 ], [ -54.326639499999899, -31.571009499999896 ], [ -54.3270702, -31.5707717 ], [ -54.328528, -31.571288 ], [ -54.3301569, -31.5720866 ], [ -54.331739, -31.573446799999907 ], [ -54.3321902, -31.574217799999904 ], [ -54.3318333, -31.5746923 ], [ -54.331121499999902, -31.5748943 ], [ -54.3299769, -31.575278499999989 ], [ -54.3292192, -31.5758953 ], [ -54.329011299999898, -31.576738599999903 ], [ -54.3293245999999, -31.577179 ], [ -54.3301767, -31.577273799999894 ], [ -54.331023, -31.5768332 ], [ -54.331916799999902, -31.5765623 ], [ -54.332479, -31.577100399999892 ], [ -54.332238399999902, -31.5776243 ], [ -54.3313168, -31.5780961 ], [ -54.3308686, -31.5785804 ], [ -54.3310519, -31.5799608 ], [ -54.330781499999901, -31.580532499999901 ], [ -54.3301324, -31.5805124 ], [ -54.3293636, -31.579975 ], [ -54.3283589, -31.579553799999903 ], [ -54.3274385, -31.5798579 ], [ -54.326591699999902, -31.5808005 ], [ -54.326068899999903, -31.581627599999887 ], [ -54.3275571, -31.5832763 ], [ -54.329490399999898, -31.5844809 ], [ -54.3312984, -31.5852366999999 ], [ -54.332193, -31.586215099999897 ], [ -54.332361799999902, -31.587164899999895 ], [ -54.3332693, -31.5878888 ], [ -54.33587, -31.5888131 ], [ -54.3379201, -31.588963799999895 ], [ -54.3396147999999, -31.5885996 ], [ -54.3428766, -31.5874216 ], [ -54.3446711, -31.586819799999905 ], [ -54.345445599999898, -31.5869011999999 ], [ -54.3467563, -31.5868199 ], [ -54.3479184, -31.586248 ], [ -54.348590499999901, -31.5855089 ], [ -54.3489238, -31.584737 ], [ -54.3494344, -31.584693 ], [ -54.3501085, -31.5851981 ], [ -54.3509743, -31.5857283 ], [ -54.3517916, -31.5855111999999 ], [ -54.353065, -31.5848169 ], [ -54.3539769, -31.5845093 ], [ -54.3538513, -31.5850267 ], [ -54.3545061, -31.5855381 ], [ -54.3550983, -31.585168 ], [ -54.3556632, -31.5857225 ], [ -54.356459399999899, -31.586054999999899 ], [ -54.3574434, -31.5854962 ], [ -54.35795, -31.5854866 ], [ -54.3580484, -31.5858559 ], [ -54.3579630999999, -31.5863674 ], [ -54.358326, -31.5864931 ], [ -54.358324799999899, -31.5868209 ], [ -54.3586102, -31.5868983 ], [ -54.35891, -31.587164 ], [ -54.3592654, -31.587190899999907 ], [ -54.3595255, -31.587556299999985 ], [ -54.359887699999902, -31.588096699999895 ], [ -54.3602323, -31.5886546 ], [ -54.360541, -31.588950899999887 ], [ -54.3612308, -31.5885269 ], [ -54.361617, -31.588885199999893 ], [ -54.3620467, -31.5886085 ], [ -54.3622803, -31.588856599999897 ], [ -54.362259799999897, -31.58928 ], [ -54.3624124, -31.589723299999896 ], [ -54.3628123, -31.5898382 ], [ -54.3632919, -31.590039499999904 ], [ -54.36358, -31.589969799999892 ], [ -54.363734399999899, -31.5896476 ], [ -54.364064, -31.589521999999892 ], [ -54.3642338, -31.5897082 ], [ -54.3644545, -31.589799 ], [ -54.364755, -31.5897457 ], [ -54.3650775999999, -31.5898328 ], [ -54.364927, -31.590157299999891 ], [ -54.3650509, -31.5903278 ], [ -54.3654739, -31.590331299999903 ], [ -54.3659914, -31.5905182 ], [ -54.3663461, -31.590636299999989 ], [ -54.36669579999991, -31.590875 ], [ -54.366570099999898, -31.5910853 ], [ -54.366425499999899, -31.5913552 ], [ -54.3666674, -31.5915017999999 ], [ -54.3666031, -31.591671699999896 ], [ -54.3664912, -31.591819799999886 ], [ -54.3665738, -31.591971699999899 ], [ -54.3668689, -31.592004799999987 ], [ -54.36704059999991, -31.592115 ], [ -54.3670316, -31.592332999999893 ], [ -54.3669735, -31.592544299999901 ], [ -54.3671886, -31.592669899999986 ], [ -54.367407899999897, -31.5925549 ], [ -54.367515, -31.5922102 ], [ -54.367735599999897, -31.5921412 ], [ -54.3678781, -31.5923251 ], [ -54.368222499999902, -31.5925010999999 ], [ -54.368267, -31.5922121 ], [ -54.368311499999898, -31.591943399999888 ], [ -54.368402199999899, -31.5916862 ], [ -54.3681584999999, -31.591552799999899 ], [ -54.368006799999897, -31.5913414 ], [ -54.3683013, -31.5912769 ], [ -54.3686526, -31.5913366 ], [ -54.3688109, -31.590908399999904 ], [ -54.3690615, -31.5906831 ], [ -54.3694278, -31.590873299999892 ], [ -54.3697078, -31.5912617 ], [ -54.369555799999908, -31.591489 ], [ -54.3695665, -31.591735899999897 ], [ -54.370066999999899, -31.5917884 ], [ -54.3702311, -31.592200199999986 ], [ -54.3706423, -31.592231 ], [ -54.3710565, -31.592074799999978 ], [ -54.3711981, -31.592315799999913 ], [ -54.3711489, -31.5926883 ], [ -54.3715361, -31.592750899999896 ], [ -54.371670799999897, -31.5923136 ], [ -54.3718817, -31.592125399999897 ], [ -54.3721016, -31.5922858 ], [ -54.3724953, -31.592766599999909 ], [ -54.3730633, -31.5923591 ], [ -54.374333099999902, -31.5922633 ], [ -54.375783399999897, -31.5923064 ], [ -54.3767541, -31.5927611 ], [ -54.3773636, -31.5936404 ], [ -54.3779, -31.594822099999917 ], [ -54.379079499999897, -31.596275499999908 ], [ -54.379956499999899, -31.597066699999985 ], [ -54.3804388, -31.597547 ], [ -54.380763, -31.5979445 ], [ -54.380809199999902, -31.598439 ], [ -54.3808025, -31.598895399999904 ], [ -54.381108099999899, -31.5991397 ], [ -54.3815066, -31.5993002 ], [ -54.381595499999897, -31.599616799999986 ], [ -54.381178599999899, -31.5997763999999 ], [ -54.380924799999903, -31.6001029 ], [ -54.3812646, -31.6006752 ], [ -54.381329, -31.6011419 ], [ -54.3809168, -31.6013996 ], [ -54.3802362, -31.6015171 ], [ -54.379949699999898, -31.6020339 ], [ -54.3799309, -31.602500599999903 ], [ -54.380461599999897, -31.6023926 ], [ -54.380674999999897, -31.60264 ], [ -54.3807765, -31.603234199999985 ], [ -54.381139399999903, -31.6036353 ], [ -54.3819435999999, -31.603869899999896 ], [ -54.3822043, -31.603696199999902 ], [ -54.3825328, -31.603471699999893 ], [ -54.3827785, -31.6036139 ], [ -54.3828078, -31.6039251 ], [ -54.382848099999897, -31.6044653 ], [ -54.383028399999908, -31.6051272 ], [ -54.3845118999999, -31.6059847 ], [ -54.3853487, -31.6060648 ], [ -54.386345499999905, -31.606537199999909 ], [ -54.3879532, -31.6078553 ], [ -54.3899569, -31.609866699999895 ], [ -54.3915458, -31.6119878 ], [ -54.392076099999898, -31.6135719 ], [ -54.3919615, -31.614647999999885 ], [ -54.3913608, -31.615367499999898 ], [ -54.3914723, -31.6160955 ], [ -54.3918331, -31.6168474 ], [ -54.3921549, -31.618407299999902 ], [ -54.3928046999999, -31.619694299999903 ], [ -54.3938826, -31.6201148 ], [ -54.3948765, -31.620082 ], [ -54.3954504, -31.620150599999899 ], [ -54.3956424, -31.620571 ], [ -54.3955519, -31.621083699999897 ], [ -54.396167299999902, -31.6219214999999 ], [ -54.396406399999897, -31.6225741 ], [ -54.396884, -31.622825499999987 ], [ -54.3975015, -31.623084199999898 ], [ -54.397920999999897, -31.6231495 ], [ -54.397970799999896, -31.6234449 ], [ -54.397477299999906, -31.623866399999908 ], [ -54.3972148, -31.6245385 ], [ -54.397192699999898, -31.6248494 ], [ -54.3979242, -31.6246077 ], [ -54.3982764, -31.624716799999895 ], [ -54.3987584, -31.6247255 ], [ -54.3994997, -31.6248289 ], [ -54.3999793999999, -31.6253349 ], [ -54.400431399999903, -31.6259272 ], [ -54.401474, -31.6263077 ], [ -54.4028443, -31.6268481 ], [ -54.4036508, -31.6275194 ], [ -54.4039437, -31.628302899999898 ], [ -54.4035631, -31.6288354 ], [ -54.403248399999903, -31.629418 ], [ -54.4037124, -31.6296927 ], [ -54.4036513, -31.63005329999989 ], [ -54.403909999999897, -31.630356999999897 ], [ -54.404249299999897, -31.6305988 ], [ -54.4040788, -31.631183399999902 ], [ -54.4037967, -31.6316878 ], [ -54.4043803, -31.632312 ], [ -54.4050697, -31.632832899999986 ], [ -54.4053066, -31.633523099999895 ], [ -54.406326, -31.633610299999894 ], [ -54.4078274, -31.632167 ], [ -54.40862, -31.632145599999898 ], [ -54.409387, -31.632589299999893 ], [ -54.409126, -31.633118099999901 ], [ -54.4086138, -31.6332216 ], [ -54.408478699999897, -31.6336405 ], [ -54.4090608, -31.6341777 ], [ -54.409379199999897, -31.635286400000012 ], [ -54.4103514, -31.6350532 ], [ -54.4113085, -31.635160299999885 ], [ -54.412038299999899, -31.6342768 ], [ -54.4131967, -31.634343999999899 ], [ -54.413637799999897, -31.6347294 ], [ -54.4129249, -31.63525889999989 ], [ -54.4131351999999, -31.635773599999897 ], [ -54.4139325, -31.6359977 ], [ -54.413879699999903, -31.6367918 ], [ -54.4131571, -31.6370515 ], [ -54.412952399999902, -31.6375783 ], [ -54.4133567, -31.638204 ], [ -54.4136647999999, -31.6384527 ], [ -54.4139251, -31.6386481 ], [ -54.4136367, -31.6392994999999 ], [ -54.413927199999897, -31.640095899999903 ], [ -54.414663699999899, -31.6409982 ], [ -54.415669, -31.641787099999906 ], [ -54.41614340000001, -31.6421841 ], [ -54.4160745, -31.6426137 ], [ -54.416017699999898, -31.643169999999898 ], [ -54.4167078, -31.6436009 ], [ -54.417610399999901, -31.6440104 ], [ -54.4180638, -31.6437268 ], [ -54.4184395999999, -31.643783799999902 ], [ -54.418371799999903, -31.6441184 ], [ -54.4177658999999, -31.6447037 ], [ -54.4179621, -31.6449736 ], [ -54.4189751, -31.6447281 ], [ -54.4195122, -31.6449137 ], [ -54.4201772, -31.6448558 ], [ -54.4206205, -31.644331599999902 ], [ -54.4205272, -31.6438989 ], [ -54.4200025, -31.6436365 ], [ -54.419750099999902, -31.643398399999985 ], [ -54.4197796, -31.642918699999893 ], [ -54.4201145, -31.642578699999895 ], [ -54.420660499999904, -31.642569799999904 ], [ -54.4210016, -31.6423374 ], [ -54.4211878999999, -31.641692599999899 ], [ -54.421710699999899, -31.6422216 ], [ -54.4219345, -31.6428271999999 ], [ -54.4228543, -31.64369459999989 ], [ -54.4245955, -31.6447636 ], [ -54.4265554999999, -31.6454864 ], [ -54.4273805, -31.6457116 ], [ -54.4276919, -31.645584799999892 ], [ -54.4277875, -31.6450383 ], [ -54.4281733, -31.644896899999903 ], [ -54.428804199999902, -31.645216199999901 ], [ -54.429265799999897, -31.644985399999896 ], [ -54.429696299999897, -31.6451961 ], [ -54.430094499999903, -31.645322599999904 ], [ -54.4302931, -31.644996499999902 ], [ -54.4300195, -31.6447547 ], [ -54.4298626, -31.6444025 ], [ -54.4306895, -31.644082599999905 ], [ -54.4311501, -31.644910799999899 ], [ -54.432691299999902, -31.6456421 ], [ -54.4340127, -31.646388499999897 ], [ -54.4342766, -31.6475717 ], [ -54.4341732, -31.647970299999908 ], [ -54.433961699999898, -31.648456199999906 ], [ -54.433751099999903, -31.6494079 ], [ -54.4338931, -31.650260699999905 ], [ -54.434604299999897, -31.6513307 ], [ -54.4353773, -31.652009099999905 ], [ -54.436199, -31.6523273 ], [ -54.436605, -31.6521652 ], [ -54.4373605, -31.652606299999889 ], [ -54.437873599999897, -31.6525693 ], [ -54.4386203, -31.6527604 ], [ -54.4395812, -31.6527285 ], [ -54.4405681, -31.6523377 ], [ -54.44152960000001, -31.6522686 ], [ -54.4419631, -31.65233269999991 ], [ -54.4419564, -31.6519043 ], [ -54.4427214, -31.6509017 ], [ -54.4434869, -31.6507956 ], [ -54.443610799999902, -31.6502571 ], [ -54.4448043, -31.649498499999897 ], [ -54.4461385, -31.648549999999894 ], [ -54.4477629, -31.648332599999897 ], [ -54.4497868999999, -31.648113899999903 ], [ -54.4509654, -31.6482952 ], [ -54.451831399999904, -31.6486894 ], [ -54.4522069, -31.649227299999904 ], [ -54.4522140999999, -31.6498874 ], [ -54.452392099999898, -31.6502566 ], [ -54.452936399999899, -31.6503357 ], [ -54.4533312, -31.650593 ], [ -54.4534235, -31.651167799999886 ], [ -54.45327120000001, -31.6517041 ], [ -54.4538009, -31.6520368 ], [ -54.4541027, -31.652521299999901 ], [ -54.45464159999991, -31.6528458 ], [ -54.4562268, -31.651700499999908 ], [ -54.4561843, -31.651659799999905 ], [ -54.4553308, -31.650840399999908 ], [ -54.455118399999897, -31.650213199999907 ], [ -54.454757, -31.649619399999889 ], [ -54.4550269, -31.6490795 ], [ -54.4545871, -31.6486451 ], [ -54.4540279, -31.6482569 ], [ -54.4539184, -31.647363599999888 ], [ -54.4539439, -31.6466996999999 ], [ -54.4542556, -31.6459404 ], [ -54.453883699999899, -31.645743 ], [ -54.4535405, -31.6455609 ], [ -54.4534719, -31.644646899999895 ], [ -54.453743599999903, -31.644259099999903 ], [ -54.453921599999902, -31.6440051 ], [ -54.4530182, -31.642234200000011 ], [ -54.4521907, -31.642452299999896 ], [ -54.4521621, -31.6423725 ], [ -54.4518964, -31.641493899999908 ], [ -54.4518095, -31.6412066 ], [ -54.452037, -31.641103299999898 ], [ -54.4521091, -31.641035499999894 ], [ -54.4521266, -31.641019099999891 ], [ -54.452124899999902, -31.641001399999894 ], [ -54.4521023, -31.640754 ], [ -54.451931199999898, -31.6406739 ], [ -54.4517791, -31.6405258 ], [ -54.4516634, -31.6402904999999 ], [ -54.451511599999897, -31.640036199999905 ], [ -54.4517759, -31.6386454 ], [ -54.453332499999902, -31.6394036 ], [ -54.453259199999906, -31.6385526 ], [ -54.453121, -31.637516999999892 ], [ -54.4528877, -31.636757100000015 ], [ -54.453376499999898, -31.6361558 ], [ -54.4541841, -31.635949499999985 ], [ -54.455077, -31.635471799999909 ], [ -54.45513540000001, -31.6354405 ], [ -54.4551038, -31.6341141 ], [ -54.454835699999897, -31.6335498 ], [ -54.4546705, -31.633389599999905 ], [ -54.454586199999902, -31.633343099999902 ], [ -54.4543566, -31.6332163 ], [ -54.4543168, -31.632898199999893 ], [ -54.4543914, -31.632400899999901 ], [ -54.4545196, -31.6320823 ], [ -54.454367299999902, -31.6315154 ], [ -54.4540577, -31.6306413 ], [ -54.4536641, -31.629955799999898 ], [ -54.4542223999999, -31.6283644 ], [ -54.454722699999898, -31.628301899999908 ], [ -54.4558206, -31.6288077 ], [ -54.4573005, -31.629151099999902 ], [ -54.459288399999899, -31.628127600000017 ], [ -54.4595535999999, -31.627353 ], [ -54.4599828, -31.6267248 ], [ -54.46096210000001, -31.6266138 ], [ -54.4611702999999, -31.6263218 ], [ -54.4611082, -31.625900999999892 ], [ -54.460952, -31.6255818 ], [ -54.4607526, -31.625331899999907 ], [ -54.4606242999999, -31.6243368 ], [ -54.460854299999902, -31.623304899999894 ], [ -54.4600928, -31.6223441 ], [ -54.4601799, -31.621922 ], [ -54.4604064, -31.621666699999899 ], [ -54.460991799999903, -31.6216256 ], [ -54.461927699999897, -31.6218679 ], [ -54.4625083, -31.6216663 ], [ -54.463420799999902, -31.6207238 ], [ -54.4644294, -31.6191995 ], [ -54.4644764, -31.61912829999989 ], [ -54.464633299999903, -31.618250299999893 ], [ -54.4642962, -31.6169045 ], [ -54.464188099999902, -31.616717499999893 ], [ -54.4631067, -31.614847999999888 ], [ -54.4630842, -31.614277399999899 ], [ -54.463278199999898, -31.6137641 ], [ -54.463806099999907, -31.613564599999989 ], [ -54.465294, -31.613752 ], [ -54.466209999999897, -31.613638599999906 ], [ -54.4666227, -31.6130421 ], [ -54.4665788, -31.6127455 ], [ -54.466434299999896, -31.611769 ], [ -54.4657385, -31.610024899999896 ], [ -54.464905799999897, -31.6091602 ], [ -54.4642036, -31.608648 ], [ -54.4628359, -31.608692 ], [ -54.462270499999903, -31.608528 ], [ -54.461800599999897, -31.6081899 ], [ -54.4612051, -31.607241799999894 ], [ -54.4608234, -31.6063023 ], [ -54.4600258, -31.605584399999895 ], [ -54.4590673, -31.6057235 ], [ -54.4581577, -31.606457799999905 ], [ -54.457439, -31.6068941 ], [ -54.457605699999903, -31.607428599999906 ], [ -54.4571519, -31.6076791 ], [ -54.457079, -31.6077192999999 ], [ -54.456622799999899, -31.607434199999908 ], [ -54.456632899999903, -31.6066347 ], [ -54.4566339, -31.606555899999901 ], [ -54.456932499999901, -31.6056300999999 ], [ -54.456830099999898, -31.6047847 ], [ -54.4568267, -31.6047565 ], [ -54.4560953, -31.6042069 ], [ -54.456349799999899, -31.6036357 ], [ -54.4574061, -31.6026132 ], [ -54.4574635, -31.6024697 ], [ -54.4576384, -31.6020318 ], [ -54.457318799999904, -31.601205100000012 ], [ -54.4563957, -31.6009455999999 ], [ -54.455254399999902, -31.6013356999999 ], [ -54.4544045, -31.602677399999894 ], [ -54.4536562, -31.6031118 ], [ -54.4530362, -31.6030696 ], [ -54.4528005, -31.6027918 ], [ -54.452638799999903, -31.6026011 ], [ -54.4531686, -31.6018687 ], [ -54.4533365, -31.601636599999896 ], [ -54.4535016, -31.600806599999899 ], [ -54.453510999999899, -31.6007595 ], [ -54.452445399999903, -31.599730099999896 ], [ -54.452318499999897, -31.599507 ], [ -54.452386299999901, -31.5993366 ], [ -54.453119699999903, -31.5992793 ], [ -54.4543399, -31.599244499999894 ], [ -54.456249899999897, -31.598672899999894 ], [ -54.4580493, -31.598276199999901 ], [ -54.4583800999999, -31.597920499999894 ], [ -54.4589601, -31.5972968 ], [ -54.4589678, -31.5963532 ], [ -54.4583736, -31.595817899999897 ], [ -54.4581444, -31.5956113999999 ], [ -54.4578519, -31.594666 ], [ -54.4579706, -31.594060699999893 ], [ -54.4591315, -31.5935162 ], [ -54.4611456, -31.5933472 ], [ -54.462528, -31.592627700000012 ], [ -54.4631678, -31.5918611 ], [ -54.4636412, -31.5905650999999 ], [ -54.4635228, -31.5888193 ], [ -54.4643639, -31.587951799999903 ], [ -54.4652283, -31.5884867 ], [ -54.4652163, -31.589213099999895 ], [ -54.4646127, -31.5898462 ], [ -54.4645528, -31.589909 ], [ -54.4649363, -31.590998199999891 ], [ -54.4653145999999, -31.591216599999896 ], [ -54.465924899999898, -31.5915689 ], [ -54.467059199999902, -31.592135599999899 ], [ -54.4679469, -31.593103799999898 ], [ -54.4688178, -31.5927116 ], [ -54.469029, -31.5924689 ], [ -54.4692917, -31.592166899999896 ], [ -54.468901, -31.591521199999896 ], [ -54.46863110000001, -31.591257599999896 ], [ -54.4683327, -31.5909662 ], [ -54.468783099999897, -31.589785899999988 ], [ -54.46989, -31.5882903 ], [ -54.4691122, -31.5861583 ], [ -54.4690298, -31.5839141 ], [ -54.4693177, -31.5817719 ], [ -54.470352799999901, -31.579298299999902 ], [ -54.471542, -31.5763396 ], [ -54.4726138, -31.573861599999901 ], [ -54.4728347, -31.572030099999903 ], [ -54.4729407, -31.570353 ], [ -54.4736702, -31.5699313 ], [ -54.4750584, -31.5696454 ], [ -54.477630099999907, -31.5703918 ], [ -54.4792436, -31.5704648 ], [ -54.4809445, -31.569758099999895 ], [ -54.4825269, -31.567346499999893 ], [ -54.4838217, -31.565734599999896 ], [ -54.4848229, -31.5657605 ], [ -54.485490399999897, -31.5659673 ], [ -54.4867647, -31.5655796 ], [ -54.488797599999899, -31.5640544 ], [ -54.4902686, -31.562171099999901 ], [ -54.4923691, -31.5591987 ], [ -54.4936433, -31.558138799999906 ], [ -54.4935813, -31.5574933 ], [ -54.4934471, -31.5560939 ], [ -54.4928811, -31.555187 ], [ -54.490994699999902, -31.5530775 ], [ -54.4906053, -31.5526422 ], [ -54.4901409, -31.551929399999899 ], [ -54.490259599999902, -31.551023299999901 ], [ -54.4922519, -31.547462299999896 ], [ -54.494633399999906, -31.5442098 ], [ -54.4955796, -31.543064 ], [ -54.495699199999898, -31.5420391 ], [ -54.496140899999901, -31.5412464999999 ], [ -54.4966669, -31.5404472 ], [ -54.4973545, -31.540167499999903 ], [ -54.497996999999899, -31.5404124 ], [ -54.499096, -31.5398518 ], [ -54.4994814, -31.538826399999909 ], [ -54.5007605, -31.538082299999893 ], [ -54.501609599999902, -31.5369966 ], [ -54.5018218, -31.5355489 ], [ -54.5018822, -31.533739399999902 ], [ -54.5019593, -31.533617799999895 ], [ -54.5024887, -31.5327829 ], [ -54.501953, -31.532402499999893 ], [ -54.501942799999902, -31.532395199999897 ], [ -54.5016118, -31.5321342999999 ], [ -54.5016348, -31.531440099999902 ], [ -54.502387999999897, -31.530546 ], [ -54.502831199999903, -31.5300037 ], [ -54.5030348, -31.529826399999894 ], [ -54.5034127, -31.529497499999895 ], [ -54.503002799999898, -31.5286037 ], [ -54.5030427, -31.528400799999901 ], [ -54.503295599999909, -31.5271154 ], [ -54.5047016, -31.525201099999894 ], [ -54.506690999999897, -31.523246 ], [ -54.5082854, -31.522386099999903 ], [ -54.509263099999899, -31.522074299999897 ], [ -54.5103774, -31.521518199999903 ], [ -54.5110371, -31.5199496 ], [ -54.5122193, -31.5179072 ], [ -54.5131893, -31.5163560999999 ], [ -54.5137652, -31.5152173 ], [ -54.513765099999901, -31.5144579 ], [ -54.513765099999901, -31.514365499999887 ], [ -54.5138577, -31.514003199999895 ], [ -54.513917, -31.5137712 ], [ -54.514371099999899, -31.5124784 ], [ -54.514583199999898, -31.511857899999907 ], [ -54.5150379, -31.510901299999905 ], [ -54.515644199999898, -31.5101774 ], [ -54.516652099999902, -31.5103071 ], [ -54.5176058, -31.510857299999902 ], [ -54.5186896, -31.5110534 ], [ -54.518995699999898, -31.5109464 ], [ -54.5194615999999, -31.510783499999899 ], [ -54.5194964, -31.510361799999902 ], [ -54.5195431, -31.509796299999906 ], [ -54.520246, -31.5086666999999 ], [ -54.5211667, -31.5083375 ], [ -54.5221091, -31.508828699999988 ], [ -54.5224276, -31.5095162 ], [ -54.522608799999901, -31.510194899999902 ], [ -54.523045599999897, -31.510747399999985 ], [ -54.5238383, -31.510669699999895 ], [ -54.524464599999902, -31.5099173999999 ], [ -54.524535899999897, -31.508625299999892 ], [ -54.5244977, -31.508208599999904 ], [ -54.5244372, -31.5075487 ], [ -54.524013, -31.5069267 ], [ -54.5238909, -31.5067476 ], [ -54.5237605, -31.506062299999904 ], [ -54.5242445, -31.505542799999894 ], [ -54.525007199999898, -31.5048424 ], [ -54.5261394999999, -31.5050196 ], [ -54.52732, -31.505458399999988 ], [ -54.5280275, -31.5057563999999 ], [ -54.5283509, -31.505892699999897 ], [ -54.5286634, -31.5053229 ], [ -54.5289498, -31.504800499999885 ], [ -54.5297494, -31.504357 ], [ -54.530254699999901, -31.5042379 ], [ -54.530695299999898, -31.504134 ], [ -54.5314590999999, -31.503731399999904 ], [ -54.5320950999999, -31.5029605 ], [ -54.532427, -31.5021527 ], [ -54.532454099999903, -31.502086699999907 ], [ -54.5327602999999, -31.5015275 ], [ -54.5334346, -31.5016221999999 ], [ -54.534185099999902, -31.501425699999988 ], [ -54.5408629, -31.4998873 ], [ -54.5469758999999, -31.4984717 ], [ -54.547361899999899, -31.498382299999907 ], [ -54.546886599999901, -31.4977981 ], [ -54.546700299999898, -31.4975691 ], [ -54.546820099999898, -31.496956199999893 ], [ -54.5476651, -31.4958268 ], [ -54.5489107, -31.495373399999902 ], [ -54.5504109, -31.4947938 ], [ -54.5510806, -31.4941208 ], [ -54.5523856, -31.4936524999999 ], [ -54.5527015, -31.492627899999885 ], [ -54.5537883, -31.491800199999894 ], [ -54.5552723, -31.4926589 ], [ -54.5560631, -31.4942832 ], [ -54.556559799999903, -31.4949614 ], [ -54.5576708, -31.494592 ], [ -54.5578512, -31.4935871 ], [ -54.5584673, -31.4933546 ], [ -54.5590334, -31.4931202 ], [ -54.56012, -31.4926983 ], [ -54.5602722, -31.4922493 ], [ -54.5603469, -31.492028900000012 ], [ -54.560657299999903, -31.491119899999902 ], [ -54.560908599999898, -31.4902963 ], [ -54.5607646, -31.489656 ], [ -54.5595195, -31.488973299999891 ], [ -54.5595613, -31.4887684 ], [ -54.5597514, -31.4878358 ], [ -54.561191999999899, -31.4867161 ], [ -54.562670899999908, -31.4864846 ], [ -54.5639363, -31.4867429 ], [ -54.565244, -31.4869436 ], [ -54.5667038, -31.4870892 ], [ -54.568812599999902, -31.4859718 ], [ -54.5692435, -31.485743399999901 ], [ -54.5693376, -31.4853677 ], [ -54.5695287, -31.4846044 ], [ -54.5699291, -31.483724899999988 ], [ -54.5704309, -31.4828201999999 ], [ -54.57068, -31.482468799999896 ], [ -54.571746, -31.4825051 ], [ -54.5722034, -31.4824512 ], [ -54.5726774, -31.4825579 ], [ -54.5732791, -31.482615 ], [ -54.573792099999899, -31.482594499999916 ], [ -54.574422399999897, -31.482449299999889 ], [ -54.5744773, -31.482436699999898 ], [ -54.5750019, -31.482196499999894 ], [ -54.5752945999999, -31.482033999999896 ], [ -54.5759561, -31.481874 ], [ -54.576334599999903, -31.4817042 ], [ -54.576759799999898, -31.4815083999999 ], [ -54.5770731, -31.481337 ], [ -54.577438599999901, -31.481028399999985 ], [ -54.579364499999897, -31.47594 ], [ -54.579616, -31.4704252 ], [ -54.5832498, -31.4663384999999 ], [ -54.5829394, -31.465213499999898 ], [ -54.5831059, -31.4644031 ], [ -54.583008, -31.4639687 ], [ -54.5831128, -31.463357599999899 ], [ -54.583125499999902, -31.4632837 ], [ -54.5832234, -31.4628493 ], [ -54.5835777, -31.4626957 ], [ -54.5849487999999, -31.4627459 ], [ -54.585555999999897, -31.4629714 ], [ -54.5857715, -31.462921299999884 ], [ -54.585898799999903, -31.4627709 ], [ -54.586031299999902, -31.4627641 ], [ -54.586222, -31.462754199999896 ], [ -54.58632, -31.462503599999891 ], [ -54.586207699999903, -31.4622393 ], [ -54.5861993, -31.4622196 ], [ -54.586214299999902, -31.4622199 ], [ -54.5866401, -31.4622279 ], [ -54.586591499999905, -31.461614499999904 ], [ -54.586336399999901, -31.4611336 ], [ -54.586405, -31.460849499999902 ], [ -54.5866106, -31.4605237 ], [ -54.5869534, -31.4603733 ], [ -54.587571399999902, -31.460281 ], [ -54.5876302, -31.4602722 ], [ -54.588028199999897, -31.460206399999887 ], [ -54.5877565, -31.4598804 ], [ -54.5878054, -31.459454299999905 ], [ -54.5877955999999, -31.459228799999892 ], [ -54.5874822, -31.459195399999896 ], [ -54.5870709, -31.4591662 ], [ -54.586826, -31.458740099999897 ], [ -54.586795499999901, -31.4584672 ], [ -54.5867868, -31.458389199999893 ], [ -54.5868599, -31.4581051 ], [ -54.586875, -31.4580467 ], [ -54.587374399999902, -31.457762699999904 ], [ -54.587413599999898, -31.4575371 ], [ -54.587361799999897, -31.4572585 ], [ -54.5872143, -31.457153600000012 ], [ -54.5869766, -31.4569847 ], [ -54.586578599999903, -31.456809399999901 ], [ -54.5864854, -31.456692799999896 ], [ -54.5864586, -31.456552999999889 ], [ -54.5868527, -31.456536399999898 ], [ -54.6024103, -31.456079799999902 ], [ -54.6192138, -31.4555849 ], [ -54.6302426, -31.4552565 ], [ -54.642106199999908, -31.4549048 ], [ -54.661376699999899, -31.4543461 ], [ -54.669891, -31.4540827 ], [ -54.6703378999999, -31.454078299999907 ], [ -54.67036, -31.453871799999899 ], [ -54.670454699999901, -31.453690799999901 ], [ -54.6709399, -31.4532331 ], [ -54.671461899999905, -31.4531683 ], [ -54.6722281999999, -31.452828399999891 ], [ -54.672966899999899, -31.4526688 ], [ -54.6735181, -31.452377399999904 ], [ -54.674014999999898, -31.4513464 ], [ -54.6742245, -31.4510099 ], [ -54.6748817, -31.4508304 ], [ -54.67552340000001, -31.450852199999893 ], [ -54.675539699999902, -31.4508527 ], [ -54.67582920000001, -31.4507629 ], [ -54.675907499999902, -31.4501562 ], [ -54.6761604, -31.4491467 ], [ -54.676222799999898, -31.448897799999898 ], [ -54.6766691, -31.447821299999912 ], [ -54.6772991, -31.4473288 ], [ -54.6784537, -31.447284599999907 ], [ -54.6794763, -31.4472173999999 ], [ -54.6803412, -31.4471948999999 ], [ -54.6810743999999, -31.446747199999901 ], [ -54.6820685, -31.4458748 ], [ -54.6829344, -31.445179700000015 ], [ -54.684161, -31.4448912 ], [ -54.685019399999902, -31.4447374 ], [ -54.6855882999999, -31.444539599999892 ], [ -54.686439999999898, -31.444789899999908 ], [ -54.6875405, -31.4450798 ], [ -54.688142899999903, -31.4451467 ], [ -54.6885624, -31.4455488 ], [ -54.6887718999999, -31.4460167 ], [ -54.688929099999903, -31.4462397 ], [ -54.6900008, -31.4461051 ], [ -54.69138609999991, -31.4458586 ], [ -54.692509099999903, -31.4455455 ], [ -54.69316209999991, -31.4453889 ], [ -54.6937617, -31.4448758 ], [ -54.6946348, -31.4440561 ], [ -54.6955419, -31.4432345 ], [ -54.6955912, -31.442413299999906 ], [ -54.69563, -31.441200599999895 ], [ -54.695828199999909, -31.439924399999892 ], [ -54.696184, -31.4391275 ], [ -54.6966492, -31.4380434 ], [ -54.6971377, -31.437579599999903 ], [ -54.697771499999902, -31.4370812 ], [ -54.6980032, -31.4369128 ], [ -54.6983617, -31.4366812 ], [ -54.698634599999899, -31.436462999999893 ], [ -54.6990314, -31.436250599999894 ], [ -54.701293899999897, -31.4356678 ], [ -54.7004026, -31.433686699999985 ], [ -54.6930358, -31.4329178 ], [ -54.6924519, -31.430467899999904 ], [ -54.6912283, -31.4298486 ], [ -54.6896674, -31.4284221 ], [ -54.689446, -31.4269055 ], [ -54.685926, -31.420603099999894 ], [ -54.6759546, -31.4143223 ], [ -54.66493, -31.4052313 ], [ -54.656674699999897, -31.398211199999899 ], [ -54.6498824, -31.395656599999889 ], [ -54.651815199999902, -31.393251399999894 ], [ -54.6514999, -31.3848942999999 ], [ -54.6480515, -31.377697699999899 ], [ -54.647854299999899, -31.375456599999907 ], [ -54.641955, -31.369155 ], [ -54.6363764, -31.365236199999984 ], [ -54.6359849, -31.360331 ], [ -54.6352312, -31.359063999999897 ], [ -54.633055, -31.3580375 ], [ -54.6308207, -31.3574434 ], [ -54.6224743, -31.3598181999999 ], [ -54.619386899999903, -31.361022799999898 ], [ -54.6140634, -31.3604098 ], [ -54.6128399, -31.360723199999899 ], [ -54.6124296, -31.3629285 ], [ -54.611216399999897, -31.363709899999904 ], [ -54.592141, -31.364526300000012 ], [ -54.5888608, -31.3661025 ], [ -54.5871903, -31.37011999999989 ], [ -54.5852599, -31.3703786 ], [ -54.5799881, -31.369492599999901 ], [ -54.5721407, -31.370625399999888 ], [ -54.5704211, -31.3711814 ], [ -54.5696176, -31.371108299999904 ], [ -54.5674519, -31.3698453 ], [ -54.56331, -31.3685604 ], [ -54.5600449, -31.3616076 ], [ -54.5600631, -31.35899920000001 ], [ -54.5588404, -31.357337899999898 ], [ -54.5583229, -31.353891299999912 ], [ -54.556909699999899, -31.352716799999897 ], [ -54.5542225, -31.3509472 ], [ -54.5537538, -31.348804599999898 ], [ -54.554184, -31.346526299999905 ], [ -54.5559996, -31.344861699999985 ], [ -54.556305699999903, -31.3438421 ], [ -54.5544034, -31.3420087 ], [ -54.5525053, -31.340525199999899 ], [ -54.5482074, -31.339261099999909 ], [ -54.5390096, -31.3331942 ], [ -54.53814460000001, -31.3300024 ], [ -54.5359397, -31.3273222 ], [ -54.5341404, -31.3257505 ], [ -54.5276669, -31.321557299999895 ], [ -54.51932379999991, -31.3186727 ], [ -54.517886599999898, -31.315972799999901 ], [ -54.515595699999899, -31.315090999999899 ], [ -54.5106952, -31.3126114 ], [ -54.5097241, -31.3111794 ], [ -54.5084538999999, -31.311153799999904 ], [ -54.504273, -31.308219299999987 ], [ -54.5007846, -31.307868599999903 ], [ -54.4981193, -31.3084183 ], [ -54.4930534, -31.3058917 ], [ -54.4914664, -31.3064041 ], [ -54.490871, -31.306596399999897 ], [ -54.4889277999999, -31.307223399999899 ], [ -54.4848011999999, -31.304896799999909 ], [ -54.483140499999898, -31.3049056999999 ], [ -54.4812113, -31.3056147 ], [ -54.4745449, -31.3066198 ], [ -54.468016299999903, -31.30427 ], [ -54.4643947, -31.304340899999897 ], [ -54.4610488, -31.3034104 ], [ -54.4562743, -31.301391 ], [ -54.4504175, -31.3003348 ], [ -54.448097, -31.3005224 ], [ -54.4446131999999, -31.3010413 ], [ -54.4423595, -31.3006847999999 ], [ -54.4388053, -31.3023339 ], [ -54.435130199999897, -31.302858699999891 ], [ -54.4254615, -31.302464499999889 ], [ -54.4242532, -31.301924599999897 ], [ -54.4230765, -31.301398199999905 ], [ -54.4227366, -31.297265 ], [ -54.4243468, -31.2897594 ], [ -54.4240905999999, -31.2881404 ], [ -54.423231799999897, -31.2863169 ], [ -54.41858890000001, -31.2832773 ], [ -54.4157552, -31.283926 ], [ -54.4146079, -31.283589699999901 ], [ -54.4110014, -31.279430799999904 ], [ -54.411169099999903, -31.274996499999887 ], [ -54.408806899999902, -31.269778299999899 ], [ -54.40717, -31.2668631 ], [ -54.4068554, -31.265482399999897 ], [ -54.4079934, -31.2625196 ], [ -54.4093429, -31.257240899999903 ], [ -54.4096713, -31.2489224 ], [ -54.409364099999898, -31.2473072 ], [ -54.4085183, -31.246904 ], [ -54.4071226, -31.2465215 ], [ -54.406750299999906, -31.2451455 ], [ -54.40658890000001, -31.23687 ], [ -54.405408399999899, -31.232305499999889 ], [ -54.402157, -31.2299022 ], [ -54.3944471, -31.2285037 ], [ -54.3805123, -31.2186968 ], [ -54.378028399999899, -31.2179672 ], [ -54.373847, -31.2133607 ], [ -54.368287, -31.204110399999902 ], [ -54.365424, -31.1996215 ], [ -54.3635, -31.198347199999905 ], [ -54.3633081, -31.1983703 ], [ -54.361346899999901, -31.1986067 ], [ -54.3499912, -31.1981709 ], [ -54.3399947, -31.1957552 ], [ -54.3304428, -31.1946067 ], [ -54.3278893, -31.192581199999896 ], [ -54.3243871, -31.1901098 ], [ -54.3196474, -31.187412299999888 ], [ -54.3191042, -31.185006399999985 ], [ -54.31881939999991, -31.180464099999899 ], [ -54.318153299999906, -31.178596899999896 ], [ -54.3153146, -31.176074 ], [ -54.315286, -31.1709177 ], [ -54.3125044, -31.165542699999904 ], [ -54.3123581, -31.160922399999894 ], [ -54.3086102, -31.161436599999892 ], [ -54.2991939, -31.1602033 ], [ -54.2975099, -31.1589986 ], [ -54.2908333, -31.156985399999911 ], [ -54.2722969, -31.1581209 ], [ -54.265825699999901, -31.161486 ], [ -54.2620103, -31.1611998 ], [ -54.2504306, -31.159449600000013 ], [ -54.2409473, -31.156198199999899 ], [ -54.226890599999905, -31.1531815 ], [ -54.2176789, -31.15023 ], [ -54.2147252, -31.149536 ], [ -54.2010587, -31.1491955 ], [ -54.189857399999902, -31.1455308 ], [ -54.1815859, -31.1435341 ], [ -54.169408, -31.142991499999912 ], [ -54.168614799999901, -31.1498427 ], [ -54.1675549, -31.1589896999999 ], [ -54.1656773999999, -31.1589218 ], [ -54.1602758, -31.159357199999899 ], [ -54.1572765, -31.159598899999899 ], [ -54.155725399999902, -31.1597234 ], [ -54.1546877, -31.1600837 ], [ -54.152544599999906, -31.1612163 ], [ -54.1461649, -31.161478999999897 ], [ -54.1411484, -31.157277099999895 ], [ -54.1423182999999, -31.1548117 ], [ -54.137325099999899, -31.1548351 ], [ -54.135768, -31.154329899999905 ], [ -54.133354499999903, -31.151837699999906 ], [ -54.1328981999999, -31.150309299999893 ], [ -54.1292884, -31.1486282 ], [ -54.1280856, -31.146397099999888 ], [ -54.1265106, -31.1464789 ], [ -54.1244126, -31.147578600000013 ], [ -54.121243799999903, -31.1478089 ], [ -54.119545, -31.1470818 ], [ -54.1186734, -31.1452426 ], [ -54.1205108, -31.1420859 ], [ -54.1204931, -31.1405382 ], [ -54.1157147, -31.1405985 ], [ -54.114186, -31.139044 ], [ -54.1136135, -31.138171499999899 ], [ -54.1128126999999, -31.138420199999896 ], [ -54.109777699999903, -31.1426529 ], [ -54.1049318, -31.1406086 ], [ -54.1034375999999, -31.138771699999893 ], [ -54.1027872, -31.137512199999893 ], [ -54.102916299999897, -31.134707999999893 ], [ -54.1020655, -31.132385199999895 ], [ -54.093618, -31.126415399999896 ], [ -54.094110999999899, -31.1235306 ], [ -54.0971373, -31.1209272 ], [ -54.0983941, -31.120696199999895 ], [ -54.0995106, -31.1186344 ], [ -54.0975637, -31.111367099999907 ], [ -54.0974831, -31.110521199999898 ], [ -54.097788, -31.109352 ], [ -54.0971192, -31.1072862 ], [ -54.0952334999999, -31.105234799999895 ], [ -54.0940371, -31.10483880000001 ], [ -54.0917264, -31.104500399999903 ], [ -54.089800399999902, -31.100634199999888 ], [ -54.0844479, -31.096576399999901 ], [ -54.0817245, -31.096068499999905 ], [ -54.0771083, -31.09315 ], [ -54.076811899999903, -31.090810499999986 ], [ -54.0738239, -31.090952 ], [ -54.071534, -31.092483 ], [ -54.0663893, -31.0914197 ], [ -54.062564199999898, -31.091966399999897 ], [ -54.0616274, -31.0923538 ], [ -54.0604231, -31.0922308 ], [ -54.0593266, -31.0918579 ], [ -54.0567905, -31.090584599999893 ], [ -54.0556659, -31.090576 ], [ -54.053511399999898, -31.0892168 ], [ -54.052433699999902, -31.0867658 ], [ -54.0509751, -31.085260999999893 ], [ -54.045878199999898, -31.0842562999999 ], [ -54.0450938, -31.0832076 ], [ -54.043406699999899, -31.081324 ], [ -54.042450899999899, -31.0811873 ], [ -54.04165349999991, -31.0814455 ], [ -54.039026099999901, -31.0811676 ], [ -54.0377607, -31.0797673 ], [ -54.037970899999898, -31.078556799999902 ], [ -54.040073, -31.0759035 ], [ -54.040253499999899, -31.074056299999899 ], [ -54.0390732, -31.073201599999908 ], [ -54.0353587, -31.073788 ], [ -54.0328443, -31.072266199999891 ], [ -54.0317783, -31.0713726 ], [ -54.0302326, -31.0675045 ], [ -54.0277993, -31.066483199999894 ], [ -54.025872499999899, -31.067135699999884 ], [ -54.024507, -31.0703171 ], [ -54.021593499999902, -31.0728774 ], [ -54.0207574, -31.073201299999905 ], [ -54.014108099999902, -31.0765845 ], [ -54.012934399999899, -31.0763023 ], [ -54.012756099999898, -31.0752047 ], [ -54.0119197, -31.0740936 ], [ -54.0137551, -31.070701100000015 ], [ -54.0182088, -31.066822199999898 ], [ -54.0184283, -31.0640442 ], [ -54.0159825, -31.0623524 ], [ -54.0098292, -31.0639982 ], [ -54.0080113, -31.0632939 ], [ -54.006745599999903, -31.0635645 ], [ -54.005290199999898, -31.063309400000012 ], [ -54.0049423, -31.0626834 ], [ -54.0053487, -31.0598828 ], [ -54.004101799999901, -31.0580429 ], [ -54.001944599999902, -31.0580366 ], [ -54.001492, -31.0574765 ], [ -54.000498799999903, -31.056780199999892 ], [ -53.99851970000001, -31.0566909 ], [ -53.9977517, -31.056875799999897 ], [ -53.9961928, -31.0545073 ], [ -53.9926654, -31.053497799999896 ], [ -53.9906894, -31.0546423 ], [ -53.989186, -31.055125599999894 ], [ -53.987426899999903, -31.054808 ], [ -53.982063599999897, -31.0565625 ], [ -53.980532, -31.0561013999999 ], [ -53.9791599, -31.054031199999901 ], [ -53.9789271, -31.0504685 ], [ -53.978119, -31.047523399999893 ], [ -53.9776515, -31.044375499999894 ], [ -53.9755643, -31.0420129 ], [ -53.9731843, -31.042125199999901 ], [ -53.9683553, -31.0415811 ], [ -53.967051899999909, -31.042521599999894 ], [ -53.9649327, -31.0425066 ], [ -53.961688, -31.0410264 ], [ -53.957531399999901, -31.041035099999903 ], [ -53.953458, -31.0402625 ], [ -53.952976, -31.0384286 ], [ -53.9598174, -31.035327299999896 ], [ -53.9601117999999, -31.030282799999988 ], [ -53.9596028, -31.0275569 ], [ -53.9576911999999, -31.025651399999987 ], [ -53.9584427, -31.0242689 ], [ -53.9579204, -31.0236978 ], [ -53.958327499999903, -31.0219994999999 ], [ -53.9583408, -31.0201415 ], [ -53.956335599999903, -31.0194842 ], [ -53.9529990999999, -31.0190898 ], [ -53.9520136, -31.0191904 ], [ -53.948651799999901, -31.019225199999905 ], [ -53.947441599999898, -31.0203116 ], [ -53.946971399999903, -31.023970699999893 ], [ -53.94765610000001, -31.026442299999896 ], [ -53.9474994999999, -31.02735770000001 ], [ -53.945261, -31.027740999999899 ], [ -53.9447666, -31.02795819999989 ], [ -53.9441277, -31.0279525 ], [ -53.9430282, -31.0275452 ], [ -53.9397951, -31.027264199999895 ], [ -53.938890699999909, -31.0281179 ], [ -53.936628299999903, -31.0328304 ], [ -53.9310062, -31.030760299999912 ], [ -53.9282416, -31.0285282 ], [ -53.9282578, -31.0264907 ], [ -53.928979399999903, -31.0251057 ], [ -53.9289021, -31.0234497 ], [ -53.92908, -31.022284399999904 ], [ -53.9285738, -31.0213623 ], [ -53.9284476, -31.0206822 ], [ -53.9289474, -31.01890739999989 ], [ -53.9286749, -31.017792499999906 ], [ -53.926350699999901, -31.0168107 ], [ -53.9251995, -31.0158206 ], [ -53.9250539, -31.0144983 ], [ -53.929839, -31.012649199999895 ], [ -53.934618199999903, -31.013037799999903 ], [ -53.93711469999991, -31.0115905 ], [ -53.9376159, -31.0106653 ], [ -53.9371118, -31.008023200000014 ], [ -53.9354561, -31.006673099999901 ], [ -53.935132199999899, -31.0056627 ], [ -53.9370390999999, -31.0039409 ], [ -53.939773499999902, -31.0033604 ], [ -53.942266, -31.0044629 ], [ -53.943951, -31.004156099999911 ], [ -53.9455194, -31.0025864 ], [ -53.9460589, -31.0002731 ], [ -53.9439303999999, -30.999948399999894 ], [ -53.942193599999896, -30.9995327 ], [ -53.935175199999897, -30.9992778 ], [ -53.9299267, -31.001573199999893 ], [ -53.9286556, -31.001497599999894 ], [ -53.9272933, -31.000165599999896 ], [ -53.9276144, -30.997862199999894 ], [ -53.928167599999909, -30.995994499999906 ], [ -53.9281473, -30.9936683 ], [ -53.9260224, -30.989036499999898 ], [ -53.9264266, -30.987492499999988 ], [ -53.927261299999898, -30.9870989 ], [ -53.9285062, -30.9870698 ], [ -53.932489599999897, -30.990195399999905 ], [ -53.934664499999897, -30.9911815 ], [ -53.940821399999905, -30.9952289 ], [ -53.9439934, -30.994330100000013 ], [ -53.9452259, -30.992166799999904 ], [ -53.946707199999899, -30.988772499999985 ], [ -53.9460156, -30.986134799999892 ], [ -53.9416787, -30.9818189 ], [ -53.941766, -30.981174 ], [ -53.9412773, -30.980863499999884 ], [ -53.9406433999999, -30.9782764 ], [ -53.9390354, -30.976776599999912 ], [ -53.9362743, -30.9746412 ], [ -53.9331571, -30.9714169 ], [ -53.9279486, -30.969773400000012 ], [ -53.9233331, -30.967577199999894 ], [ -53.9149249, -30.9651754 ], [ -53.91351550000001, -30.962304399999912 ], [ -53.9132375, -30.9583527 ], [ -53.9171568, -30.956297 ], [ -53.9193056, -30.956118 ], [ -53.9200407, -30.9568283 ], [ -53.921077, -30.960453899999905 ], [ -53.922847299999901, -30.9638346999999 ], [ -53.9244226, -30.965186699999894 ], [ -53.9264183, -30.965577499999906 ], [ -53.9291985999999, -30.965183099999894 ], [ -53.932772, -30.965267099999892 ], [ -53.934865199999898, -30.9640181 ], [ -53.935518499999901, -30.962117 ], [ -53.934991099999898, -30.960469799999892 ], [ -53.931179299999897, -30.956016599999902 ], [ -53.926369, -30.954761099999896 ], [ -53.9253894, -30.9535339 ], [ -53.9251697, -30.950658299999901 ], [ -53.9267004, -30.9470775 ], [ -53.9241355999999, -30.9428439 ], [ -53.9247763, -30.9411928 ], [ -53.9234359, -30.939812899999907 ], [ -53.9173559, -30.9389767 ], [ -53.916039, -30.938301099999904 ], [ -53.9138783, -30.935904099999988 ], [ -53.9109604, -30.9365281 ], [ -53.907283499999899, -30.9408162 ], [ -53.905023899999897, -30.9422387 ], [ -53.9014796, -30.942215299999901 ], [ -53.8977495, -30.9456994 ], [ -53.896490300000011, -30.946016799999892 ], [ -53.894831199999899, -30.9453904 ], [ -53.8924441999999, -30.9416309 ], [ -53.888896799999898, -30.9389102 ], [ -53.8883281, -30.9375342 ], [ -53.8891312, -30.934406 ], [ -53.8878548, -30.9315538 ], [ -53.8859254, -30.9306844 ], [ -53.8828626, -30.9308151 ], [ -53.8787531, -30.9305118999999 ], [ -53.8744053, -30.9283692 ], [ -53.869681399999905, -30.9251788 ], [ -53.8695528, -30.924373199999906 ], [ -53.8701406, -30.9237171 ], [ -53.871422799999898, -30.923292699999894 ], [ -53.875162799999899, -30.9227344 ], [ -53.878871699999898, -30.9194358 ], [ -53.8830963999999, -30.9201532 ], [ -53.8845797, -30.920284399999986 ], [ -53.887124899999897, -30.918693699999892 ], [ -53.8872064, -30.916991799999895 ], [ -53.884279, -30.9137638 ], [ -53.881337599999902, -30.912644499999903 ], [ -53.879625, -30.9110653 ], [ -53.873258399999898, -30.9094673 ], [ -53.871852499999903, -30.9102037 ], [ -53.870647399999903, -30.9141061999999 ], [ -53.869487799999902, -30.9151901 ], [ -53.8678252999999, -30.9161184 ], [ -53.865576099999899, -30.9160646 ], [ -53.8638792, -30.9123693 ], [ -53.864325699999902, -30.909560999999897 ], [ -53.8633690999999, -30.9076947 ], [ -53.8621577, -30.9070161 ], [ -53.859505199999901, -30.907513799999901 ], [ -53.8594269, -30.9102611 ], [ -53.857078499999901, -30.9130592 ], [ -53.854219199999903, -30.9138479 ], [ -53.8508803, -30.913610499999898 ], [ -53.847497099999899, -30.9110107 ], [ -53.8449841, -30.9118123 ], [ -53.843711799999902, -30.9125873 ], [ -53.8425364, -30.9148706 ], [ -53.8411111, -30.9157744 ], [ -53.8385349, -30.9136543 ], [ -53.837615899999903, -30.9120991 ], [ -53.837032099999902, -30.9102664 ], [ -53.835422999999899, -30.9085597 ], [ -53.829717899999899, -30.906093499999894 ], [ -53.8282278, -30.905792099999903 ], [ -53.826705699999899, -30.905247099999904 ], [ -53.8222256, -30.9057596 ], [ -53.8213729, -30.906442099999904 ], [ -53.820777399999898, -30.907697799999895 ], [ -53.8200025, -30.9081793 ], [ -53.819676699999903, -30.908381699999893 ], [ -53.819219, -30.908666099999895 ], [ -53.8181021, -30.9085031 ], [ -53.816461699999898, -30.905886 ], [ -53.8146052, -30.9046602 ], [ -53.8134057, -30.903421 ], [ -53.8106771, -30.9031681 ], [ -53.8060161, -30.9062711999999 ], [ -53.804815699999899, -30.907070299999894 ], [ -53.8004412, -30.9084951 ], [ -53.797724199999898, -30.9096499 ], [ -53.796008399999899, -30.9097482 ], [ -53.794592899999898, -30.9093248 ], [ -53.791226, -30.9062455 ], [ -53.788822799999899, -30.9045143 ], [ -53.7825928, -30.9021183 ], [ -53.7805582, -30.895755 ], [ -53.7836229, -30.8919791 ], [ -53.7835095, -30.890820800000011 ], [ -53.7828087, -30.8903587 ], [ -53.7751317, -30.890896699999903 ], [ -53.7745462, -30.890521599999897 ], [ -53.7680202, -30.886340899999897 ], [ -53.7659589, -30.8863246 ], [ -53.764333, -30.888734400000011 ], [ -53.7632118, -30.890032099999889 ], [ -53.761382, -30.8890130999999 ], [ -53.7597996, -30.8835533 ], [ -53.7593284, -30.8800275 ], [ -53.7562472, -30.8776784 ], [ -53.7547445, -30.876035699999886 ], [ -53.7475315, -30.875064 ], [ -53.7451407, -30.8728341 ], [ -53.7440119, -30.872215 ], [ -53.7424463, -30.8718971 ], [ -53.7380525, -30.869916499999892 ], [ -53.7370151, -30.8668901 ], [ -53.7361961, -30.8650827 ], [ -53.7347597, -30.863848499999989 ], [ -53.7326661, -30.863582699999906 ], [ -53.731808, -30.864988 ], [ -53.732767599999903, -30.8680982 ], [ -53.7353226, -30.870574799999901 ], [ -53.735200899999903, -30.873772099999908 ], [ -53.7330633, -30.8757024 ], [ -53.730729499999903, -30.876375 ], [ -53.7299844, -30.876184 ], [ -53.729268299999902, -30.874269399999907 ], [ -53.72789, -30.8731769 ], [ -53.726427999999899, -30.872858199999897 ], [ -53.7247407, -30.8730368 ], [ -53.721673699999897, -30.8748648 ], [ -53.7207802, -30.87500809999991 ], [ -53.7192094, -30.873610299999903 ], [ -53.7189862, -30.872351599999888 ], [ -53.7175045, -30.869499899999902 ], [ -53.713887, -30.868620599999893 ], [ -53.708846, -30.866157099999988 ], [ -53.7064907, -30.865002499999896 ], [ -53.702372399999902, -30.861359299999904 ], [ -53.69988390000001, -30.8591579 ], [ -53.699483, -30.857290799999905 ], [ -53.700791799999898, -30.855023499999987 ], [ -53.701053199999897, -30.853980599999893 ], [ -53.6994222, -30.852336099999906 ], [ -53.698689499999901, -30.852600499999898 ], [ -53.693911699999902, -30.857551 ], [ -53.6908519, -30.857738599999898 ], [ -53.690343799999901, -30.854781599999988 ], [ -53.688285699999902, -30.852050899999902 ], [ -53.6869747, -30.851412799999895 ], [ -53.6847534, -30.852286799999902 ], [ -53.6809014, -30.855271899999902 ], [ -53.6710743, -30.853541699999905 ], [ -53.6689651, -30.8518505 ], [ -53.6676371, -30.8516442 ], [ -53.6666886, -30.851705799999909 ], [ -53.667315099999897, -30.849519199999985 ], [ -53.667105799999902, -30.848651899999897 ], [ -53.6662638, -30.847883 ], [ -53.664284, -30.8469263 ], [ -53.6646262, -30.845902599999899 ], [ -53.667470299999898, -30.843626099999891 ], [ -53.6670406, -30.8419493 ], [ -53.666925499999898, -30.8417175 ], [ -53.6667702, -30.8414872 ], [ -53.6666228, -30.841312899999902 ], [ -53.6664947, -30.8412011 ], [ -53.6663761, -30.841132899999891 ], [ -53.6662329, -30.8410665 ], [ -53.6660452, -30.8410046 ], [ -53.665843799999905, -30.840967799999898 ], [ -53.6656431, -30.840958699999902 ], [ -53.6654536, -30.840972899999894 ], [ -53.665269, -30.8410062 ], [ -53.6650787, -30.8410638 ], [ -53.6649492, -30.841125299999895 ], [ -53.6647725999999, -30.8412369 ], [ -53.664549, -30.8413988 ], [ -53.6641418, -30.8417075 ], [ -53.66376, -30.8419607 ], [ -53.6635471, -30.8420652 ], [ -53.663376899999903, -30.8421205 ], [ -53.663246699999902, -30.842130999999885 ], [ -53.663111699999902, -30.84212539999989 ], [ -53.6629758, -30.8420987 ], [ -53.6628415, -30.842047 ], [ -53.6627037, -30.8419607 ], [ -53.6625638, -30.841842 ], [ -53.6624012, -30.8416877 ], [ -53.662166399999897, -30.8415103 ], [ -53.6618591, -30.841291399999896 ], [ -53.6615016, -30.8410095 ], [ -53.6611419, -30.8406825 ], [ -53.6608454, -30.8403769 ], [ -53.6606844, -30.8401974 ], [ -53.6604847999999, -30.8398915 ], [ -53.6601798, -30.8393247 ], [ -53.65999079999991, -30.839008599999897 ], [ -53.659862599999904, -30.8388126 ], [ -53.6597953, -30.8387367 ], [ -53.6596919, -30.838649599999897 ], [ -53.6594969, -30.8385364 ], [ -53.6591364, -30.838362 ], [ -53.6586278, -30.8381562 ], [ -53.658162699999899, -30.837998699999986 ], [ -53.657813, -30.8379025 ], [ -53.657536799999903, -30.8378516 ], [ -53.6572533, -30.8378362 ], [ -53.6569795999999, -30.8378552 ], [ -53.6567065999999, -30.837899499999889 ], [ -53.656443599999903, -30.837967699999989 ], [ -53.6560312, -30.838113099999894 ], [ -53.6557203, -30.838270399999889 ], [ -53.6553792, -30.83838999999989 ], [ -53.654998299999903, -30.838472399999887 ], [ -53.6546291, -30.838587699999898 ], [ -53.654275299999902, -30.838734799999891 ], [ -53.6534186, -30.839110199999894 ], [ -53.652534, -30.8395358 ], [ -53.652111799999901, -30.839776599999901 ], [ -53.6519481, -30.839879999999891 ], [ -53.651799599999897, -30.8400043 ], [ -53.6516748, -30.840142399999888 ], [ -53.6515815, -30.840297099999901 ], [ -53.651524299999906, -30.840458 ], [ -53.6514938, -30.8406639 ], [ -53.6514922, -30.840929199999898 ], [ -53.6515281, -30.841309899999892 ], [ -53.651602099999899, -30.8416894 ], [ -53.65175, -30.842253899999903 ], [ -53.6518741, -30.8430178 ], [ -53.6519742999999, -30.8440246 ], [ -53.6520508, -30.844696199999898 ], [ -53.65205610000001, -30.845062299999899 ], [ -53.65202, -30.845423599999901 ], [ -53.651962899999901, -30.8458441 ], [ -53.651876899999898, -30.8462981 ], [ -53.6517568, -30.8467585 ], [ -53.651607, -30.8472179 ], [ -53.651473699999897, -30.847706199999902 ], [ -53.651381399999899, -30.8482073 ], [ -53.651319699999902, -30.848727 ], [ -53.6513201, -30.849255 ], [ -53.6513826, -30.849774599999897 ], [ -53.6514956, -30.8503115 ], [ -53.651662, -30.85084199999989 ], [ -53.651878199999899, -30.8513548 ], [ -53.6520623, -30.851849199999897 ], [ -53.6522169, -30.852365599999896 ], [ -53.652323599999903, -30.852848499999912 ], [ -53.652379499999903, -30.853222399999897 ], [ -53.652402799999898, -30.8534880999999 ], [ -53.6524032, -30.853709899999984 ], [ -53.6523624, -30.8539726 ], [ -53.652255599999897, -30.8543443 ], [ -53.65207860000001, -30.854831999999892 ], [ -53.651857, -30.855334899999896 ], [ -53.6516276, -30.855757099999888 ], [ -53.6512498, -30.856298599999899 ], [ -53.6508714, -30.856760699999885 ], [ -53.650714999999899, -30.857008699999898 ], [ -53.6506386, -30.857159099999897 ], [ -53.6506009, -30.8572732 ], [ -53.650567899999906, -30.8574421 ], [ -53.650560299999903, -30.8576811 ], [ -53.650603299999901, -30.8579677 ], [ -53.6506929, -30.858259099999895 ], [ -53.65084250000001, -30.8585628 ], [ -53.651025499999903, -30.858906299999894 ], [ -53.651182999999897, -30.8592583 ], [ -53.6512981, -30.8596319 ], [ -53.6513808, -30.8600524 ], [ -53.651455499999898, -30.860523199999896 ], [ -53.6515502, -30.8609888 ], [ -53.651668, -30.8613581 ], [ -53.651785899999901, -30.8616261 ], [ -53.6519147, -30.861838599999903 ], [ -53.652076399999899, -30.862047 ], [ -53.6521877, -30.8622558 ], [ -53.6522722, -30.8624768 ], [ -53.6523205, -30.8626815 ], [ -53.6523923, -30.862867299999902 ], [ -53.6525171, -30.863105399999892 ], [ -53.6526941, -30.8633894 ], [ -53.6529082, -30.863679 ], [ -53.6531285, -30.8639016 ], [ -53.6533425, -30.8640765 ], [ -53.6535622, -30.8642143 ], [ -53.6538651, -30.864348699999901 ], [ -53.654268699999903, -30.8644897 ], [ -53.654741, -30.864625499999899 ], [ -53.6552234, -30.8647348 ], [ -53.6557059, -30.864823699999896 ], [ -53.656204199999898, -30.864873999999897 ], [ -53.6567381, -30.8648954 ], [ -53.657428799999899, -30.8648698 ], [ -53.6579482, -30.8648315 ], [ -53.6582485, -30.864814599999896 ], [ -53.658398599999899, -30.86482 ], [ -53.6585848, -30.864856 ], [ -53.6588675, -30.864920099999892 ], [ -53.659143, -30.865016599999898 ], [ -53.6593819, -30.865132699999897 ], [ -53.6595447, -30.8652435 ], [ -53.659675, -30.865367299999907 ], [ -53.6597828, -30.865508799999894 ], [ -53.6598619, -30.8656488 ], [ -53.6599358, -30.8658621 ], [ -53.6600385, -30.866299099999907 ], [ -53.6602819, -30.8672397 ], [ -53.6605435, -30.868198499999895 ], [ -53.660691799999903, -30.868865399999901 ], [ -53.6607701, -30.8695341 ], [ -53.6608037, -30.869972399999895 ], [ -53.6607968, -30.8701811 ], [ -53.6607629, -30.870333199999909 ], [ -53.6607011, -30.870511099999888 ], [ -53.660618999999897, -30.870668099999886 ], [ -53.6605074, -30.8708159 ], [ -53.660373999999898, -30.870944 ], [ -53.6602185, -30.871046799999888 ], [ -53.6600918, -30.8711112 ], [ -53.65979, -30.8712232 ], [ -53.6592151, -30.8714184 ], [ -53.6584319, -30.8716638 ], [ -53.657744099999903, -30.8718299 ], [ -53.6571625999999, -30.8719297 ], [ -53.656618099999903, -30.8720021 ], [ -53.656105599999897, -30.8720448 ], [ -53.655529199999897, -30.8720496 ], [ -53.6549563, -30.8720091 ], [ -53.6544696, -30.8719573999999 ], [ -53.6540411, -30.8719227 ], [ -53.6535976, -30.8719197 ], [ -53.6531079, -30.8719634 ], [ -53.652558999999897, -30.872050499999904 ], [ -53.6520623, -30.872143499999893 ], [ -53.6517047, -30.872200899999896 ], [ -53.6514663, -30.872207699999908 ], [ -53.6512422, -30.872177599999894 ], [ -53.6509918, -30.8721193 ], [ -53.6507759, -30.87204 ], [ -53.6506019, -30.8719518 ], [ -53.6504078, -30.8718162 ], [ -53.650201599999903, -30.871620499999899 ], [ -53.6499774, -30.871376799999986 ], [ -53.6497669, -30.871124399999896 ], [ -53.6495808, -30.8708723 ], [ -53.649451499999898, -30.8706665999999 ], [ -53.6493677, -30.8704736 ], [ -53.6492752999999, -30.8702355 ], [ -53.6491399, -30.869947 ], [ -53.648973399999903, -30.869680199999902 ], [ -53.648838199999901, -30.8695178 ], [ -53.6486234, -30.8693231 ], [ -53.648203099999897, -30.8690015 ], [ -53.6475953, -30.868558999999895 ], [ -53.6472249, -30.8683224 ], [ -53.6469351, -30.8681718 ], [ -53.646578299999902, -30.868028299999899 ], [ -53.646072699999898, -30.867871699999984 ], [ -53.6455214, -30.867727999999889 ], [ -53.645109499999897, -30.8676368 ], [ -53.644760399999903, -30.8675946 ], [ -53.6443991, -30.867590299999989 ], [ -53.644010799999897, -30.867620299999889 ], [ -53.643653399999899, -30.8676917 ], [ -53.643267599999909, -30.867811699999898 ], [ -53.6427379, -30.8679261 ], [ -53.642240699999903, -30.868008099999901 ], [ -53.641773, -30.8680615 ], [ -53.641443599999903, -30.868077700000015 ], [ -53.6411141, -30.8680621 ], [ -53.6406852, -30.868001 ], [ -53.639823299999897, -30.867901399999898 ], [ -53.6389452, -30.867778499999901 ], [ -53.63855, -30.867695099999892 ], [ -53.6381671, -30.8675764 ], [ -53.6378008, -30.867423599999892 ], [ -53.6369298, -30.8670873 ], [ -53.636197599999903, -30.8668112 ], [ -53.6358301, -30.86671 ], [ -53.6354628, -30.866630299999887 ], [ -53.635094, -30.8665789 ], [ -53.6348594, -30.8665692 ], [ -53.6345676, -30.8665793 ], [ -53.634218599999897, -30.8666094 ], [ -53.6334585, -30.8666999 ], [ -53.6324763, -30.8667814 ], [ -53.631465999999897, -30.866809799999899 ], [ -53.6306263, -30.866816 ], [ -53.6302066, -30.866823899999893 ], [ -53.6298619, -30.866801699999886 ], [ -53.629521399999902, -30.8667508 ], [ -53.6291567, -30.8666714 ], [ -53.628856599999899, -30.866578400000012 ], [ -53.6286444, -30.866494 ], [ -53.628457899999901, -30.866395199999904 ], [ -53.628266499999903, -30.8662783 ], [ -53.6281107, -30.8661925 ], [ -53.627917599999897, -30.866124399999901 ], [ -53.627719399999897, -30.866076899999896 ], [ -53.627444099999899, -30.866036999999892 ], [ -53.6271601, -30.8660287 ], [ -53.6267941999999, -30.866050399999903 ], [ -53.6263756, -30.8660351 ], [ -53.625762, -30.866035699999905 ], [ -53.6252281, -30.866075099999886 ], [ -53.6248079, -30.8661159 ], [ -53.624499, -30.8661352 ], [ -53.624271, -30.866126699999903 ], [ -53.6241036, -30.8660988 ], [ -53.6239303, -30.866048299999907 ], [ -53.623738, -30.8659589 ], [ -53.623557, -30.8658485 ], [ -53.623395199999898, -30.8657218 ], [ -53.6232742, -30.865602099999887 ], [ -53.623172699999898, -30.865465399999884 ], [ -53.6230972, -30.8653206 ], [ -53.6230757, -30.865202 ], [ -53.6230297, -30.8650848999999 ], [ -53.6229630999999, -30.864979499999901 ], [ -53.6228308, -30.864846199999896 ], [ -53.622671899999901, -30.864699300000012 ], [ -53.6225506, -30.8645415 ], [ -53.6224061, -30.8643197 ], [ -53.622225399999898, -30.8640665 ], [ -53.6220302, -30.8638407 ], [ -53.6218901, -30.863709599999897 ], [ -53.621726, -30.8635949 ], [ -53.621541099999909, -30.863493799999986 ], [ -53.621335299999899, -30.8633574999999 ], [ -53.6211465, -30.863192599999902 ], [ -53.620979299999902, -30.8629855 ], [ -53.62086, -30.8627635 ], [ -53.620758, -30.862549999999899 ], [ -53.6206367, -30.862352499999901 ], [ -53.6204542, -30.8621365 ], [ -53.6202244, -30.8619191 ], [ -53.6199685, -30.8617229 ], [ -53.6197043, -30.861566099999902 ], [ -53.619424599999903, -30.8614385 ], [ -53.6191491, -30.861353500000011 ], [ -53.618869, -30.861299299999896 ], [ -53.61854240000001, -30.8612856 ], [ -53.6181591, -30.8613119 ], [ -53.617809099999903, -30.861359799999907 ], [ -53.617535099999898, -30.861431299999904 ], [ -53.6173244, -30.861525099999898 ], [ -53.6171009, -30.861643899999894 ], [ -53.6166568, -30.861961999999895 ], [ -53.6164952, -30.8620948 ], [ -53.6158915, -30.8625699 ], [ -53.615476699999903, -30.8628826 ], [ -53.615209499999899, -30.863071499999894 ], [ -53.61509, -30.863136499999897 ], [ -53.6148841, -30.8632206 ], [ -53.6146884, -30.863272499999908 ], [ -53.614488799999897, -30.863304399999908 ], [ -53.614286, -30.8633138 ], [ -53.613934399999899, -30.8632931 ], [ -53.613229299999901, -30.863284099999895 ], [ -53.612178899999897, -30.8632919 ], [ -53.611612, -30.863329599999901 ], [ -53.6112663, -30.8633652 ], [ -53.6110404, -30.8633604 ], [ -53.610813, -30.863327099999896 ], [ -53.610598, -30.8632673 ], [ -53.610353099999898, -30.863159299999889 ], [ -53.6101528, -30.8630479 ], [ -53.6099361, -30.8628937 ], [ -53.6095268, -30.862561399999905 ], [ -53.6087585, -30.861972799999901 ], [ -53.6083505, -30.861640099999892 ], [ -53.6080663, -30.8613867 ], [ -53.607906, -30.8612125 ], [ -53.6077147, -30.8609526 ], [ -53.6074298999999, -30.8605117 ], [ -53.607052699999898, -30.859981499999904 ], [ -53.6068607999999, -30.859699 ], [ -53.606753599999898, -30.859474099999897 ], [ -53.60667260000001, -30.859229099999901 ], [ -53.606624, -30.8589721 ], [ -53.6066077999999, -30.8587309 ], [ -53.6066206, -30.858414499999984 ], [ -53.606673699999902, -30.8579655 ], [ -53.6068198, -30.8571453 ], [ -53.6069517, -30.856507899999905 ], [ -53.6070134, -30.856125499999987 ], [ -53.607019799999897, -30.855856 ], [ -53.606988999999899, -30.855648099999897 ], [ -53.6069246, -30.855458499999894 ], [ -53.6068321, -30.8552819 ], [ -53.606684599999902, -30.855032499999894 ], [ -53.6065072, -30.854794599999892 ], [ -53.60630530000001, -30.854575399999902 ], [ -53.6061248, -30.8544358 ], [ -53.605883499999898, -30.854299099999892 ], [ -53.6055191, -30.854147399999903 ], [ -53.605087399999903, -30.8540001 ], [ -53.604875, -30.8539397 ], [ -53.604655599999901, -30.8539028 ], [ -53.6044324, -30.853889799999898 ], [ -53.6041772, -30.853899899999892 ], [ -53.6039689, -30.8539296 ], [ -53.6037751, -30.853981799999893 ], [ -53.6035802, -30.8540651 ], [ -53.6033907, -30.8541791 ], [ -53.6032327, -30.8543081 ], [ -53.603076299999898, -30.854496799999893 ], [ -53.6028846, -30.854790299999898 ], [ -53.6027235, -30.8550951 ], [ -53.6026502, -30.855313 ], [ -53.6026036, -30.855533799999904 ], [ -53.6025323, -30.855710299999895 ], [ -53.6024315, -30.8558798 ], [ -53.602306999999897, -30.8560327 ], [ -53.602157, -30.8561721999999 ], [ -53.6019802, -30.856293299999891 ], [ -53.6017887, -30.8563877 ], [ -53.6016231, -30.856454799999902 ], [ -53.601435, -30.85649 ], [ -53.601252, -30.856488199999916 ], [ -53.6010257, -30.8564962 ], [ -53.6007971, -30.856542 ], [ -53.600589899999903, -30.856621 ], [ -53.6003319, -30.856761699999907 ], [ -53.6000946, -30.8569355 ], [ -53.5998731, -30.8571521 ], [ -53.5996722, -30.8573858 ], [ -53.5994962, -30.857631399999889 ], [ -53.599251099999897, -30.858057599999903 ], [ -53.5990932, -30.858387299999901 ], [ -53.5990123, -30.8586065 ], [ -53.5989797, -30.858794999999887 ], [ -53.598973, -30.8589855 ], [ -53.5989926, -30.859175299999901 ], [ -53.5990356, -30.859441499999892 ], [ -53.599107699999898, -30.859705399999907 ], [ -53.599309499999897, -30.8602645 ], [ -53.5996426, -30.861247999999897 ], [ -53.5999411, -30.8619881 ], [ -53.6002419, -30.8625747 ], [ -53.600634399999898, -30.863237099999886 ], [ -53.601052799999898, -30.8638758 ], [ -53.6015001, -30.8645164 ], [ -53.601812799999898, -30.864989799999904 ], [ -53.601992799999898, -30.8653351 ], [ -53.602064799999908, -30.865557899999896 ], [ -53.602114399999898, -30.865865599999903 ], [ -53.6021435, -30.8662934 ], [ -53.602128, -30.8669738 ], [ -53.602069099999902, -30.867449899999894 ], [ -53.6020569, -30.867714 ], [ -53.602066, -30.8679435 ], [ -53.6020963, -30.8681382 ], [ -53.6021898, -30.868433 ], [ -53.6023372, -30.868718699999903 ], [ -53.602528499999899, -30.8689759 ], [ -53.6025978, -30.869093299999989 ], [ -53.6026527, -30.869265599999899 ], [ -53.6026841, -30.869484699999891 ], [ -53.6026954, -30.8697313 ], [ -53.602659199999898, -30.869985299999911 ], [ -53.602576, -30.870381399999903 ], [ -53.6024748, -30.8708037 ], [ -53.6023205, -30.871219 ], [ -53.6021181999999, -30.8716133 ], [ -53.6019024, -30.872002699999893 ], [ -53.60172019999991, -30.8724073 ], [ -53.6015745999999, -30.8728202 ], [ -53.6014304, -30.8731394 ], [ -53.6012444, -30.8734468 ], [ -53.6010233, -30.873731399999905 ], [ -53.6008902, -30.8739638 ], [ -53.6007848, -30.874209699999899 ], [ -53.600710499999899, -30.874460999999897 ], [ -53.600657699999907, -30.874830099999894 ], [ -53.600612199999901, -30.8756905 ], [ -53.6006101, -30.8766916 ], [ -53.6006505, -30.8775153 ], [ -53.600712799999897, -30.8779235 ], [ -53.6007347, -30.8782527 ], [ -53.6007263, -30.8785824 ], [ -53.6006752, -30.878981 ], [ -53.600581, -30.87937 ], [ -53.600543699999903, -30.879572299999897 ], [ -53.600471399999897, -30.879772 ], [ -53.600399299999907, -30.8799098 ], [ -53.6003367, -30.8799969 ], [ -53.600167499999898, -30.880179499999901 ], [ -53.5998918, -30.8804574 ], [ -53.5993308, -30.88099349999991 ], [ -53.599047, -30.8812331 ], [ -53.5987883, -30.881428200000013 ], [ -53.5985547, -30.8815787 ], [ -53.5981819, -30.88176689999991 ], [ -53.5979169, -30.881930899999897 ], [ -53.597797399999898, -30.882021 ], [ -53.597696, -30.882126099999901 ], [ -53.597613099999897, -30.8822473 ], [ -53.5975744, -30.8823383 ], [ -53.5975357, -30.8825021 ], [ -53.5974845, -30.8828176 ], [ -53.5973931999999, -30.883449799999898 ], [ -53.5973506999999, -30.8838612 ], [ -53.5973466, -30.8842743 ], [ -53.597368399999901, -30.884473399999898 ], [ -53.597424799999899, -30.8846674 ], [ -53.597514499999903, -30.8848518 ], [ -53.5976891, -30.8850798 ], [ -53.5978979, -30.885290699999892 ], [ -53.5981441, -30.8854861999999 ], [ -53.5982913, -30.885630799999891 ], [ -53.5985453, -30.885927 ], [ -53.5989061, -30.886375 ], [ -53.5997586, -30.887458799999898 ], [ -53.6002525, -30.8880277 ], [ -53.6007205, -30.888518099999899 ], [ -53.601162299999899, -30.88893 ], [ -53.60163, -30.889346999999898 ], [ -53.6018927, -30.8895342 ], [ -53.602173799999903, -30.8897004 ], [ -53.6025291, -30.889873899999891 ], [ -53.6027869, -30.890041 ], [ -53.603022699999897, -30.890237 ], [ -53.6031929, -30.8904143 ], [ -53.6033416, -30.8906054 ], [ -53.603538399999898, -30.8909257 ], [ -53.603913299999903, -30.891574499999894 ], [ -53.604311, -30.8922112999999 ], [ -53.6045253, -30.892518499999909 ], [ -53.604772, -30.892807 ], [ -53.605049, -30.8930743 ], [ -53.605303299999903, -30.8933345 ], [ -53.6055074, -30.8934949 ], [ -53.6057332, -30.8936368 ], [ -53.6059726, -30.8937554 ], [ -53.606572599999907, -30.894036 ], [ -53.6068804, -30.894162799999894 ], [ -53.6071378, -30.8942327 ], [ -53.607398799999906, -30.8942709 ], [ -53.6076636, -30.894265 ], [ -53.607933199999898, -30.8942976 ], [ -53.608185799999902, -30.8943661 ], [ -53.6084559, -30.894459 ], [ -53.608716199999897, -30.894576399999906 ], [ -53.6089587, -30.8947147 ], [ -53.609154799999899, -30.89485 ], [ -53.6093248, -30.8950093999999 ], [ -53.6094648, -30.895189199999901 ], [ -53.609653099999903, -30.895478399999895 ], [ -53.6097981, -30.895780499999891 ], [ -53.609878799999898, -30.895989 ], [ -53.609924299999903, -30.896210199999899 ], [ -53.6099484, -30.8965818 ], [ -53.6099407, -30.8967342 ], [ -53.609908699999899, -30.8968843 ], [ -53.6098001, -30.897118599999899 ], [ -53.609630799999898, -30.897386299999905 ], [ -53.609471299999903, -30.897588599999903 ], [ -53.6093183, -30.8977548 ], [ -53.6091719, -30.8978847 ], [ -53.6089587, -30.898103299999896 ], [ -53.608719, -30.8983044 ], [ -53.6084599, -30.8984821 ], [ -53.6081149, -30.898669099999886 ], [ -53.6077687, -30.898811 ], [ -53.6075026, -30.8988873 ], [ -53.6073066, -30.898907 ], [ -53.6071034, -30.898896299999894 ], [ -53.6069442, -30.898865199999904 ], [ -53.6067887, -30.898813899999912 ], [ -53.6066461, -30.8987456 ], [ -53.606465899999904, -30.8986383 ], [ -53.606302399999898, -30.8985127 ], [ -53.6061276, -30.8983395 ], [ -53.6058045, -30.8979742 ], [ -53.6054265, -30.897489999999895 ], [ -53.6052228, -30.897207299999902 ], [ -53.6050532, -30.8970366 ], [ -53.6047866, -30.896839699999894 ], [ -53.604469799999897, -30.896648099999904 ], [ -53.604249799999899, -30.896489500000012 ], [ -53.6040934, -30.8963628 ], [ -53.6040007, -30.896267899999906 ], [ -53.6038424, -30.8961414 ], [ -53.6036673, -30.8960327 ], [ -53.603463299999902, -30.895936199999898 ], [ -53.603235, -30.8958708 ], [ -53.603004499999898, -30.895843 ], [ -53.6026088, -30.8958105 ], [ -53.602057199999898, -30.895822199999898 ], [ -53.6015141, -30.8958605 ], [ -53.6008237, -30.8959378 ], [ -53.599986, -30.896053999999893 ], [ -53.598957, -30.8962457 ], [ -53.5981568999999, -30.8963489 ], [ -53.5977536, -30.896367499999904 ], [ -53.5974115, -30.8963582 ], [ -53.597019799999899, -30.896328299999901 ], [ -53.5964703, -30.896247899999892 ], [ -53.595954, -30.896151099999912 ], [ -53.5957006, -30.896085399999897 ], [ -53.595166999999897, -30.895908099999893 ], [ -53.5943535, -30.8956191 ], [ -53.592579199999903, -30.8950143 ], [ -53.5916783, -30.894744699999901 ], [ -53.591260599999899, -30.8946415 ], [ -53.5910043, -30.8946055 ], [ -53.5904194, -30.894557899999906 ], [ -53.5899055, -30.894554899999903 ], [ -53.5896493, -30.8945697999999 ], [ -53.5894661, -30.8946074 ], [ -53.589292199999903, -30.894669599999897 ], [ -53.5890646, -30.894801 ], [ -53.5888303999999, -30.894956599999894 ], [ -53.5885868, -30.8950866 ], [ -53.5883338, -30.895191199999896 ], [ -53.5881863, -30.8952643 ], [ -53.588057499999898, -30.895360099999895 ], [ -53.5879358, -30.8954977 ], [ -53.587853, -30.8956554 ], [ -53.5878134, -30.895825 ], [ -53.5877427, -30.8962331 ], [ -53.5877164999999, -30.896583899999904 ], [ -53.587732399999901, -30.896806 ], [ -53.5877808, -30.8969537 ], [ -53.587853, -30.897089999999899 ], [ -53.5879811, -30.897265199999886 ], [ -53.5881371, -30.897422699999893 ], [ -53.5883828, -30.8976101 ], [ -53.588853899999897, -30.898004199999896 ], [ -53.5893809, -30.8984306 ], [ -53.589674499999902, -30.898634399999896 ], [ -53.590046, -30.8988368 ], [ -53.590283199999909, -30.8989525 ], [ -53.5905402, -30.899042199999904 ], [ -53.5907038, -30.8990861 ], [ -53.5908734, -30.8991068 ], [ -53.591044699999898, -30.8991038 ], [ -53.5912071, -30.8990792 ], [ -53.5913634, -30.8990337 ], [ -53.5915505, -30.898949199999905 ], [ -53.5919094, -30.8987564 ], [ -53.5922791, -30.898610099999907 ], [ -53.592662699999899, -30.898493599999899 ], [ -53.5930572, -30.898408 ], [ -53.593661799999907, -30.898260399999987 ], [ -53.5939711, -30.898215999999891 ], [ -53.5941199, -30.8982152 ], [ -53.594271, -30.8982372 ], [ -53.59441120000001, -30.8982801 ], [ -53.5945665, -30.8983443 ], [ -53.594713, -30.8984277 ], [ -53.594911, -30.8985802 ], [ -53.5952382, -30.8988717 ], [ -53.5953954, -30.899022499999887 ], [ -53.5954944, -30.8991495 ], [ -53.5956626, -30.8994029 ], [ -53.5957309, -30.8995375 ], [ -53.595769399999902, -30.899676 ], [ -53.5957744, -30.899883799999902 ], [ -53.5957653, -30.9001038 ], [ -53.5957279, -30.900324199999901 ], [ -53.5956636, -30.9005372 ], [ -53.5955559, -30.9008382 ], [ -53.5953929, -30.901128399999894 ], [ -53.595185699999902, -30.9013878 ], [ -53.5949394, -30.901667099999901 ], [ -53.5946675, -30.901930999999891 ], [ -53.594374699999896, -30.9021746 ], [ -53.593992199999903, -30.9024332 ], [ -53.5936313999999, -30.902717499999891 ], [ -53.5932984, -30.9030227 ], [ -53.5928595, -30.9033474 ], [ -53.5923963, -30.9036492 ], [ -53.591914099999897, -30.903924399999902 ], [ -53.5912822, -30.9042995 ], [ -53.5906709, -30.9047011 ], [ -53.5903713, -30.9049214 ], [ -53.590092899999902, -30.9051651 ], [ -53.589841799999903, -30.905426799999905 ], [ -53.589592799999899, -30.9057339 ], [ -53.589352899999902, -30.9061131 ], [ -53.589141, -30.906492399999905 ], [ -53.5889877, -30.906801500000011 ], [ -53.5889172, -30.9070007 ], [ -53.5888786, -30.9072313 ], [ -53.588869299999899, -30.9074148999999 ], [ -53.588904, -30.907604 ], [ -53.5889786, -30.9077761 ], [ -53.5890648, -30.907902 ], [ -53.5891612, -30.908006699999891 ], [ -53.5893295, -30.9081351 ], [ -53.5895932, -30.9082945 ], [ -53.5899373, -30.9084632 ], [ -53.5902455, -30.9085691 ], [ -53.5905652, -30.9086457 ], [ -53.5908926, -30.9086922 ], [ -53.591517, -30.908748699999887 ], [ -53.592137799999897, -30.9087479 ], [ -53.592724, -30.9087266999999 ], [ -53.5933105, -30.908743899999894 ], [ -53.5938937, -30.908799499999894 ], [ -53.5944004, -30.9088034 ], [ -53.594906, -30.9087757 ], [ -53.5954081, -30.908716599999902 ], [ -53.595785, -30.9087069 ], [ -53.5961642, -30.908724699999894 ], [ -53.5965376, -30.908769699999894 ], [ -53.597071, -30.908882999999893 ], [ -53.597436699999903, -30.9090021 ], [ -53.59768, -30.9091232 ], [ -53.597906, -30.9092747 ], [ -53.598102299999908, -30.909448 ], [ -53.5982993, -30.909685099999894 ], [ -53.598459299999902, -30.909948499999903 ], [ -53.5985818999999, -30.910237 ], [ -53.5986945, -30.910587399999901 ], [ -53.5987751, -30.9109382 ], [ -53.5988139, -30.911400899999919 ], [ -53.598842499999904, -30.9119322 ], [ -53.598894099999903, -30.912524899999902 ], [ -53.5989886999999, -30.9130956 ], [ -53.599131999999898, -30.9137115 ], [ -53.5992252, -30.914055899999912 ], [ -53.599351, -30.9143925 ], [ -53.599508399999898, -30.9147191 ], [ -53.599791799999899, -30.915201 ], [ -53.599958699999902, -30.915457499999906 ], [ -53.600158399999899, -30.9158021 ], [ -53.6003575, -30.916094299999902 ], [ -53.600585899999899, -30.916370099999892 ], [ -53.600841699999897, -30.9166274 ], [ -53.6010185, -30.916823 ], [ -53.601170099999898, -30.917030799999985 ], [ -53.6012741, -30.9172359 ], [ -53.601346299999904, -30.917455199999903 ], [ -53.6013826, -30.917676899999893 ], [ -53.6013889, -30.9178931 ], [ -53.6013606, -30.9180494 ], [ -53.6013038, -30.9182038 ], [ -53.6011682, -30.9184127 ], [ -53.600875099999897, -30.9187711 ], [ -53.600574499999901, -30.919109700000011 ], [ -53.6002807, -30.919409899999899 ], [ -53.5999935, -30.9196717 ], [ -53.5994598, -30.9200885 ], [ -53.59906, -30.920433699999901 ], [ -53.5986199, -30.920747299999988 ], [ -53.5981515, -30.9210209 ], [ -53.5976254, -30.9213101 ], [ -53.597252599999898, -30.9214736 ], [ -53.596731299999902, -30.9216494 ], [ -53.5956156, -30.921951799999896 ], [ -53.5948007, -30.922197299999912 ], [ -53.5941334, -30.922419499999901 ], [ -53.593613499999897, -30.9226184 ], [ -53.592939800000011, -30.9228932 ], [ -53.592283199999898, -30.923197300000012 ], [ -53.5918581, -30.923419 ], [ -53.5915413, -30.923601 ], [ -53.591332899999898, -30.9237433 ], [ -53.5909994, -30.9239317 ], [ -53.5906476, -30.92409359999991 ], [ -53.5901761, -30.924264099999984 ], [ -53.589691699999896, -30.9243893 ], [ -53.5894398, -30.924462699999903 ], [ -53.5891703, -30.9245007 ], [ -53.588904399999898, -30.924500399999914 ], [ -53.5886467999999, -30.924467499999896 ], [ -53.588394799999897, -30.9244021 ], [ -53.588063599999899, -30.924296899999884 ], [ -53.587747299999897, -30.9241618 ], [ -53.5874496, -30.9239984 ], [ -53.5867588, -30.923663 ], [ -53.586089699999903, -30.9232921 ], [ -53.5856871, -30.923028799999898 ], [ -53.585265299999897, -30.922788899999897 ], [ -53.5846437, -30.9224801 ], [ -53.5839639, -30.9221309 ], [ -53.583564899999899, -30.9218837999999 ], [ -53.583227899999898, -30.9216521 ], [ -53.5829528, -30.921435699999989 ], [ -53.582578399999903, -30.9210836 ], [ -53.5817038, -30.9203555 ], [ -53.581223399999899, -30.9199872 ], [ -53.5808344, -30.919655299999885 ], [ -53.5804472, -30.919291999999896 ], [ -53.580142, -30.919052099999899 ], [ -53.579955299999902, -30.918863799999887 ], [ -53.5797901, -30.918657799999899 ], [ -53.5796516999999, -30.9184407 ], [ -53.5794895, -30.9180863 ], [ -53.5793593, -30.9177199 ], [ -53.579263399999903, -30.917347999999887 ], [ -53.5791527, -30.9168278 ], [ -53.5790527, -30.9161579 ], [ -53.5789635, -30.915338399999893 ], [ -53.578857, -30.914156999999896 ], [ -53.5788425, -30.9135755 ], [ -53.578822, -30.9132063 ], [ -53.5787955, -30.9130494 ], [ -53.5787364, -30.912771 ], [ -53.578729199999898, -30.9124881 ], [ -53.5787592, -30.9123013 ], [ -53.578795899999903, -30.912160099999905 ], [ -53.5788395, -30.9120646 ], [ -53.5788618, -30.9119638 ], [ -53.5788694, -30.9118453 ], [ -53.578862199999897, -30.911709099999896 ], [ -53.5787902, -30.911396 ], [ -53.5786798, -30.9110241 ], [ -53.5785571, -30.9106914 ], [ -53.5784222, -30.9103977 ], [ -53.578218999999898, -30.910061599999903 ], [ -53.577977, -30.909741 ], [ -53.577702799999898, -30.909444699999892 ], [ -53.5773561, -30.909108 ], [ -53.576980299999903, -30.908791999999892 ], [ -53.5765812, -30.90850169999991 ], [ -53.576079999999898, -30.908190900000012 ], [ -53.5755612, -30.907913199999911 ], [ -53.5751842, -30.907755199999901 ], [ -53.5747903, -30.907624199999898 ], [ -53.5743878, -30.907522899999893 ], [ -53.5739874, -30.907459899999893 ], [ -53.573711499999909, -30.9074267 ], [ -53.5735602, -30.907423499999901 ], [ -53.5733369, -30.907459 ], [ -53.573127, -30.9075334 ], [ -53.572957599999903, -30.907631299999899 ], [ -53.5728091, -30.907752 ], [ -53.5726857, -30.9078919 ], [ -53.5725906, -30.9080475 ], [ -53.5723450999999, -30.9083256 ], [ -53.5719902, -30.9086785 ], [ -53.571604599999901, -30.9090019 ], [ -53.5712101, -30.909414099999893 ], [ -53.570668399999903, -30.9100266 ], [ -53.5701667, -30.9105526 ], [ -53.5698953, -30.9108744 ], [ -53.5696781, -30.911166199999986 ], [ -53.569485, -30.9114756 ], [ -53.5690822, -30.912086499999909 ], [ -53.5686019, -30.9127235 ], [ -53.5680795, -30.9133318999999 ], [ -53.5675941, -30.913845700000014 ], [ -53.5670570999999, -30.914326199999905 ], [ -53.5664796, -30.914763499999903 ], [ -53.566012199999903, -30.9151825 ], [ -53.5655723, -30.9156257 ], [ -53.5651642999999, -30.916088499999905 ], [ -53.5648777, -30.916424699999894 ], [ -53.5646335, -30.9167849 ], [ -53.5645008, -30.917038499999915 ], [ -53.5643722, -30.917346 ], [ -53.5642477, -30.9177076 ], [ -53.564077499999897, -30.918055099999901 ], [ -53.5638855999999, -30.9183934 ], [ -53.56367190000001, -30.918722499999902 ], [ -53.56322, -30.9194762 ], [ -53.5630012, -30.919856099999905 ], [ -53.5628578, -30.920165199999897 ], [ -53.562743, -30.920483 ], [ -53.5626415, -30.9208862 ], [ -53.562593299999897, -30.921216399999899 ], [ -53.5625795, -30.9216599 ], [ -53.562603, -30.922210299999989 ], [ -53.5626654, -30.9227021999999 ], [ -53.5627524, -30.923026799999892 ], [ -53.5629188, -30.9234594 ], [ -53.563121, -30.923880499999896 ], [ -53.5633579, -30.9242879 ], [ -53.5637318, -30.9249009 ], [ -53.564142499999903, -30.925496199999898 ], [ -53.564588699999902, -30.926072099999896 ], [ -53.5653387, -30.927083 ], [ -53.5657001, -30.9275957 ], [ -53.565871199999897, -30.9278644 ], [ -53.5659431999999, -30.928017 ], [ -53.5660172, -30.92826 ], [ -53.5660538, -30.928505 ], [ -53.5660621, -30.928712699999902 ], [ -53.566024899999903, -30.9289254 ], [ -53.565945999999897, -30.9291218 ], [ -53.5658466, -30.929293099999903 ], [ -53.5657196, -30.9294545 ], [ -53.565530599999903, -30.929635099999899 ], [ -53.5651228, -30.929972 ], [ -53.5646388, -30.9303179 ], [ -53.5641285, -30.9306286 ], [ -53.563930099999901, -30.930776799999894 ], [ -53.5637139, -30.930904999999893 ], [ -53.5634825, -30.9310118 ], [ -53.563180499999909, -30.931111999999896 ], [ -53.5628713, -30.931174899999988 ], [ -53.5625783, -30.9312054 ], [ -53.562283299999898, -30.9312088 ], [ -53.5619895, -30.931185099999915 ], [ -53.561734999999899, -30.9311271 ], [ -53.5614752, -30.931091299999895 ], [ -53.5612125, -30.931077899999892 ], [ -53.5608558, -30.9310899 ], [ -53.5606437, -30.9311097 ], [ -53.5604369, -30.931154799999899 ], [ -53.560239399999901, -30.9312244 ], [ -53.5600482, -30.931258199999892 ], [ -53.5598534, -30.931270299999898 ], [ -53.5596585, -30.9312605 ], [ -53.559389699999898, -30.931215600000012 ], [ -53.559126, -30.9311311 ], [ -53.5589381, -30.931041999999895 ], [ -53.5587128, -30.9308905 ], [ -53.5584129, -30.930644599999905 ], [ -53.558093, -30.930330599999902 ], [ -53.557897599999897, -30.930080299999901 ], [ -53.557730299999903, -30.9298153 ], [ -53.557348299999902, -30.9291612 ], [ -53.557056799999899, -30.928611299999893 ], [ -53.556789099999897, -30.9281927 ], [ -53.5565483, -30.9279 ], [ -53.5562049, -30.9275618 ], [ -53.5559003, -30.9273173 ], [ -53.555571299999897, -30.9270976 ], [ -53.5552206, -30.9269044 ], [ -53.5543815, -30.9264196 ], [ -53.553787499999899, -30.9261284 ], [ -53.5531725, -30.925867099999888 ], [ -53.5522237, -30.9255456 ], [ -53.5511665, -30.925236299999906 ], [ -53.5505163, -30.9250810999999 ], [ -53.5500691, -30.9250155 ], [ -53.5496175, -30.924977899999899 ], [ -53.5491589, -30.9249641 ], [ -53.5487019, -30.924999699999908 ], [ -53.5480234999999, -30.925119999999886 ], [ -53.5471092, -30.925263 ], [ -53.5458838, -30.925436799999911 ], [ -53.5453587, -30.9255165 ], [ -53.5448405, -30.9256245 ], [ -53.544331199999903, -30.9257605 ], [ -53.5437297, -30.925961599999898 ], [ -53.543208999999898, -30.926175199999893 ], [ -53.5429518, -30.926287499999905 ], [ -53.542821499999903, -30.9263733 ], [ -53.5427055, -30.9264779 ], [ -53.542612, -30.926594 ], [ -53.542550499999898, -30.926710899999893 ], [ -53.5424891, -30.9268756 ], [ -53.5424278, -30.927088 ], [ -53.542381, -30.9274138 ], [ -53.542380299999898, -30.927632699999901 ], [ -53.542401799999901, -30.9278403 ], [ -53.5424455, -30.92803670000001 ], [ -53.542462699999902, -30.928336199999894 ], [ -53.542431399999899, -30.9286349 ], [ -53.5424487, -30.9290535 ], [ -53.5425131, -30.929464499999892 ], [ -53.542587, -30.929724899999897 ], [ -53.5426902, -30.9299804 ], [ -53.5428199, -30.930224100000011 ], [ -53.543010799999898, -30.9305017 ], [ -53.5432377, -30.930758399999895 ], [ -53.5434109, -30.930913299999897 ], [ -53.543643099999898, -30.931087999999896 ], [ -53.5439342, -30.9312826 ], [ -53.5444902999999, -30.9315885 ], [ -53.5450254, -30.9319211 ], [ -53.5455377, -30.9322794 ], [ -53.5459443, -30.932515099999897 ], [ -53.546368899999898, -30.932725999999899 ], [ -53.5468094, -30.932910999999898 ], [ -53.547251399999901, -30.9330658 ], [ -53.5477046, -30.933194899999904 ], [ -53.548166599999902, -30.9332975 ], [ -53.5487366999999, -30.9333859 ], [ -53.5493130999999, -30.933434099999904 ], [ -53.549892199999903, -30.933441899999902 ], [ -53.5504089, -30.933485699999896 ], [ -53.5509281, -30.9334916 ], [ -53.551445999999899, -30.9334595 ], [ -53.5520839, -30.933366599999911 ], [ -53.5524851, -30.933281099999888 ], [ -53.552873099999907, -30.9331584 ], [ -53.5532433, -30.9329999 ], [ -53.5536261, -30.9328899 ], [ -53.554019099999898, -30.9328106 ], [ -53.5547361, -30.9326993 ], [ -53.5550598, -30.932669099999899 ], [ -53.5553854, -30.9326725 ], [ -53.5556639, -30.932708799999904 ], [ -53.555952799999901, -30.9327686 ], [ -53.556252, -30.932852 ], [ -53.556535499999903, -30.932969199999899 ], [ -53.5568962, -30.9331519 ], [ -53.5574427, -30.9334655 ], [ -53.558158999999897, -30.933925399999985 ], [ -53.558661, -30.9343082 ], [ -53.559216, -30.9347415 ], [ -53.5596178, -30.934996899999891 ], [ -53.5600334, -30.935234299999905 ], [ -53.5603197, -30.935380499999987 ], [ -53.560513899999897, -30.935492199999903 ], [ -53.560616099999898, -30.935569299999905 ], [ -53.5607451, -30.9357024 ], [ -53.560814999999899, -30.9358027 ], [ -53.5608654, -30.9359099 ], [ -53.5608963, -30.9360239 ], [ -53.560911099999899, -30.9361969 ], [ -53.5608945, -30.9363718 ], [ -53.560849699999899, -30.9366474 ], [ -53.5607678, -30.936916499999896 ], [ -53.5606496999999, -30.937175399999898 ], [ -53.5603839, -30.9376847 ], [ -53.5601316999999, -30.9382482 ], [ -53.5598327, -30.9387943999999 ], [ -53.5596032999999, -30.939145199999899 ], [ -53.5591592, -30.939732299999889 ], [ -53.5583958, -30.9406807 ], [ -53.557960099999903, -30.9411842 ], [ -53.557718099999903, -30.9414566999999 ], [ -53.557583899999898, -30.9415832 ], [ -53.557440299999897, -30.941690499999908 ], [ -53.557199599999898, -30.9418224 ], [ -53.556939, -30.941922 ], [ -53.556727099999897, -30.941971899999903 ], [ -53.5565056, -30.941997899999905 ], [ -53.556286, -30.941998699999886 ], [ -53.556043, -30.941978199999902 ], [ -53.5558705, -30.941936499999894 ], [ -53.5557070999999, -30.941873299999902 ], [ -53.5555563, -30.9417898999999 ], [ -53.5554045, -30.9416729 ], [ -53.5552762, -30.9415365999999 ], [ -53.5551745, -30.9413845 ], [ -53.554939499999897, -30.941138399999893 ], [ -53.5546795, -30.940916699999899 ], [ -53.554262799999897, -30.940630199999902 ], [ -53.553772599999903, -30.9402817 ], [ -53.553571299999902, -30.9401462 ], [ -53.553351399999897, -30.9400343 ], [ -53.553116499999902, -30.939948 ], [ -53.5527799, -30.9398742999999 ], [ -53.552434499999897, -30.9398442 ], [ -53.552087599999901, -30.939858399999903 ], [ -53.551255, -30.939882 ], [ -53.550805, -30.9398595 ], [ -53.550468099999897, -30.9398328 ], [ -53.5502384, -30.9398467 ], [ -53.550012799999898, -30.9398864 ], [ -53.549795199999899, -30.939951 ], [ -53.5493906, -30.940041 ], [ -53.5487588, -30.940152599999987 ], [ -53.5484688, -30.9402142 ], [ -53.5481904, -30.9402560999999 ], [ -53.547923599999898, -30.9402782999999 ], [ -53.5474993, -30.940286699999891 ], [ -53.5470569, -30.940265899999904 ], [ -53.5467298, -30.940213599999911 ], [ -53.546445199999901, -30.940124499999985 ], [ -53.5462732, -30.940041999999895 ], [ -53.546015699999899, -30.9398782 ], [ -53.545496699999902, -30.9395008 ], [ -53.5448264, -30.939035600000011 ], [ -53.5443232, -30.938738 ], [ -53.543798299999899, -30.938469699999896 ], [ -53.5429232, -30.9380646 ], [ -53.5423883, -30.937848099999893 ], [ -53.5418232, -30.9376472 ], [ -53.5412281, -30.9374619 ], [ -53.540421299999899, -30.937233299999889 ], [ -53.539881, -30.937117199999904 ], [ -53.539507699999902, -30.937080299999895 ], [ -53.5391351, -30.9370731 ], [ -53.5386154, -30.937079099999895 ], [ -53.5383537, -30.937092 ], [ -53.538091699999903, -30.937135 ], [ -53.5378428, -30.9372059 ], [ -53.5376287, -30.9373007999999 ], [ -53.5373916, -30.9374321 ], [ -53.5371316, -30.9375999 ], [ -53.536619, -30.938000499999902 ], [ -53.5358404999999, -30.9385872 ], [ -53.5350968, -30.939178099999893 ], [ -53.534297, -30.939879899999898 ], [ -53.5332316, -30.9409297 ], [ -53.5322586999999, -30.941928399999902 ], [ -53.531840299999899, -30.942387799999903 ], [ -53.5315772, -30.9426989 ], [ -53.531469399999899, -30.9428617 ], [ -53.5314036, -30.9430229 ], [ -53.531362199999897, -30.9431901 ], [ -53.531340199999903, -30.943411 ], [ -53.5312824, -30.9438517 ], [ -53.5312628, -30.944221599999899 ], [ -53.531278799999903, -30.944387199999895 ], [ -53.531306399999899, -30.9445262 ], [ -53.5313455, -30.9446384 ], [ -53.531413799999903, -30.944745899999905 ], [ -53.531583199999901, -30.9449308 ], [ -53.5319085, -30.9452446 ], [ -53.5326014, -30.9458382 ], [ -53.532988299999907, -30.946148999999895 ], [ -53.5332776, -30.9463407 ], [ -53.5335861, -30.9465089 ], [ -53.533916, -30.9466563 ], [ -53.534268, -30.9467718 ], [ -53.5345081, -30.9468246 ], [ -53.534878, -30.946876099999898 ], [ -53.5355448, -30.94694079999989 ], [ -53.536885299999909, -30.9470069 ], [ -53.5376459, -30.9470264 ], [ -53.5384098, -30.947 ], [ -53.539166099999903, -30.946928199999899 ], [ -53.5396453, -30.946866699999912 ], [ -53.540120699999903, -30.9467763 ], [ -53.5405853, -30.946658100000011 ], [ -53.541259099999898, -30.9464305 ], [ -53.5418708999999, -30.9462113 ], [ -53.542428399999899, -30.946059499999897 ], [ -53.542921, -30.9459681 ], [ -53.543146099999902, -30.945945499999898 ], [ -53.543372299999902, -30.945958399999903 ], [ -53.543591999999897, -30.946006399999906 ], [ -53.5438311, -30.9460695 ], [ -53.544063299999898, -30.946157099999905 ], [ -53.5442793, -30.9462657999999 ], [ -53.5446636, -30.94651509999991 ], [ -53.5450771, -30.946727 ], [ -53.5453689, -30.946841499999891 ], [ -53.545623099999901, -30.9469644 ], [ -53.5458396, -30.9470956 ], [ -53.545993699999897, -30.9472107 ], [ -53.5461031, -30.9473338 ], [ -53.5462002, -30.9475116 ], [ -53.546285, -30.9477034 ], [ -53.546341599999899, -30.9479064 ], [ -53.546372899999909, -30.9481273 ], [ -53.5463831, -30.948413899999899 ], [ -53.5463448, -30.948723 ], [ -53.546253099999902, -30.94903079999991 ], [ -53.546101899999897, -30.9493762 ], [ -53.5458929, -30.9497216 ], [ -53.545712, -30.9499925 ], [ -53.54550649999991, -30.95025 ], [ -53.5452777, -30.950492499999896 ], [ -53.5450830999999, -30.950646699999897 ], [ -53.544803199999897, -30.9508175 ], [ -53.5442738, -30.9511942 ], [ -53.5437702, -30.951586 ], [ -53.543224699999897, -30.951941099999896 ], [ -53.5426497, -30.952251299999901 ], [ -53.5419942, -30.9525702 ], [ -53.5410527, -30.9529826 ], [ -53.540351799999897, -30.953271599999891 ], [ -53.5399608, -30.9534022 ], [ -53.5396875, -30.953458499999989 ], [ -53.5394092, -30.9534919 ], [ -53.5390786, -30.953510200000011 ], [ -53.5387448, -30.953503099999985 ], [ -53.5380284, -30.9534275 ], [ -53.5366043, -30.953221 ], [ -53.5357182, -30.953058699999904 ], [ -53.5345558, -30.9527672 ], [ -53.533751, -30.952532699999896 ], [ -53.533273999999899, -30.9524238 ], [ -53.53291, -30.9523751 ], [ -53.5323614, -30.9523517 ], [ -53.531663099999903, -30.9523581 ], [ -53.531343999999898, -30.9523689 ], [ -53.5310274, -30.952404300000012 ], [ -53.5307156, -30.952464 ], [ -53.5304231, -30.9525474 ], [ -53.5301383, -30.952654 ], [ -53.5299534, -30.9527469 ], [ -53.5297563, -30.9528187 ], [ -53.5295503, -30.9528683 ], [ -53.529216, -30.952919 ], [ -53.528883, -30.9529305 ], [ -53.5281802, -30.95293639999991 ], [ -53.5278023, -30.952906299999896 ], [ -53.5275405, -30.9528505 ], [ -53.5272849, -30.952765699999897 ], [ -53.5270474, -30.9526557 ], [ -53.5267517, -30.952479899999989 ], [ -53.5265722, -30.952338799999893 ], [ -53.5264117, -30.9521817 ], [ -53.5262721, -30.952010399999899 ], [ -53.526165499999898, -30.951830599999916 ], [ -53.5260861, -30.9516369 ], [ -53.526037899999899, -30.951439299999905 ], [ -53.525994399999902, -30.9510809 ], [ -53.5259837, -30.9507386 ], [ -53.5260074, -30.950319299999897 ], [ -53.526075999999897, -30.9497787 ], [ -53.5262091, -30.9492018 ], [ -53.5263376999999, -30.948799599999987 ], [ -53.5265237, -30.9484078999999 ], [ -53.5267234, -30.948093700000012 ], [ -53.5269542, -30.947795599999896 ], [ -53.527276399999899, -30.9474466 ], [ -53.5278729, -30.946717 ], [ -53.5281628, -30.946296 ], [ -53.5283143999999, -30.9460005 ], [ -53.5284263, -30.9456963 ], [ -53.5284870999999, -30.945467699999899 ], [ -53.5285195, -30.945232099999899 ], [ -53.5285223, -30.9449976 ], [ -53.5284904, -30.9448194 ], [ -53.528428399999903, -30.9446434 ], [ -53.5283401, -30.944479999999899 ], [ -53.5281386999999, -30.9442319 ], [ -53.5279125, -30.943997500000016 ], [ -53.5276507, -30.943767199999989 ], [ -53.527411899999898, -30.943519 ], [ -53.5271978, -30.943254599999904 ], [ -53.526779099999899, -30.9427019 ], [ -53.5265312, -30.942397099999912 ], [ -53.5262491, -30.9421108 ], [ -53.5259402, -30.9418506 ], [ -53.525635, -30.941634599999897 ], [ -53.5253078, -30.941439699999901 ], [ -53.5248486, -30.941225 ], [ -53.5243935, -30.941049399999894 ], [ -53.5238164, -30.9408146 ], [ -53.5233514, -30.940603 ], [ -53.5231497, -30.9404845 ], [ -53.5229853, -30.9403702 ], [ -53.522858299999903, -30.94026 ], [ -53.5226754, -30.9400244 ], [ -53.5225381, -30.9397668 ], [ -53.5224497, -30.9394937 ], [ -53.5223576, -30.939105799999901 ], [ -53.5222922, -30.9386296 ], [ -53.5222535999999, -30.9380649 ], [ -53.5221303, -30.9372231 ], [ -53.521942399999901, -30.9363903 ], [ -53.5218239, -30.9358243 ], [ -53.5216545, -30.9352646 ], [ -53.5214372, -30.9347208 ], [ -53.521212499999898, -30.9342599 ], [ -53.5210216, -30.933922999999897 ], [ -53.5208691999999, -30.9337135 ], [ -53.520725, -30.933575499999989 ], [ -53.5205559, -30.933458899999899 ], [ -53.520372199999898, -30.933369599999896 ], [ -53.5200253, -30.9332544 ], [ -53.519855999999898, -30.9332228 ], [ -53.5196787, -30.933214599999893 ], [ -53.5195065, -30.933230299999906 ], [ -53.5193446, -30.9332734 ], [ -53.5190651, -30.933382299999892 ], [ -53.518668, -30.9335568 ], [ -53.5178867, -30.9339368 ], [ -53.5174082999999, -30.934215499999898 ], [ -53.5171405, -30.9344179 ], [ -53.5168945, -30.934639999999895 ], [ -53.5166723, -30.934879899999899 ], [ -53.5162347, -30.9354112 ], [ -53.515897499999902, -30.935885799999898 ], [ -53.515660599999897, -30.936305499999897 ], [ -53.5154666, -30.936724599999899 ], [ -53.5151868, -30.9373768 ], [ -53.5149069, -30.9380643 ], [ -53.5147858, -30.9383768 ], [ -53.514705299999903, -30.9386989 ], [ -53.514666599999899, -30.939026699999904 ], [ -53.5146563, -30.9394457 ], [ -53.5146966, -30.940159499999897 ], [ -53.5146802, -30.940877199999903 ], [ -53.514664, -30.941212199999892 ], [ -53.5146161, -30.941544899999904 ], [ -53.514536899999896, -30.941873 ], [ -53.514437299999898, -30.9421528 ], [ -53.5143107, -30.9424218999999 ], [ -53.5141146, -30.9427511 ], [ -53.5138664, -30.9430608 ], [ -53.5135903, -30.943332699999893 ], [ -53.5133142, -30.9435751 ], [ -53.5129608, -30.9438335 ], [ -53.512687399999898, -30.943994499999988 ], [ -53.5124488, -30.944093199999898 ], [ -53.5122944, -30.944123 ], [ -53.5121364, -30.9441315 ], [ -53.5119419, -30.944114699999894 ], [ -53.511556599999899, -30.944056499999899 ], [ -53.5110953, -30.943940199999911 ], [ -53.510501, -30.943725599999912 ], [ -53.5100159, -30.9435114999999 ], [ -53.5096336, -30.943303 ], [ -53.5094609, -30.9431792 ], [ -53.5092074, -30.9429559 ], [ -53.5088731, -30.9426331999999 ], [ -53.5084333, -30.942106399999894 ], [ -53.5081845, -30.9417306 ], [ -53.5075164, -30.940880600000011 ], [ -53.506264, -30.9393405 ], [ -53.505770599999899, -30.9386989 ], [ -53.505547, -30.938449200000012 ], [ -53.5054349, -30.938359499999901 ], [ -53.5053182999999, -30.9382878 ], [ -53.505192399999899, -30.9382348 ], [ -53.505061, -30.9381956 ], [ -53.5049241, -30.9381703 ], [ -53.504784099999902, -30.938174199999896 ], [ -53.5045885, -30.9382039 ], [ -53.504337399999898, -30.938259399999904 ], [ -53.5040994, -30.938348 ], [ -53.503870699999908, -30.938452 ], [ -53.5035424, -30.9386276 ], [ -53.5028569, -30.9389368 ], [ -53.5024756, -30.93914280000001 ], [ -53.502173399999897, -30.939343 ], [ -53.5018961, -30.939564399999899 ], [ -53.5017035, -30.939735299999903 ], [ -53.501533799999898, -30.939927899999912 ], [ -53.5013944, -30.940133699999905 ], [ -53.501306499999899, -30.9403497 ], [ -53.5012752, -30.9405 ], [ -53.5012583, -30.940696699999897 ], [ -53.501257199999898, -30.9410212 ], [ -53.501311299999898, -30.941669199999989 ], [ -53.5014113, -30.9425314 ], [ -53.501554499999898, -30.9433892 ], [ -53.5017698999999, -30.9445491 ], [ -53.5020547, -30.945701 ], [ -53.5025421, -30.9472984 ], [ -53.5028612999999, -30.9483761 ], [ -53.503096099999901, -30.9490256 ], [ -53.503210399999901, -30.9494121 ], [ -53.5032849, -30.9498057 ], [ -53.5033212, -30.950397699999904 ], [ -53.503331, -30.950810299999908 ], [ -53.5033002, -30.951087 ], [ -53.5032396, -30.95136 ], [ -53.5031498, -30.951627 ], [ -53.502967, -30.951988099999898 ], [ -53.502730799999902, -30.952325399999893 ], [ -53.5024452, -30.9526331 ], [ -53.5018254, -30.9532588 ], [ -53.5005983, -30.954519499999897 ], [ -53.5000332, -30.955161099999891 ], [ -53.4996954, -30.9556165 ], [ -53.4994273, -30.9560107 ], [ -53.499228899999899, -30.9563436 ], [ -53.498896199999898, -30.956826299999886 ], [ -53.4985296, -30.9572904 ], [ -53.4980153, -30.9580515 ], [ -53.4977236, -30.9585116 ], [ -53.497473, -30.958989299999896 ], [ -53.4971235, -30.9597563 ], [ -53.4967942, -30.960413899999899 ], [ -53.4965918, -30.960725899999904 ], [ -53.496494799999901, -30.96085029999989 ], [ -53.496425299999899, -30.960913499999904 ], [ -53.496256699999897, -30.961019099999895 ], [ -53.4961026, -30.9610809 ], [ -53.4959388, -30.961119799999899 ], [ -53.4957256, -30.9611368 ], [ -53.4952967, -30.9611128 ], [ -53.494829599999903, -30.9610451 ], [ -53.494374299999897, -30.9609325 ], [ -53.4933922, -30.9606772 ], [ -53.4924963, -30.960385899999896 ], [ -53.4918653, -30.9601524999999 ], [ -53.4914318, -30.959976099999906 ], [ -53.491195699999899, -30.9598569 ], [ -53.4908564999999, -30.959653999999894 ], [ -53.4905383, -30.9594306 ], [ -53.4901103, -30.959067199999897 ], [ -53.4898593, -30.958798699999896 ], [ -53.489584, -30.958548499999893 ], [ -53.4892861, -30.9583182 ], [ -53.488896, -30.958067099999901 ], [ -53.4884833, -30.9578521 ], [ -53.487816, -30.9575234 ], [ -53.4871233, -30.9572304 ], [ -53.4864133, -30.9569764 ], [ -53.4856455, -30.9567511 ], [ -53.4849735, -30.9565873 ], [ -53.4844027, -30.956489299999898 ], [ -53.484112099999898, -30.9564718 ], [ -53.483851899999898, -30.956472699999896 ], [ -53.483622099999899, -30.9564918 ], [ -53.483375099999897, -30.956551799999907 ], [ -53.483136, -30.9566455 ], [ -53.4827723, -30.9568234 ], [ -53.4825175, -30.956961799999902 ], [ -53.4823714999999, -30.9570606 ], [ -53.4821838, -30.957238 ], [ -53.4820655, -30.9574013 ], [ -53.4819843, -30.957579699999894 ], [ -53.4819421, -30.9577686 ], [ -53.4819095, -30.9579773 ], [ -53.4819026, -30.958187699999897 ], [ -53.481921499999899, -30.958397499999901 ], [ -53.4819815, -30.9588916 ], [ -53.481995, -30.959024699999894 ], [ -53.4820384, -30.959152399999905 ], [ -53.4821105, -30.959270699999898 ], [ -53.4822227, -30.9593742 ], [ -53.482363399999905, -30.9594476 ], [ -53.4825445, -30.959512199999907 ], [ -53.4827109, -30.959600599999909 ], [ -53.4828593, -30.959711 ], [ -53.4829495, -30.9598098 ], [ -53.4830188, -30.959920600000011 ], [ -53.483065, -30.9600399 ], [ -53.483198699999903, -30.9602341 ], [ -53.4834026999999, -30.960538 ], [ -53.483510399999901, -30.960674599999898 ], [ -53.4835952, -30.960822499999896 ], [ -53.4836556, -30.960979199999894 ], [ -53.483690399999901, -30.9611414 ], [ -53.4837173, -30.961334899999912 ], [ -53.483716399999899, -30.9615297 ], [ -53.483687599999897, -30.9617229 ], [ -53.4836314, -30.9619117 ], [ -53.4835064, -30.9623382 ], [ -53.483345, -30.9627558 ], [ -53.4830964, -30.9635016 ], [ -53.4828992, -30.964258399999903 ], [ -53.482799499999899, -30.964629699999907 ], [ -53.4827547, -30.96500819999989 ], [ -53.482765399999899, -30.965389199999908 ], [ -53.4827235, -30.965751899999898 ], [ -53.482686999999899, -30.965935199999901 ], [ -53.4826264, -30.966113499999899 ], [ -53.4825423999999, -30.9662848 ], [ -53.4824194, -30.966445 ], [ -53.482264, -30.966582699999901 ], [ -53.482081499999907, -30.966693 ], [ -53.4818579, -30.9667547 ], [ -53.481645399999898, -30.9668407 ], [ -53.481447499999902, -30.9669496 ], [ -53.481267699999897, -30.967079699999893 ], [ -53.480948899999902, -30.967277099999894 ], [ -53.4805827, -30.9674704 ], [ -53.4802782, -30.967593899999905 ], [ -53.4800036, -30.9676752 ], [ -53.479729899999903, -30.9677288 ], [ -53.4794542, -30.967758199999899 ], [ -53.47905, -30.967744299999897 ], [ -53.4786442, -30.967680599999898 ], [ -53.478260299999903, -30.96757089999991 ], [ -53.477696299999899, -30.9673849 ], [ -53.4770435, -30.967136099999895 ], [ -53.4758583999999, -30.9666644 ], [ -53.4752774, -30.966408499999897 ], [ -53.4749657999999, -30.9662542 ], [ -53.4748137999999, -30.9661543 ], [ -53.4746564, -30.9660137 ], [ -53.474522, -30.965856299999892 ], [ -53.474412899999905, -30.965685 ], [ -53.474303, -30.9654714 ], [ -53.4742208, -30.9652488 ], [ -53.4741672, -30.965019799999901 ], [ -53.4740386, -30.9645426 ], [ -53.473948199999903, -30.964056599999889 ], [ -53.4738972, -30.9635686 ], [ -53.4738881, -30.963002399999898 ], [ -53.4738579, -30.962530199999893 ], [ -53.4738067, -30.962152199999899 ], [ -53.4736758, -30.961592499999892 ], [ -53.4734918999999, -30.9610441 ], [ -53.4733897999999, -30.9605445 ], [ -53.4732741, -30.960208399999892 ], [ -53.4731212, -30.959880199999905 ], [ -53.4729349, -30.959568499999893 ], [ -53.4726848, -30.959231299999892 ], [ -53.4724828, -30.959024499999909 ], [ -53.4722568, -30.958837 ], [ -53.472009199999903, -30.95867109999989 ], [ -53.471695699999898, -30.9584407 ], [ -53.4714035, -30.9581903 ], [ -53.471134199999902, -30.9579216 ], [ -53.4707786, -30.9574904 ], [ -53.470490799999908, -30.9571121 ], [ -53.470337599999901, -30.9568363 ], [ -53.4702199, -30.9565479 ], [ -53.470139, -30.956250199999904 ], [ -53.470094199999899, -30.956021 ], [ -53.4700859, -30.955784299999902 ], [ -53.4701143, -30.9555531 ], [ -53.4701741, -30.9553248 ], [ -53.4702472, -30.955177499999895 ], [ -53.470344699999899, -30.9550411 ], [ -53.4704644, -30.954918599999889 ], [ -53.4707253, -30.9546802 ], [ -53.4710185, -30.9544716 ], [ -53.4713394, -30.9542958 ], [ -53.4719406, -30.9539988 ], [ -53.4725662, -30.953755099999988 ], [ -53.4734041, -30.9533809 ], [ -53.4742661, -30.95305 ], [ -53.475149299999906, -30.9527634999999 ], [ -53.4757334, -30.9525414 ], [ -53.4760014, -30.9524286 ], [ -53.476249, -30.952285299999986 ], [ -53.476397399999897, -30.9521713 ], [ -53.4765436, -30.952033 ], [ -53.4766877, -30.9518707 ], [ -53.4768475, -30.9516429 ], [ -53.4769618999999, -30.9514356 ], [ -53.4770162, -30.951269599999893 ], [ -53.477047399999897, -30.95104220000001 ], [ -53.477039499999897, -30.950869899999901 ], [ -53.4770047, -30.9507 ], [ -53.4769436999999, -30.9505358 ], [ -53.476785699999901, -30.9502062 ], [ -53.4766398, -30.949999299999895 ], [ -53.4764652, -30.9498095 ], [ -53.4763313999999, -30.949696500000012 ], [ -53.476194399999898, -30.949607399999902 ], [ -53.476054, -30.9495423 ], [ -53.4758323, -30.949469699999987 ], [ -53.4756771, -30.9494381 ], [ -53.475400299999897, -30.9494276 ], [ -53.4749963, -30.9494382 ], [ -53.4745088, -30.9494255 ], [ -53.4742663, -30.9493977 ], [ -53.474028, -30.949353099999904 ], [ -53.473793999999899, -30.949291699999907 ], [ -53.473286, -30.9492068 ], [ -53.4728428, -30.949155099999885 ], [ -53.4724312, -30.9491307 ], [ -53.4720513, -30.9491336 ], [ -53.4716741, -30.9490938 ], [ -53.471301599999897, -30.9490329 ], [ -53.470933699999897, -30.948951099999903 ], [ -53.4704364, -30.9488006 ], [ -53.4701175, -30.948665699999907 ], [ -53.4698149, -30.9485051999999 ], [ -53.4695315, -30.948320599999899 ], [ -53.469016199999899, -30.948034699999905 ], [ -53.4685226, -30.9477175 ], [ -53.4680576, -30.947373399999893 ], [ -53.467776899999897, -30.9471599 ], [ -53.4675222, -30.9469235 ], [ -53.467295799999903, -30.9466664999999 ], [ -53.467123, -30.9463936 ], [ -53.4669203, -30.946136399999894 ], [ -53.466689599999903, -30.9458974 ], [ -53.466319999999897, -30.945568 ], [ -53.465891499999898, -30.945255299999893 ], [ -53.4654378, -30.9449701 ], [ -53.4649613, -30.944714099999889 ], [ -53.464612299999899, -30.944543699999905 ], [ -53.464249, -30.9444051 ], [ -53.4639213, -30.944306299999905 ], [ -53.4635771, -30.944241299999902 ], [ -53.4632314, -30.944212999999898 ], [ -53.462774599999896, -30.944196099999907 ], [ -53.4622188, -30.9442152 ], [ -53.4612935, -30.9443006 ], [ -53.4602714, -30.9444397 ], [ -53.4593816, -30.944572999999892 ], [ -53.45820769999991, -30.944811 ], [ -53.4573831, -30.9450074 ], [ -53.4569387, -30.9451544 ], [ -53.456726699999898, -30.9452469 ], [ -53.456560099999898, -30.945344299999899 ], [ -53.4564083, -30.9454583 ], [ -53.456258799999901, -30.945606499999894 ], [ -53.4561381, -30.945768299999902 ], [ -53.456038, -30.9459577 ], [ -53.4559801, -30.946168 ], [ -53.4559692, -30.946358 ], [ -53.4559935999999, -30.946483 ], [ -53.456097999999898, -30.9467167 ], [ -53.456220899999899, -30.946944899999895 ], [ -53.4563401999999, -30.947126199999989 ], [ -53.456456, -30.9472605 ], [ -53.456648899999898, -30.9474471 ], [ -53.456923699999898, -30.9476705 ], [ -53.457453299999898, -30.9481349 ], [ -53.457744799999901, -30.9483969 ], [ -53.457934, -30.948528 ], [ -53.4581324, -30.948632299999897 ], [ -53.4583436, -30.948716 ], [ -53.4585647, -30.948777699999898 ], [ -53.458865199999899, -30.948843 ], [ -53.4591214, -30.9488842 ], [ -53.4593335, -30.948901299999907 ], [ -53.4596443, -30.9489646 ], [ -53.4599421, -30.9490643 ], [ -53.4601658999999, -30.949172099999895 ], [ -53.460372999999898, -30.949302299999896 ], [ -53.4605604, -30.9494531 ], [ -53.460746899999897, -30.949647699999989 ], [ -53.460900599999903, -30.9498626 ], [ -53.4610185, -30.950093599999899 ], [ -53.4612442, -30.950517299999891 ], [ -53.4615011, -30.9509297 ], [ -53.4617863, -30.951326 ], [ -53.4622646, -30.9518881 ], [ -53.4627106, -30.9524547 ], [ -53.463115899999899, -30.9530468 ], [ -53.4634756, -30.9536572 ], [ -53.463600799999909, -30.953919500000012 ], [ -53.4636852, -30.9541935 ], [ -53.463713299999903, -30.954381 ], [ -53.463723, -30.954602 ], [ -53.4637142999999, -30.954856499999906 ], [ -53.4636667, -30.9552363 ], [ -53.4635847, -30.9556117 ], [ -53.4634376, -30.9560842 ], [ -53.46324, -30.9565471 ], [ -53.463134899999901, -30.956810699999899 ], [ -53.4629929, -30.957061199999895 ], [ -53.4628752, -30.957217 ], [ -53.462783, -30.9573205 ], [ -53.4627164, -30.957372 ], [ -53.4626018, -30.957432099999902 ], [ -53.462476299999899, -30.9574731 ], [ -53.4622947, -30.95750880000001 ], [ -53.462108699999909, -30.9575151 ], [ -53.4619245, -30.9574918 ], [ -53.461774799999901, -30.9574496 ], [ -53.4616346, -30.9573879 ], [ -53.4615072, -30.9573081 ], [ -53.4612094, -30.957103 ], [ -53.4608894, -30.9569245 ], [ -53.460550199999901, -30.956774499999895 ], [ -53.4600194, -30.956607699999896 ], [ -53.459642, -30.9565296 ], [ -53.459257799999897, -30.956481799999892 ], [ -53.4588702, -30.956464599999908 ], [ -53.4582773, -30.956467599999893 ], [ -53.4576905, -30.9565115 ], [ -53.4573885, -30.9565378 ], [ -53.457137799999899, -30.956574799999906 ], [ -53.4569384, -30.9566225999999 ], [ -53.456565199999901, -30.956775700000016 ], [ -53.456157699999899, -30.9569885 ], [ -53.455867399999903, -30.95717749999989 ], [ -53.4555551999999, -30.957419399999896 ], [ -53.455221299999906, -30.957714199999902 ], [ -53.455019799999903, -30.9579252 ], [ -53.4548497, -30.9581516 ], [ -53.4546913, -30.958436699999904 ], [ -53.4545624, -30.9587877 ], [ -53.4543687, -30.9595057 ], [ -53.4542738, -30.9599977 ], [ -53.4542471, -30.960339099999903 ], [ -53.454251999999897, -30.960681099999899 ], [ -53.4542883, -30.9610218 ], [ -53.4543972, -30.9615117 ], [ -53.4546038, -30.962526 ], [ -53.4547578, -30.9634374 ], [ -53.4548091, -30.9638955 ], [ -53.4548156, -30.96425629999991 ], [ -53.4547896, -30.9646164 ], [ -53.454712899999898, -30.9650581 ], [ -53.454615299999901, -30.965409 ], [ -53.454486599999903, -30.9657523 ], [ -53.4543274, -30.966086 ], [ -53.4541618, -30.9664111 ], [ -53.4539601, -30.966724299999985 ], [ -53.453727399999906, -30.9670173 ], [ -53.4535263, -30.9672419 ], [ -53.4532872999999, -30.9674446 ], [ -53.45302370000001, -30.9676145 ], [ -53.4527863, -30.9677258 ], [ -53.45253, -30.9678112 ], [ -53.452267499999898, -30.9678665 ], [ -53.451889799999897, -30.967894600000012 ], [ -53.451521899999896, -30.967913199999899 ], [ -53.451206199999902, -30.9679115 ], [ -53.4509429, -30.9678895 ], [ -53.450556199999902, -30.9678127 ], [ -53.4503083, -30.967733199999895 ], [ -53.449912599999905, -30.967567 ], [ -53.4491505, -30.9671858 ], [ -53.4474403, -30.9662731 ], [ -53.445755, -30.9654366 ], [ -53.444917, -30.965011499999907 ], [ -53.4444859, -30.964778 ], [ -53.4442519, -30.9646303 ], [ -53.4439204, -30.9643836999999 ], [ -53.4436147, -30.9641169 ], [ -53.443365, -30.963875399999896 ], [ -53.4431116, -30.964082399999889 ], [ -53.442759099999897, -30.964234 ], [ -53.442441899999899, -30.9642974 ], [ -53.4397852, -30.9647486 ], [ -53.4392182, -30.964334 ], [ -53.4356486, -30.9603074999999 ], [ -53.434705199999897, -30.959664799999903 ], [ -53.4339485, -30.959473799999987 ], [ -53.432755299999897, -30.960357899999988 ], [ -53.4316130999999, -30.963590899999904 ], [ -53.429769899999897, -30.9671121 ], [ -53.4314893, -30.967528199999904 ], [ -53.4321562, -30.9678595 ], [ -53.433799399999899, -30.970027699999907 ], [ -53.433988199999902, -30.971200199999902 ], [ -53.4324776999999, -30.975272199999903 ], [ -53.432844499999902, -30.9762713 ], [ -53.4363433, -30.9772788 ], [ -53.4388216, -30.9768539 ], [ -53.4393082, -30.9765169 ], [ -53.441232399999897, -30.9739827 ], [ -53.4477777, -30.9720518 ], [ -53.4476769, -30.975372299999901 ], [ -53.447988699999904, -30.9763126 ], [ -53.4491694, -30.9783398 ], [ -53.449961899999899, -30.9817877 ], [ -53.449609699999897, -30.982411199999898 ], [ -53.448567099999899, -30.982574499999899 ], [ -53.44656650000001, -30.9800306 ], [ -53.444487599999903, -30.9794742 ], [ -53.441377499999902, -30.979981199999894 ], [ -53.446066099999904, -30.986024600000011 ], [ -53.445906099999902, -30.987973899999904 ], [ -53.4436358, -30.988241 ], [ -53.4417604, -30.986493999999897 ], [ -53.4374634, -30.985142299999907 ], [ -53.4369702, -30.985335899999892 ], [ -53.436572399999903, -30.987635899999908 ], [ -53.438076, -30.992076399999988 ], [ -53.439333, -30.9919745 ], [ -53.4447139, -30.99263 ], [ -53.446518, -30.991887299999988 ], [ -53.4472842, -30.991743599999893 ], [ -53.4496995, -30.994313599999877 ], [ -53.4496642, -30.994817699999885 ], [ -53.4506483, -30.99574 ], [ -53.4578312, -30.9940341 ], [ -53.4587308, -30.994366199999892 ], [ -53.4588388, -30.995458 ], [ -53.4575119, -30.9966277 ], [ -53.4552184, -30.997999799999896 ], [ -53.4541934, -30.999084099999887 ], [ -53.4532194, -31.0020519 ], [ -53.450822699999897, -31.004953199999896 ], [ -53.450713999999898, -31.0054777 ], [ -53.4510079, -31.005899199999899 ], [ -53.4518067, -31.0062986 ], [ -53.4527021, -31.0064548 ], [ -53.456148, -31.005772099999895 ], [ -53.457472499999909, -31.006161899999896 ], [ -53.463482199999902, -31.013071599999897 ], [ -53.462999, -31.0138885 ], [ -53.4582598, -31.016374299999896 ], [ -53.4556537, -31.0162794999999 ], [ -53.453029399999899, -31.0144266 ], [ -53.4522707, -31.0124933 ], [ -53.4514933, -31.012189599999893 ], [ -53.4488812, -31.0129848 ], [ -53.4480086, -31.0137622 ], [ -53.446134599999901, -31.0149258 ], [ -53.446572499999903, -31.0161687 ], [ -53.4506751, -31.016630899999893 ], [ -53.4548669, -31.020012 ], [ -53.4554998, -31.0201418 ], [ -53.458098999999898, -31.0218502 ], [ -53.4588573, -31.022216899999897 ], [ -53.462467499999903, -31.0223808 ], [ -53.4660454, -31.0182088 ], [ -53.467579699999902, -31.0180212 ], [ -53.468876899999898, -31.0188537 ], [ -53.4696456, -31.0195982 ], [ -53.4693004, -31.0202904 ], [ -53.4683055, -31.021039399999893 ], [ -53.464067, -31.0230864 ], [ -53.460740299999898, -31.0276201 ], [ -53.4636513, -31.0290573 ], [ -53.468434, -31.025238499999904 ], [ -53.4700549, -31.0260794 ], [ -53.4719107, -31.025526 ], [ -53.470472099999903, -31.0280862 ], [ -53.4714671999999, -31.0320579 ], [ -53.473509099999902, -31.0327336 ], [ -53.4759371, -31.029094299999901 ], [ -53.4757131, -31.028507999999892 ], [ -53.475678899999899, -31.0274788 ], [ -53.4768536, -31.0273735 ], [ -53.4781841, -31.0271155 ], [ -53.479281, -31.028028199999898 ], [ -53.480108, -31.027915199999903 ], [ -53.481739499999897, -31.0268232 ], [ -53.4826765, -31.0278696 ], [ -53.4804204, -31.0305753 ], [ -53.4786716, -31.0310689 ], [ -53.4765408, -31.0332501 ], [ -53.481250799999899, -31.0352381 ], [ -53.4852222, -31.0345748 ], [ -53.489380599999897, -31.0355582 ], [ -53.4908483, -31.037496 ], [ -53.489321, -31.038683199999987 ], [ -53.4843342, -31.0380221 ], [ -53.483644399999903, -31.0385244 ], [ -53.4839827, -31.0391202 ], [ -53.4852222, -31.0400316 ], [ -53.4857099, -31.0408967 ], [ -53.4856311, -31.041721599999988 ], [ -53.4864868, -31.0473991 ], [ -53.485584199999899, -31.0477013 ], [ -53.484161399999898, -31.047539599999897 ], [ -53.481600399999898, -31.0447703 ], [ -53.4805428, -31.0446749 ], [ -53.4798592, -31.0455615 ], [ -53.4807817, -31.0467963 ], [ -53.480088599999902, -31.049806 ], [ -53.4779432999999, -31.0537974 ], [ -53.475149799999897, -31.0546285 ], [ -53.474360499999896, -31.0554677 ], [ -53.4750912, -31.058623899999901 ], [ -53.4771574, -31.0593799 ], [ -53.478309899999907, -31.060134999999885 ], [ -53.48062010000001, -31.0601543 ], [ -53.481820899999903, -31.060337699999902 ], [ -53.4847769, -31.0579332 ], [ -53.4869021, -31.057084899999907 ], [ -53.487917099999898, -31.057905999999896 ], [ -53.488320799999897, -31.0594184 ], [ -53.4872444, -31.060074299999901 ], [ -53.486500299999904, -31.0634203 ], [ -53.4817642, -31.065176300000012 ], [ -53.4792808999999, -31.067873899999892 ], [ -53.4792452, -31.068856899999986 ], [ -53.481398399999897, -31.070609 ], [ -53.4868623999999, -31.070334999999893 ], [ -53.4879068, -31.0739081 ], [ -53.4895552, -31.0772239 ], [ -53.487813, -31.0794907 ], [ -53.4845263, -31.0809045 ], [ -53.483567299999898, -31.0807338 ], [ -53.4794737, -31.0830812999999 ], [ -53.475826299999902, -31.083912499999894 ], [ -53.4745679, -31.0853812 ], [ -53.474764, -31.0874699 ], [ -53.4745555, -31.08879039999989 ], [ -53.4748792, -31.0895773 ], [ -53.4780731, -31.091609699999903 ], [ -53.4786167, -31.0914721 ], [ -53.479092099999903, -31.0903989 ], [ -53.478544999999897, -31.088680300000011 ], [ -53.4821291, -31.0864093 ], [ -53.4826753, -31.085207399999902 ], [ -53.485690599999899, -31.0838206 ], [ -53.4865717, -31.0840703 ], [ -53.4872377, -31.0878638 ], [ -53.4861046, -31.089456599999895 ], [ -53.4857727999999, -31.090731499999908 ], [ -53.486464199999901, -31.097045099999903 ], [ -53.4826975, -31.100842499999889 ], [ -53.4821075, -31.101778099999901 ], [ -53.4826973999999, -31.102606599999902 ], [ -53.4844507, -31.102273599999904 ], [ -53.4854774, -31.1027602999999 ], [ -53.487667299999899, -31.1019572 ], [ -53.489312299999902, -31.103447499999987 ], [ -53.492111399999906, -31.1041701 ], [ -53.4959514, -31.1040977 ], [ -53.496732, -31.1061435999999 ], [ -53.4961999, -31.106675499999888 ], [ -53.4953055, -31.1065196 ], [ -53.4929766, -31.111986999999896 ], [ -53.4916069, -31.1120979 ], [ -53.4877878, -31.110549499999895 ], [ -53.4859987, -31.111078099999901 ], [ -53.4854352, -31.112734499999888 ], [ -53.482413, -31.112717 ], [ -53.4814071, -31.113007 ], [ -53.480491599999901, -31.113641899999905 ], [ -53.4811078, -31.1156124 ], [ -53.482706999999898, -31.1162952 ], [ -53.4852537, -31.1181986 ], [ -53.4854217, -31.1189244 ], [ -53.485169, -31.119707199999898 ], [ -53.480871599999901, -31.1212485 ], [ -53.4806892, -31.122029699999906 ], [ -53.4823901, -31.1242814 ], [ -53.4832648, -31.126738199999984 ], [ -53.485945699999903, -31.1284941 ], [ -53.486329, -31.129931499999905 ], [ -53.4883589, -31.1309226999999 ], [ -53.4888875, -31.1316707 ], [ -53.4926035, -31.133441399999988 ], [ -53.493986499999899, -31.1320669 ], [ -53.499018799999902, -31.1321912 ], [ -53.498603499999902, -31.1334027 ], [ -53.4957338, -31.139124099999897 ], [ -53.4966186999999, -31.1427055 ], [ -53.495638299999897, -31.143295099999893 ], [ -53.4934034, -31.142931 ], [ -53.4927441, -31.1434633 ], [ -53.492550799999897, -31.145306900000012 ], [ -53.491883599999902, -31.146141300000011 ], [ -53.492083599999901, -31.149536 ], [ -53.4893979, -31.1508944999999 ], [ -53.4887997, -31.151550499999892 ], [ -53.4888799, -31.153816499999895 ], [ -53.4907481, -31.154732099999887 ], [ -53.4917057, -31.1541262 ], [ -53.4929404, -31.154074299999898 ], [ -53.4943144, -31.154647 ], [ -53.49632, -31.1561619 ], [ -53.4984013, -31.156470399999904 ], [ -53.5019372, -31.1557978 ], [ -53.503492799999897, -31.156966399999899 ], [ -53.5037088999999, -31.158554599999903 ], [ -53.503273299999897, -31.1612334 ], [ -53.5016323, -31.1643630999999 ], [ -53.5020732, -31.1648807 ], [ -53.502528799999901, -31.1654146 ], [ -53.50406, -31.1656541 ], [ -53.506040299999903, -31.1646488 ], [ -53.5077955, -31.1643606 ], [ -53.508328400000011, -31.1659771 ], [ -53.5089222, -31.1677814 ], [ -53.5105199, -31.1691764 ], [ -53.5117635, -31.168645399999903 ], [ -53.515194, -31.1656748 ], [ -53.517159499999899, -31.167970399999898 ], [ -53.5159312, -31.1698309 ], [ -53.5159719, -31.1721472 ], [ -53.5170792, -31.173266199999897 ], [ -53.5216467, -31.176557199999902 ], [ -53.5217119, -31.178186299999894 ], [ -53.5197868, -31.1790351 ], [ -53.5171718, -31.1791984 ], [ -53.5145148, -31.178328899999897 ], [ -53.5122347, -31.1782355 ], [ -53.5105679, -31.1778017 ], [ -53.5058543, -31.1729945 ], [ -53.504441299999897, -31.1732109 ], [ -53.504021899999898, -31.174982499999899 ], [ -53.504828, -31.1795349 ], [ -53.506208399999899, -31.182584099999897 ], [ -53.5075181, -31.1839249 ], [ -53.509276999999898, -31.186645499999905 ], [ -53.5131292, -31.189365 ], [ -53.515216699999897, -31.191480699999904 ], [ -53.5150148, -31.1987647 ], [ -53.5172994, -31.203455099999893 ], [ -53.520436399999902, -31.205844299999985 ], [ -53.526000699999898, -31.2067587 ], [ -53.527597899999897, -31.208415099999989 ], [ -53.5259919, -31.2110446 ], [ -53.5245252, -31.2153756 ], [ -53.5218601999999, -31.214832699999899 ], [ -53.5208549, -31.214828099999984 ], [ -53.520293, -31.215318399999912 ], [ -53.5200364, -31.21605879999991 ], [ -53.5203825, -31.217551 ], [ -53.5254156, -31.2236846 ], [ -53.526184199999904, -31.2252902 ], [ -53.5249808, -31.227729 ], [ -53.5244657, -31.2291521 ], [ -53.5246400999999, -31.229958199999896 ], [ -53.5260959, -31.232047899999891 ], [ -53.5276352, -31.237226 ], [ -53.5292403, -31.2393135 ], [ -53.530073899999898, -31.2420349 ], [ -53.529921699999903, -31.243105899999897 ], [ -53.5288427, -31.246030399999896 ], [ -53.529328899999904, -31.248328499999985 ], [ -53.5335284, -31.2516944 ], [ -53.5352106, -31.2518511 ], [ -53.5367677, -31.250940399999902 ], [ -53.537020599999899, -31.2501025 ], [ -53.535157899999902, -31.247592999999888 ], [ -53.5362024, -31.241174199999904 ], [ -53.535921599999902, -31.239776199999902 ], [ -53.536304, -31.2392689 ], [ -53.5385181, -31.2398694 ], [ -53.5447285, -31.242432199999897 ], [ -53.550238299999897, -31.24006419999991 ], [ -53.552333099999899, -31.237500199999896 ], [ -53.5487227, -31.233189 ], [ -53.548586, -31.2294853 ], [ -53.551452299999902, -31.2297388 ], [ -53.5551272, -31.232828 ], [ -53.5556235, -31.2342232 ], [ -53.5547799, -31.236831299999903 ], [ -53.5558105, -31.2377648 ], [ -53.5616727, -31.239669899999985 ], [ -53.563217699999903, -31.2415187 ], [ -53.558407799999898, -31.2437796 ], [ -53.5591168, -31.2459511 ], [ -53.559392699999897, -31.2475899 ], [ -53.5620398, -31.248607299999907 ], [ -53.5627124, -31.252091 ], [ -53.5655862999999, -31.255887 ], [ -53.567466099999898, -31.257849599999886 ], [ -53.567756099999897, -31.2584836999999 ], [ -53.568209399999901, -31.2594755 ], [ -53.567055599999897, -31.261759799999894 ], [ -53.5675931, -31.264769499999897 ], [ -53.568987999999898, -31.266050299999982 ], [ -53.571858899999903, -31.265995 ], [ -53.573610899999899, -31.267743299999893 ], [ -53.570935, -31.2701506 ], [ -53.569626399999898, -31.2702004 ], [ -53.568751, -31.271524999999894 ], [ -53.5687995, -31.2721701 ], [ -53.5702391, -31.2735665 ], [ -53.572828699999903, -31.2728518 ], [ -53.574323, -31.2726043 ], [ -53.5785134, -31.2743768 ], [ -53.5817029, -31.272863 ], [ -53.5848133, -31.271898099999891 ], [ -53.5860661, -31.273322699999891 ], [ -53.5844269, -31.2757111 ], [ -53.581930499999899, -31.2779244 ], [ -53.581920399999909, -31.2787810999999 ], [ -53.582919699999898, -31.2795934 ], [ -53.5851666, -31.2804277 ], [ -53.587620699999903, -31.2799757 ], [ -53.5880371, -31.2796099 ], [ -53.5895039, -31.280889 ], [ -53.5900611, -31.2812119 ], [ -53.5908815, -31.2811702999999 ], [ -53.5914102999999, -31.281539999999893 ], [ -53.5915204, -31.2822997 ], [ -53.5901896, -31.2825895 ], [ -53.5896372, -31.2835734999999 ], [ -53.5900497, -31.284089799999897 ], [ -53.591789999999897, -31.2843154 ], [ -53.5947959, -31.2828043 ], [ -53.596432, -31.279131499999895 ], [ -53.597408599999902, -31.2793735999999 ], [ -53.5984659, -31.2821557 ], [ -53.6015227, -31.2829697 ], [ -53.603330399999898, -31.2831557 ], [ -53.605601299999904, -31.284820399999898 ], [ -53.6049242, -31.286761 ], [ -53.603119999999898, -31.2874896 ], [ -53.604103199999905, -31.2889681 ], [ -53.604777399999897, -31.2957814 ], [ -53.607241799999898, -31.298991699999895 ], [ -53.6065814, -31.3004309 ], [ -53.603772999999897, -31.3013693 ], [ -53.6023119, -31.3013756 ], [ -53.601816799999902, -31.302194799999903 ], [ -53.6023883, -31.3064418 ], [ -53.605305299999898, -31.310499499999899 ], [ -53.6064929, -31.311617 ], [ -53.608754599999898, -31.3118800999999 ], [ -53.6121259, -31.310311 ], [ -53.6141119, -31.3117015 ], [ -53.6154243, -31.3139538 ], [ -53.6162441, -31.3138688 ], [ -53.616885, -31.312809199999901 ], [ -53.618748, -31.3129599 ], [ -53.619641699999903, -31.3148638 ], [ -53.6215495, -31.3161853 ], [ -53.623722799999904, -31.316522700000011 ], [ -53.6247021, -31.318078699999901 ], [ -53.62497710000001, -31.318923699999988 ], [ -53.6239245, -31.3204908 ], [ -53.6214074, -31.3220193 ], [ -53.6202096, -31.3238737 ], [ -53.6201804, -31.326181600000012 ], [ -53.6181111, -31.327366 ], [ -53.6170913999999, -31.3290531 ], [ -53.618531399999902, -31.330475199999988 ], [ -53.620590499999906, -31.3310748 ], [ -53.622927699999906, -31.3307182 ], [ -53.6235813, -31.331227899999888 ], [ -53.6242405, -31.332997500000012 ], [ -53.6252284, -31.333478399999901 ], [ -53.6271907, -31.332796 ], [ -53.629756799999903, -31.333027099999985 ], [ -53.6304956, -31.330038499999901 ], [ -53.631815399999901, -31.3291801 ], [ -53.632293699999899, -31.3291445 ], [ -53.636109, -31.329355599999911 ], [ -53.6410834, -31.334789999999899 ], [ -53.6468369, -31.335770099999898 ], [ -53.6495586, -31.3377158 ], [ -53.650794899999902, -31.338126799999898 ], [ -53.6531813, -31.335842399999901 ], [ -53.659946299999902, -31.3346303 ], [ -53.666649499999899, -31.332157799999909 ], [ -53.6727802999999, -31.330403999999898 ], [ -53.6744745, -31.3305761 ], [ -53.6767685, -31.3311158 ], [ -53.6842877, -31.3363899 ], [ -53.686245299999896, -31.3370269 ], [ -53.6886658, -31.336540399999901 ], [ -53.690423699999897, -31.335934099999985 ], [ -53.690829999999899, -31.335706 ], [ -53.693388399999897, -31.3335168 ], [ -53.700468, -31.3296563 ], [ -53.705858799999902, -31.3277504 ], [ -53.7083085, -31.327558399999909 ], [ -53.7124026, -31.3294463 ], [ -53.7190302, -31.326706599999987 ], [ -53.7206331, -31.3268255 ], [ -53.722001, -31.3275897 ], [ -53.725909199999897, -31.3269902 ], [ -53.732529499999899, -31.3284824 ], [ -53.73424030000001, -31.3283759 ], [ -53.740468899999904, -31.3291138 ], [ -53.7413827, -31.328469 ], [ -53.7435985, -31.325391599999897 ], [ -53.74637, -31.325070599999901 ], [ -53.7478841, -31.323451099999907 ], [ -53.748751399999897, -31.3200715 ], [ -53.751857, -31.3184785 ], [ -53.754551999999897, -31.3179496999999 ], [ -53.7584125, -31.3152396 ], [ -53.76175030000001, -31.3138695 ], [ -53.7652507, -31.3121912 ], [ -53.7644493, -31.3100188 ], [ -53.764227499999897, -31.3045797999999 ], [ -53.7627945999999, -31.302118599999989 ], [ -53.7612576, -31.3013879 ], [ -53.758068299999898, -31.2970058 ], [ -53.7566846, -31.293058200000015 ], [ -53.7521808, -31.285887499999891 ], [ -53.751245299999901, -31.2841811 ], [ -53.7478211, -31.2760842 ], [ -53.7474778, -31.2740939 ], [ -53.746860399999903, -31.262671699999892 ], [ -53.744938299999902, -31.2558764 ], [ -53.7400494, -31.2499915 ], [ -53.7336263, -31.238860399999989 ], [ -53.733761399999899, -31.2387547 ], [ -53.7365887, -31.236541299999896 ], [ -53.7382684, -31.234927599999892 ], [ -53.739388899999902, -31.2343599 ], [ -53.7401879, -31.2342614 ], [ -53.7435199, -31.235275499999904 ], [ -53.7442596, -31.235397799999895 ], [ -53.748779699999901, -31.2337075 ], [ -53.755356999999897, -31.2332286 ], [ -53.757938399999901, -31.232283799999905 ], [ -53.766625599999898, -31.232061799999897 ], [ -53.7746718, -31.232187 ], [ -53.7898489, -31.237148999999899 ], [ -53.8167437, -31.2431915 ], [ -53.8195813, -31.243672699999902 ], [ -53.8240949, -31.243268499999886 ], [ -53.8265309, -31.242375299999896 ], [ -53.8309429, -31.2388736 ], [ -53.835452, -31.2330684 ], [ -53.8387311, -31.2293240999999 ], [ -53.844938899999903, -31.2264483 ], [ -53.849189, -31.2248741 ], [ -53.852948899999902, -31.222545099999902 ], [ -53.8563397, -31.221268199999894 ], [ -53.8619818, -31.220590699999907 ], [ -53.876229099999897, -31.2267618 ], [ -53.8778417, -31.2272125 ], [ -53.8842294, -31.2280392 ], [ -53.893117, -31.2282931 ], [ -53.8985642, -31.227404599999893 ], [ -53.903545999999899, -31.227934199999904 ], [ -53.906010099999904, -31.2293169 ], [ -53.9095897, -31.2309772 ], [ -53.9110234, -31.232135399999901 ], [ -53.9147695999999, -31.2355752 ], [ -53.9234873, -31.2392037 ], [ -53.9310942, -31.2468302 ], [ -53.931100399999899, -31.248395899999895 ], [ -53.9367971, -31.2476629 ], [ -53.939135399999898, -31.248706599999906 ], [ -53.941861199999906, -31.251234199999896 ], [ -53.9472787999999, -31.2523252 ], [ -53.9533302, -31.250107899999897 ], [ -53.9558067, -31.2501286 ], [ -53.9580321, -31.250666 ], [ -53.9619249, -31.2532692 ], [ -53.9627318, -31.2542859 ], [ -53.9648607, -31.255095599999901 ], [ -53.9686277, -31.2547484 ], [ -53.9770301, -31.258249599999896 ], [ -53.9823317, -31.260740699999893 ], [ -53.9842151, -31.2619721 ], [ -53.988742, -31.2661836 ], [ -53.9918507, -31.2698502 ], [ -53.995262, -31.2752105 ], [ -53.996648, -31.2786523 ], [ -53.996313, -31.279770599999885 ], [ -53.996430599999897, -31.280296399999902 ], [ -53.9939562, -31.28415660000001 ], [ -53.9955408, -31.2863627 ], [ -53.996239, -31.291415300000011 ], [ -53.996631799999903, -31.292789 ], [ -53.9977953, -31.300146799999897 ], [ -54.0000946, -31.300745699999908 ], [ -54.004826599999902, -31.3007438 ], [ -54.008408599999903, -31.3027865 ], [ -54.0091649, -31.3033655 ], [ -54.008898299999899, -31.305329899999908 ], [ -54.009296499999898, -31.3062778 ], [ -54.0125628, -31.310051999999899 ], [ -54.013022, -31.3108303 ], [ -54.0122795, -31.312540399999893 ], [ -54.0115789, -31.3132332 ], [ -54.0126695, -31.314107 ], [ -53.9914952, -31.323076899999897 ], [ -53.9884713, -31.324508 ], [ -53.9793558, -31.329549499999903 ], [ -53.9677806, -31.33775 ], [ -53.954316999999897, -31.3460688 ], [ -53.954656, -31.3468968 ] ] ] } }
]
}
